# GeoNames cities (population >= 100k) + aliases. CC-BY 4.0, geonames.org
# match_name<TAB>display_name<TAB>lat<TAB>lon<TAB>population
'ajlun	‘Ajlūn	32.3333	35.7528	125557
'akra	'Ākra	36.7336	43.8804	105370
'ibri	‘Ibrī	23.2257	56.5157	163473
's-hertogenbosch	's-Hertogenbosch	51.6992	5.3042	160783
'ākra	'Ākra	36.7336	43.8804	105370
6th of october city	6th of October City	29.8167	31.05	368650
a coruna	A Coruña	43.3713	-8.396	250438
a coruña	A Coruña	43.3713	-8.396	250438
aachen	Aachen	50.7766	6.0834	265208
aalborg	Aalborg	57.048	9.9187	142937
aba	Aba	5.1066	7.3667	1160000
abadan	Abadan	30.3392	48.3043	231476
abaetetuba	Abaetetuba	-1.7181	-48.8825	158188
abakaliki	Abakaliki	6.3248	8.1137	134102
abakan	Abakan	53.7154	91.4259	184168
abbotsford	Abbotsford	49.058	-122.2526	141397
abbottabad	Abbottabad	34.1463	73.2117	275890
abeche	Abéché	13.8292	20.8324	139983
abengourou	Abengourou	6.7297	-3.4964	130810
abeokuta	Abeokuta	7.1557	3.3451	735000
aberdeen	Aberdeen	57.1437	-2.0981	198590
abha	Abha	18.2164	42.5053	210886
abidjan	Abidjan	5.3544	-4.0017	6321017
abiko	Abiko	35.8667	140.0167	131771
abilene	Abilene	32.4487	-99.7331	125182
abnub	Abnūb	27.2688	31.1523	111785
abnūb	Abnūb	27.2688	31.1523	111785
abobo	Abobo	5.4161	-4.0159	1340083
abohar	Abohar	30.1445	74.1955	145302
abomey	Abomey	7.1829	1.9912	117824
abomey-calavi	Abomey-Calavi	6.4485	2.3557	385755
abreu e lima	Abreu e Lima	-7.9117	-34.9028	104248
abu al-kahsib	Abū al-Kahṣīb	30.4431	47.878	357771
abu dhabi	Abu Dhabi	24.4512	54.397	1807000
abu gharaq	Abu Gharaq	32.5271	44.344	108212
abu ghurayb	Abū Ghurayb	33.3056	44.1848	900000
abu kabir	Abū Kabīr	30.7251	31.6715	154466
abu tij	Abū Tīj	27.0451	31.3184	105418
abuja	Abuja	9.0579	7.4951	2690000
abéché	Abéché	13.8292	20.8324	139983
abū al-kahṣīb	Abū al-Kahṣīb	30.4431	47.878	357771
abū ghurayb	Abū Ghurayb	33.3056	44.1848	900000
abū kabīr	Abū Kabīr	30.7251	31.6715	154466
abū tīj	Abū Tīj	27.0451	31.3184	105418
acailandia	Açailândia	-4.9467	-47.5047	110611
acapulco de juarez	Acapulco de Juárez	16.8494	-99.9089	658609
acapulco de juárez	Acapulco de Juárez	16.8494	-99.9089	658609
acarigua	Acarigua	9.5545	-69.1956	188278
accra	Accra	5.556	-0.1969	1963264
achalpur	Achalpur	21.2567	77.5101	112311
acheng	Acheng	45.5456	126.9519	144665
achinsk	Achinsk	56.2679	90.5015	117634
acilia-castel fusano-ostia antica	Acilia-Castel Fusano-Ostia Antica	41.7634	12.3308	129362
ad-damazin	Ad-Damazin	11.7891	34.3592	186051
ad-damir	Ad-Damir	17.599	33.9721	103941
ad-dawahy	Aḍ-Ḍawāḥy	31.2441	32.2773	148624
adachi	Adachi	35.7632	139.8076	695043
adana	Adana	36.9862	35.3253	1816750
adapazari	Adapazarı	40.7806	30.4033	286787
adapazarı	Adapazarı	40.7806	30.4033	286787
addis ababa	Addis Ababa	9.025	38.7469	3860000
adelaide	Adelaide	-34.9287	138.5986	1469163
aden	Aden	12.7796	45.0385	1079670
adigrat	Ādīgrat	14.277	39.462	121800
adilabad	Ādilābād	19.672	78.5359	118526
adiwerna	Adiwerna	-6.9375	109.1325	134188
adiyaman	Adıyaman	37.7644	38.2763	290883
admiralteisky	Admiralteisky	59.923	30.3	157897
ado-ekiti	Ado-Ekiti	7.6233	5.2209	435000
adoni	Adoni	15.6279	77.275	184625
adıyaman	Adıyaman	37.7644	38.2763	290883
afyonkarahisar	Afyonkarahisar	38.7567	30.5433	251799
agadez	Agadez	16.9733	7.9911	149549
agadir	Agadir	30.4202	-9.5982	698310
agartala	Agartala	23.8361	91.2794	400004
agege	Agege	6.6156	3.3334	683600
ageo	Ageo	35.9714	139.6138	226940
agra	Agra	27.1833	78.0167	1430055
agri	Ağrı	39.7147	43.0401	124483
aguas claras	Águas Claras	-15.8397	-48.0267	128486
aguas lindas de goias	Águas Lindas de Goiás	-15.7619	-48.2817	245352
aguascalientes	Aguascalientes	21.8826	-102.2843	722250
ahar	Ahar	38.4774	47.0699	100641
ahilyanagar	Ahilyanagar	19.0946	74.7384	367140
ahmadpur east	Ahmadpur East	29.1427	71.2577	196718
ahmedabad	Ahmedabad	23.0258	72.5873	6357693
ahuntsic-cartierville	Ahuntsic-Cartierville	45.5667	-73.6667	135336
ahvaz	Ahvaz	31.319	48.6842	841145
aihara	Aihara	35.6	139.3167	725493
aihui	Aihui	49.9795	127.4812	192764
ain beida	Aïn Beïda	35.7964	7.3928	116064
airoli	Airoli	19.151	72.9963	100000
ait melloul	Ait Melloul	30.3416	-9.5036	187652
aix-en-provence	Aix-en-Provence	43.5283	5.4497	146821
aizawl	Aizawl	23.7289	92.7179	293416
aizu-wakamatsu	Aizu-Wakamatsu	37.4914	139.9455	118159
ajapnyak	Ajapnyak	40.1992	44.4706	122800
ajax	Ajax	43.8501	-79.0329	119677
ajdabiya	Ajdabiya	30.7554	20.2263	131773
ajegunle	Ajegunle	6.452	3.3312	550000
ajman	Ajman	25.4018	55.4788	490035
ajmer	Ajmer	26.4521	74.6387	542321
akademicheskoe	Akademicheskoe	60.0138	30.3947	103304
akashi	Akashi	34.6552	135.0069	303601
akhmim	Akhmīm	26.5622	31.7457	151430
akhmīm	Akhmīm	26.5622	31.7457	151430
akishima	Akishima	35.7208	139.38	113949
akita	Akita	39.7167	140.1167	307672
akola	Akola	20.7096	76.9981	428857
akowonjo	Akowonjo	6.6101	3.3097	308900
akron	Akron	41.0814	-81.519	197542
aksaray	Aksaray	38.3725	34.0254	327575
aktau	Aktau	43.6611	51.1739	147443
aktobe	Aktobe	50.2797	57.2072	500757
akure	Akure	7.2526	5.1931	730000
al 'amarah	Al ‘Amārah	31.8356	47.1448	323302
al 'ashir min ramadan	Al ‘Āshir min Ramaḑān	30.2964	31.7463	246148
al ahmadi	Al Aḩmadī	29.0769	48.0839	637411
al ain city	Al Ain City	24.1917	55.7606	846747
al ajaylat	Al Ajaylat	32.7572	12.3763	130546
al aḩmadī	Al Aḩmadī	29.0769	48.0839	637411
al bab	Al Bāb	36.3705	37.5157	130745
al bayda'	Al Bayḑā’	32.7627	21.7551	129439
al bayḑā’	Al Bayḑā’	32.7627	21.7551	129439
al bāb	Al Bāb	36.3705	37.5157	130745
al diwaniyah	Al Diwaniyah	31.9929	44.9255	318801
al fallujah	Al Fallūjah	33.3491	43.786	190159
al fallūjah	Al Fallūjah	33.3491	43.786	190159
al fashn	Al Fashn	28.8231	30.899	112999
al faw	Al Fāw	29.9742	48.4731	104569
al fayyum	Al Fayyum	29.31	30.8418	519047
al fqih ben calah	Al Fqih Ben Çalah	32.5021	-6.6877	111402
al fqih ben çalah	Al Fqih Ben Çalah	32.5021	-6.6877	111402
al fāw	Al Fāw	29.9742	48.4731	104569
al hasakah	Al Ḩasakah	36.5024	40.7477	422445
al hawamidiyah	Al Ḩawāmidīyah	29.9	31.25	155055
al hillah	Al Hillah	32.4637	44.4196	455700
al hindiyah	Al Hindīyah	32.5419	44.2247	139578
al hindīyah	Al Hindīyah	32.5419	44.2247	139578
al hoceima	Al Hoceïma	35.2516	-3.9372	395644
al hoceïma	Al Hoceïma	35.2516	-3.9372	395644
al hudaydah	Al Ḩudaydah	14.7978	42.9545	734699
al hufuf	Al Hufūf	25.3647	49.5876	293179
al hufūf	Al Hufūf	25.3647	49.5876	293179
al jadid	Al Jadīd	27.05	14.4	126386
al jadīd	Al Jadīd	27.05	14.4	126386
al jubayl	Al Jubayl	27.0174	49.6225	237274
al jumayl	Al Jumayl	32.8529	12.0612	102000
al kharj	Al Kharj	24.1554	47.3346	425300
al khums	Al Khums	32.6486	14.2619	201943
al khusus	Al Khuşūş	30.1529	31.315	488904
al khuşūş	Al Khuşūş	30.1529	31.315	488904
al madinah	Al Madīnah	30.9632	47.27	255000
al madīnah	Al Madīnah	30.9632	47.27	255000
al mahallah al kubra	Al Maḩallah al Kubrá	30.9706	31.1669	592573
al mahmudiyah	Al Maḩmūdīyah	33.0622	44.3656	350000
al majaz	Al Majaz	25.3235	55.3877	116503
al manaqil	Al Manāqil	14.2459	32.9891	128297
al mansurah	Al Mansurah	31.0364	31.3807	621953
al manzalah	Al Manzalah	31.1582	31.936	127394
al manāqil	Al Manāqil	14.2459	32.9891	128297
al matariyah	Al Maţarīyah	31.1829	32.0311	162045
al mawsil al jadidah	Al Mawşil al Jadīdah	36.3327	43.1056	2065597
al mawşil al jadīdah	Al Mawşil al Jadīdah	36.3327	43.1056	2065597
al maţarīyah	Al Maţarīyah	31.1829	32.0311	162045
al maḩallah al kubrá	Al Maḩallah al Kubrá	30.9706	31.1669	592573
al maḩmūdīyah	Al Maḩmūdīyah	33.0622	44.3656	350000
al miqdadiyah	Al Miqdādīyah	33.9786	44.9369	155968
al miqdādīyah	Al Miqdādīyah	33.9786	44.9369	155968
al mubarraz	Al Mubarraz	25.4077	49.5903	290802
al muharraq	Al Muharraq	26.2572	50.6119	176583
al qadarif	Al Qadarif	14.0349	35.3834	363945
al qahirah al jadidah	Al Qāhirah al Jadīdah	30.0421	31.4445	313139
al qamishli	Al Qāmishlī	37.0521	41.2314	184231
al qurnah	Al Qurnah	31.0155	47.4336	134174
al qāhirah al jadīdah	Al Qāhirah al Jadīdah	30.0421	31.4445	313139
al qāmishlī	Al Qāmishlī	37.0521	41.2314	184231
al ḩasakah	Al Ḩasakah	36.5024	40.7477	422445
al ḩawāmidīyah	Al Ḩawāmidīyah	29.9	31.25	155055
al ḩudaydah	Al Ḩudaydah	14.7978	42.9545	734699
al ‘amārah	Al ‘Amārah	31.8356	47.1448	323302
al ‘āshir min ramaḑān	Al ‘Āshir min Ramaḑān	30.2964	31.7463	246148
al'met'yevsk	Al’met’yevsk	54.904	52.3179	140437
al-'ubur	Al-'Ubūr	30.2289	31.4815	138987
al-'ubūr	Al-'Ubūr	30.2289	31.4815	138987
al-junaynah	Al-Junaynah	13.4526	22.4473	162981
al-kut	Al-Kut	32.5128	45.8182	315162
al-musayab	Al-Musayab	32.7787	44.2901	101873
ala'er	Ālā'ĕr	40.5418	81.2657	126259
alagoinhas	Alagoinhas	-12.1356	-38.4192	161196
alamar	Alamar	23.1579	-82.2784	100000
alandur	Alandur	13.0025	80.2061	164430
alanya	Alanya	36.5438	31.9998	364180
alappuzha	Alappuzha	9.49	76.3264	240991
alasia	Alasia	6.4749	3.1691	100000
albacete	Albacete	38.9942	-1.8564	173050
albany	Albany	42.6526	-73.7562	101228
alberton	Alberton	-26.2679	28.1223	121536
albuquerque	Albuquerque	35.0845	-106.6511	564559
alcala de henares	Alcalá de Henares	40.4821	-3.36	193751
alcalá de henares	Alcalá de Henares	40.4821	-3.36	193751
alchevsk	Alchevsk	48.4691	38.7974	106062
alcobendas	Alcobendas	40.5475	-3.642	116037
alcorcon	Alcorcón	40.3458	-3.8249	172384
alcorcón	Alcorcón	40.3458	-3.8249	172384
aleppo	Aleppo	36.2012	37.1612	2098210
alexandra	Alexandra	-26.1053	28.0988	179624
alexandria	Alexandria	31.2018	29.9158	5263542
aley	Aley	33.8053	35.6	130000
algeciras	Algeciras	36.1333	-5.4505	121414
algiers	Algiers	36.7323	3.0875	2364230
alhambra	Alhambra	33.4984	-112.1343	127764
aliayabiagba	Aliayabiagba	6.45	3.3333	228000
alicante	Alicante	38.3452	-0.4815	348901
aligarh	Alīgarh	27.8815	78.0746	753207
alimosho	Alimosho	6.6066	3.3024	308290
allentown	Allentown	40.6084	-75.4902	120207
almaty	Almaty	43.2525	76.9115	1977011
almendares	Almendares	23.1101	-82.4232	240000
almere stad	Almere Stad	52.3702	5.2141	176432
almeria	Almería	36.8381	-2.4597	196851
almería	Almería	36.8381	-2.4597	196851
almirante tamandare	Almirante Tamandaré	-25.3247	-49.31	119825
almirante tamandaré	Almirante Tamandaré	-25.3247	-49.31	119825
alor setar	Alor Setar	6.121	100.3601	417800
altamira	Altamira	-3.2033	-52.2064	138749
alto barinas	Alto Barinas	8.5931	-70.2261	284289
alto hospicio	Alto Hospicio	-20.2687	-70.1049	142086
altona	Altona	53.55	9.9333	250192
alvaro obregon	Álvaro Obregón	19.3587	-99.2033	726664
alvorada	Alvorada	-30.0002	-51.0763	187315
alwar	Alwar	27.5625	76.625	322568
alīgarh	Alīgarh	27.8815	78.0746	753207
al’met’yevsk	Al’met’yevsk	54.904	52.3179	140437
amadora	Amadora	38.7538	-9.2308	178858
amagasaki	Amagasaki	34.7167	135.4167	459593
amaigbo	Amaigbo	5.7892	7.8383	127300
amanfrom	Amanfrom	5.5353	-0.3983	119467
amarapura	Amarapura	21.9071	96.0489	237618
amaravati	Amaravati	16.514	80.516	103000
amarillo	Amarillo	35.222	-101.8313	198645
amasya	Amasya	40.6533	35.8331	114921
ambala	Ambāla	30.361	76.7978	195153
ambala sadar	Ambala Sadar	30.3354	76.8627	104974
ambarnath	Ambarnath	19.2	73.1667	253475
ambato	Ambato	-1.2491	-78.6167	387309
ambattur	Ambattur	13.0982	80.1615	466205
ambikapur	Ambikāpur	23.1189	83.1954	121071
ambikāpur	Ambikāpur	23.1189	83.1954	121071
ambon	Ambon	-3.6958	128.1833	347288
ambur	Ambur	12.7916	78.7164	114608
ambāla	Ambāla	30.361	76.7978	195153
americana	Americana	-22.7392	-47.3314	246655
amersfoort	Amersfoort	52.155	5.3875	139914
amherst	Amherst	42.9784	-78.7998	122366
amiens	Amiens	49.9	2.3	143086
amman	Amman	31.9552	35.945	1275857
amol	Āmol	36.4696	52.3507	237528
ampang	Ampang	3.15	101.7667	126285
amravati	Amravati	20.9333	77.75	647057
amreli	Amreli	21.5998	71.2117	117967
amritsar	Amritsar	31.6223	74.8753	1159227
amroha	Amroha	28.9031	78.4698	176253
amsterdam	Amsterdam	52.374	4.8897	741636
amsterdam nieuw-west	Amsterdam Nieuw-West	52.3565	4.8064	151677
amsterdam-oost	Amsterdam-Oost	52.3521	4.9335	135767
amsterdam-west	Amsterdam-West	52.3776	4.866	143842
amsterdam-zuid	Amsterdam-Zuid	52.3469	4.8768	144432
an nhon	An Nhơn	13.8858	109.1082	308396
an nhơn	An Nhơn	13.8858	109.1082	308396
an nu'maniyah	An Nu‘mānīyah	32.5562	45.4129	110000
an nuhud	An Nuhūd	12.7	28.4333	108008
an nuhūd	An Nuhūd	12.7	28.4333	108008
an nu‘mānīyah	An Nu‘mānīyah	32.5562	45.4129	110000
anaco	Anaco	9.4296	-64.4643	139397
anaheim	Anaheim	33.8353	-117.9145	350742
anand	Anand	22.5525	72.9552	209410
ananindeua	Ananindeua	-1.3656	-48.3722	535547
anantapur	Anantapur	14.6778	77.6081	267161
anantnag	Anantnag	33.7307	75.1542	150592
anapolis	Anápolis	-16.3267	-48.9528	319587
anbu	Anbu	23.4489	116.6809	162964
anchorage	Anchorage	61.2181	-149.9003	289600
anda	Anda	46.4487	125.3016	181271
anderlecht	Anderlecht	50.8362	4.3145	160553
andijon	Andijon	40.7834	72.3507	747800
andimeshk	Andīmeshk	32.4615	48.3537	135116
andisheh	Andīsheh	35.7471	51.2774	116062
andong	Andong	36.5664	128.7227	153348
andīmeshk	Andīmeshk	32.4615	48.3537	135116
andīsheh	Andīsheh	35.7471	51.2774	116062
ang mo kio new town	Ang Mo Kio New Town	1.3803	103.8397	159340
angarsk	Angarsk	52.5597	103.9141	243158
angeles city	Angeles City	15.15	120.5833	483452
angers	Angers	47.4716	-0.552	168279
angoche	Angoche	-16.2325	39.9086	104540
angono	Angono	14.5266	121.1536	134975
angra dos reis	Angra dos Reis	-23.0067	-44.3181	179120
angren	Angren	41.0167	70.1436	191300
anjo	Anjō	34.9583	137.0805	188693
anjō	Anjō	34.9583	137.0805	188693
ankang	Ankang	32.68	109.0172	870126
ankara	Ankara	39.9199	32.8543	3517182
anliu	Anliu	23.6982	115.6795	115560
ann	Ann	19.7954	94.0479	119714
ann arbor	Ann Arbor	42.2776	-83.7409	117070
annaba	Annaba	36.9	7.7667	342703
anning	Anning	24.9227	102.485	106795
anqing	Anqing	30.5136	117.0472	804493
anqiu	Anqiu	36.4342	119.1925	962000
ansan-si	Ansan-si	37.3236	126.8219	623256
anshan	Anshan	41.1236	122.99	3325372
anshun	Anshun	26.25	105.9333	765313
antakya	Antakya	36.2066	36.1572	399045
antalya	Antalya	36.9081	30.6956	1335002
antananarivo	Antananarivo	-18.9137	47.5361	1349501
antioch	Antioch	38.0049	-121.8058	110542
antipolo	Antipolo	14.6258	121.1225	913712
antofagasta	Antofagasta	-23.6509	-70.3975	401096
antsirabe	Antsirabe	-19.8659	47.0333	260907
antsiranana	Antsiranana	-12.3173	49.2919	136959
antwerp	Antwerp	51.2205	4.4003	529247
anyama	Anyama	5.4946	-4.0518	133905
anyang	Anyang	36.096	114.3828	1146839
anyang-si	Anyang-si	37.3925	126.9269	595644
anápolis	Anápolis	-16.3267	-48.9528	319587
aomori	Aomori	40.8167	140.7333	298394
apalit	Apalit	14.9533	120.77	121057
aparecida de goiania	Aparecida de Goiânia	-16.8233	-49.2439	527796
aparecida de goiânia	Aparecida de Goiânia	-16.8233	-49.2439	527796
apatzingan	Apatzingán	19.0886	-102.357	102362
apatzingán	Apatzingán	19.0886	-102.357	102362
apeldoorn	Apeldoorn	52.21	5.9694	136670
apopa	Apopa	13.8072	-89.1792	112158
apucarana	Apucarana	-23.5508	-51.4608	134910
aqsu	Aqsu	41.1842	80.2792	535657
ar ramtha	Ar Ramthā	32.5587	36.0082	155693
ar ramthā	Ar Ramthā	32.5587	36.0082	155693
ar raqqah	Ar Raqqah	35.9528	39.0079	531952
ar rayyan	Ar Rayyān	25.2919	51.4244	272465
ar rayyān	Ar Rayyān	25.2919	51.4244	272465
ar rifa'	Ar Rifā‘	26.13	50.555	115495
ar rifā‘	Ar Rifā‘	26.13	50.555	115495
arabi	Ārabī	9.9628	42.4928	148933
arabkir	Arabkir	40.2062	44.5037	119300
aracaju	Aracaju	-10.9111	-37.0717	664908
aracatuba	Araçatuba	-21.2089	-50.4328	208415
arad	Arad	46.1833	21.3167	169065
araguaina	Araguaína	-7.1911	-48.2072	183024
araguari	Araguari	-18.6472	-48.1872	117808
araguaína	Araguaína	-7.1911	-48.2072	183024
arak	Arāk	34.0949	49.6981	503647
arakawa	Arakawa	35.7383	139.7805	216900
arapiraca	Arapiraca	-9.7525	-36.6611	243906
arapongas	Arapongas	-23.4194	-51.4244	124838
arar	Arar	30.9753	41.0381	148540
araraquara	Araraquara	-21.7944	-48.1756	168468
araras	Araras	-22.3569	-47.3842	135744
araruama	Araruama	-22.8728	-42.3431	137906
araucaria	Araucária	-25.5931	-49.4103	162247
araucária	Araucária	-25.5931	-49.4103	162247
araure	Araure	9.5814	-69.2385	181820
araxa	Araxá	-19.5933	-46.9406	118786
araxá	Araxá	-19.5933	-46.9406	118786
araçatuba	Araçatuba	-21.2089	-50.4328	208415
arba minch	Arba Minch	6.0333	37.55	201000
arcahaie	Arcahaie	18.7702	-72.5123	130306
archway	Archway	51.5673	-0.1341	215667
ardabil	Ardabīl	38.2498	48.2933	410753
ardabīl	Ardabīl	38.2498	48.2933	410753
arequipa	Arequipa	-16.399	-71.5375	1195700
arezzo	Arezzo	43.4628	11.8807	100734
arganzuela	Arganzuela	40.4002	-3.6962	148797
argenteuil	Argenteuil	48.9479	2.2474	101475
arhus	Århus	56.1567	10.2108	285273
arica	Arica	-18.4755	-70.3006	241653
arif wala	Arif Wala	26.3248	66.2959	157063
arifwala	Arifwala	30.2906	73.0657	854462
arish	Arīsh	31.1316	33.7984	199243
arjawinangun	Arjawinangun	-6.6453	108.4103	105845
arkhangel'sk	Arkhangel’sk	64.5461	40.5518	349742
arkhangel’sk	Arkhangel’sk	64.5461	40.5518	349742
arlington	Arlington	32.7357	-97.1081	388125
arlit	Arlit	18.7369	7.3853	106448
armavir	Armavir	44.9985	41.1147	199548
armenia	Armenia	4.5366	-75.6726	304314
arnavutkoey	Arnavutköy	41.1835	28.7402	198165
arnavutköy	Arnavutköy	41.1835	28.7402	198165
arnhem	Arnhem	51.98	5.9111	162424
arrah	Arrah	25.5563	84.6633	261430
arroyo naranjo	Arroyo Naranjo	23.0381	-82.377	210053
arsuz	Arsuz	36.413	35.8903	109550
artem	Artëm	43.3576	132.1914	102300
artur alvim	Artur Alvim	-23.5402	-46.4858	104864
artux	Artux	39.7084	76.1797	285000
artëm	Artëm	43.3576	132.1914	102300
arusha	Arusha	-3.3667	36.6833	617631
arvada	Arvada	39.8028	-105.0875	115368
aryanah	Aryanah	36.8601	10.1934	114486
arzamas	Arzamas	55.3956	43.8381	109479
arāk	Arāk	34.0949	49.6981	503647
arīsh	Arīsh	31.1316	33.7984	199243
as salimiyah	As Sālimīyah	29.3339	48.0761	147649
as salt	As Salţ	32.0392	35.7272	107874
as salţ	As Salţ	32.0392	35.7272	107874
as samawah	As Samawah	31.332	45.2944	152890
as sinbillawayn	As Sinbillāwayn	30.8825	31.4627	124020
as sinbillāwayn	As Sinbillāwayn	30.8825	31.4627	124020
as suwayq	As Suwayq	23.8494	57.4386	107143
as sālimīyah	As Sālimīyah	29.3339	48.0761	147649
asahikawa	Asahikawa	43.7706	142.3649	333530
asaka	Asaka	35.8047	139.6019	141083
asansol	Āsansol	23.6833	86.9833	504271
asela	Āsela	7.95	39.1333	139500
ash sharqat	Ash Sharqāt	35.5172	43.2281	160000
ash sharqāt	Ash Sharqāt	35.5172	43.2281	160000
ash shatrah	Ash Shaţrah	31.4091	46.1727	182175
ash shaţrah	Ash Shaţrah	31.4091	46.1727	182175
ashaiman	Ashaiman	5.6995	-0.0348	190972
ashdod	Ashdod	31.7921	34.6497	226838
ashgabat	Ashgabat	37.95	58.3833	1030063
ashikaga	Ashikaga	36.3333	139.45	144746
ashkelon	Ashkelon	31.6693	34.5715	144073
ashmun	Ashmūn	30.2974	30.9764	124483
ashmūn	Ashmūn	30.2974	30.9764	124483
ashoknagar kalyangarh	Ashoknagar Kalyangarh	22.8642	88.637	111475
ashuganj city	Ashuganj City	24.0402	91.0117	210356
asmara	Asmara	15.3381	38.9318	563930
assis	Assis	-22.6617	-50.4122	104858
assiut	Assiut	27.181	31.1837	528669
astana	Astana	51.1801	71.446	1544142
astanajapura	Astanajapura	-6.8017	108.6311	148047
astoria	Astoria	40.7721	-73.9301	150165
astrakhan	Astrakhan	46.3497	48.0408	533925
asuncion	Asunción	-25.2865	-57.647	1482200
asunción	Asunción	-25.2865	-57.647	1482200
aswan	Aswān	24.0908	32.8994	379774
aswān	Aswān	24.0908	32.8994	379774
atani	Atani	6.0128	6.7477	230000
atasehir	Ataşehir	40.9833	29.1167	361615
ataşehir	Ataşehir	40.9833	29.1167	361615
atbara	Atbara	17.7022	33.9864	112021
athens	Athens	37.9838	23.7278	664046
athlone	Athlone	-33.9672	18.5021	237414
atibaia	Atibaia	-23.1169	-46.5503	158647
atlanta	Atlanta	33.749	-84.388	510823
atsiaman	Atsiaman	5.6978	-0.3282	202932
atsugi	Atsugi	35.4427	139.3693	223960
attock city	Attock City	33.7667	72.3598	141945
atyrau	Atyrau	47.1048	51.8843	290700
auckland	Auckland	-36.8485	174.7635	1547200
augsburg	Augsburg	48.3715	10.8985	301105
aurangabad	Aurangabad	19.8776	75.3423	1175116
aurangābād	Aurangābād	24.752	84.3742	102244
aurora	Aurora	39.7294	-104.8319	359407
austin	Austin	30.2672	-97.7431	974447
avadi	Avadi	13.1147	80.1098	345996
avellaneda	Avellaneda	-34.6602	-58.3674	367554
avtozavodskyi	Avtozavodskyi	49.0975	33.4321	157382
awasa	Awasa	7.0621	38.4763	422200
awka	Awka	6.2127	7.072	167738
ayacucho	Ayacucho	-13.1638	-74.2234	140033
aydin	Aydın	37.845	27.8396	163022
aydın	Aydın	37.845	27.8396	163022
az zawiyah	Az Zāwīyah	32.7571	12.7276	200000
az zubayr	Az Zubayr	30.3921	47.7017	122676
az zulfi	Az Zulfī	26.2995	44.8154	125000
az zulfī	Az Zulfī	26.2995	44.8154	125000
az zāwīyah	Az Zāwīyah	32.7571	12.7276	200000
az-zuhur	Az-Zuhūr	31.265	32.264	266381
az-zuhūr	Az-Zuhūr	31.265	32.264	266381
azamgarh	Azamgarh	26.0683	83.1836	116644
azare	Azare	11.6748	10.1907	105687
azcapotzalco	Azcapotzalco	19.487	-99.1859	414711
açailândia	Açailândia	-4.9467	-47.5047	110611
aïn beïda	Aïn Beïda	35.7964	7.3928	116064
ağrı	Ağrı	39.7147	43.0401	124483
aḍ-ḍawāḥy	Aḍ-Ḍawāḥy	31.2441	32.2773	148624
ba dinh	Ba Dinh	21.0365	105.8268	221893
ba gjon	Ba Đồn	17.7535	106.4236	106413
ba vi	Ba Vì	21.0833	105.3833	282600
ba vì	Ba Vì	21.0833	105.3833	282600
ba đồn	Ba Đồn	17.7535	106.4236	106413
bab ezzouar	Bab Ezzouar	36.7261	3.1829	275630
babol	Bābol	36.551	52.6786	202796
bac giang	Bắc Giang	21.2731	106.1946	450000
bac lieu	Bạc Liêu	9.2941	105.7278	156110
bac ninh	Bắc Ninh	21.1861	106.0763	287658
bac quang	Bắc Quang	22.4833	104.8667	118690
bac tu liem	Bắc Từ Liêm	21.0653	105.7466	340605
bacabal	Bacabal	-4.2325	-44.7816	107755
bacau	Bacău	46.5672	26.9138	136087
bachuan	Bachuan	29.8486	106.0505	208520
bacolod city	Bacolod City	10.6667	122.95	454898
bacoor	Bacoor	14.459	120.9385	356974
bacău	Bacău	46.5672	26.9138	136087
badajoz	Badajoz	38.8779	-6.9706	150530
badalona	Badalona	41.45	2.2474	217741
bade	Bade	24.9298	121.2837	209148
badin	Badin	24.656	68.837	117455
badlapur	Badlapur	19.1552	73.2655	174226
bafoussam	Bafoussam	5.4778	10.4176	373268
bagaha	Bagaha	27.0992	84.09	112634
bagalkot	Bagalkot	16.1867	75.6961	111933
bagcilar	Bağcılar	41.039	28.8567	740069
bage	Bagé	-31.3314	-54.1069	121335
bagerhat	Bagerhat	22.6566	89.7912	266388
baghdad	Baghdad	33.3406	44.4009	7216000
baghlan	Baghlān	36.1307	68.7083	108449
baghlān	Baghlān	36.1307	68.7083	108449
bago	Bago	17.3352	96.4814	244376
bago city	Bago City	10.5333	122.8333	192993
bagong silang	Bagong Silang	14.7783	121.0449	261729
bagong silangan	Bagong Silangan	14.706	121.108	106886
bagram	Bagrām	34.9669	69.265	113173
bagrām	Bagrām	34.9669	69.265	113173
baguio	Baguio	16.4164	120.5931	272714
bagé	Bagé	-31.3314	-54.1069	121335
bahadurgarh	Bahadurgarh	28.6929	76.9356	170767
baharampur	Baharampur	24.1047	88.2515	180547
baharestan	Bahārestān	32.4881	51.7731	106433
baharkah	Baḥarkah	36.3156	44.0353	130518
bahawalnagar	Bahawalnagar	29.9983	73.2527	241873
bahawalpur	Bahawalpur	29.3978	71.6752	903795
bahcelievler	Bahçelievler	41.0023	28.8598	576799
bahia blanca	Bahía Blanca	-38.7176	-62.2655	299101
bahir dar	Bahir Dar	11.5936	37.3908	350000
bahraigh	Bahraigh	27.5743	81.5947	182218
bahçelievler	Bahçelievler	41.0023	28.8598	576799
bahía blanca	Bahía Blanca	-38.7176	-62.2655	299101
bahārestān	Bahārestān	32.4881	51.7731	106433
baia farta	Baía Farta	-12.6042	13.1967	107841
baia mare	Baia Mare	47.6573	23.5681	108759
baicheng	Baicheng	45.6175	122.833	316970
baidoa	Baidoa	3.1138	43.6498	129839
baidyabati	Baidyabāti	22.785	88.3259	115504
baidyabāti	Baidyabāti	22.785	88.3259	115504
bairro da penha	Bairro da Penha	-23.3684	-46.311	117691
baise	Baise	23.8901	106.6268	686078
baisha	Baisha	29.0623	106.1189	115761
baishan	Baishan	41.9385	126.4197	183880
baiyin	Baiyin	36.547	104.1702	294400
bakersfield	Bakersfield	35.3733	-119.0187	373640
baku	Baku	40.3777	49.892	2351300
bakwa	Bakwa	4.1263	27.3953	100575
balakovo	Balakovo	52.0264	47.7967	199572
balashikha	Balashikha	55.7948	37.9479	150103
balasore	Balasore	21.4927	86.9335	144373
balbala	Balbala	11.5619	43.1067	554350
balcon de la lisa	Balcón de la Lisa	23.0535	-82.4476	147415
balcón de la lisa	Balcón de la Lisa	23.0535	-82.4476	147415
bali	Bāli	22.6486	88.3411	296973
balikesir	Balıkesir	39.6492	27.8861	238151
balikpapan	Balikpapan	-1.2675	116.8289	695287
baliuag	Baliuag	14.9547	120.8969	135679
balkh	Balkh	36.7563	66.8972	114883
ballarat	Ballarat	-37.5662	143.8496	111973
ballari	Ballari	15.142	76.924	410445
balneario camboriu	Balneário Camboriú	-26.9906	-48.6347	139155
balneário camboriú	Balneário Camboriú	-26.9906	-48.6347	139155
balombo	Balombo	-12.3543	14.7723	108965
balsas	Balsas	-7.5325	-46.0356	105974
balti	Bălţi	47.7629	27.9285	125000
baltimore	Baltimore	39.2904	-76.6122	585708
balurghat	Bālurghāt	25.221	88.7773	153279
balvanera	Balvanera	-34.6103	-58.3977	152198
balıkesir	Balıkesir	39.6492	27.8861	238151
bama	Bama	11.5213	13.6895	118121
bamako	Bamako	12.6091	-7.9752	4227569
bamenda	Bamenda	5.9597	10.146	420445
ban i chang	Ban I Chang	13.7106	99.8962	119858
ban khlong prawet	Ban Khlong Prawet	13.719	100.6815	160671
ban samae dam	Ban Samae Dam	13.5896	100.3873	125133
banan	Banan	29.3786	106.54	508703
banda	Bānda	25.4776	80.3349	152218
banda aceh	Banda Aceh	5.5417	95.3333	267962
bandar abbas	Bandar Abbas	27.1865	56.2808	352173
bandar bukit raja	Bandar Bukit Raja	3.0874	101.4334	146534
bandar lampung	Bandar Lampung	-5.4292	105.2611	1166066
bandar mahkota cheras	Bandar Mahkota Cheras	3.0542	101.7984	100000
bandar seri alam	Bandar Seri Alam	1.5043	103.8752	220000
bandar sunway	Bandar Sunway	3.0693	101.6074	200000
bandar tasik puteri	Bandar Tasik Puteri	3.2853	101.4741	150000
bandar utama	Bandar Utama	3.1482	101.6141	200000
bandar-e anzali	Bandar-e Anzalī	37.4732	49.4579	118564
bandar-e anzalī	Bandar-e Anzalī	37.4732	49.4579	118564
bandar-e mahshahr	Bandar-e Māhshahr	30.5566	49.1885	162797
bandar-e māhshahr	Bandar-e Māhshahr	30.5566	49.1885	162797
bandarban	Bāndarban	22.1953	92.2195	495272
bandirma	Bandırma	40.3522	27.9767	107631
bandundu province	Bandundu Province	-3.3169	17.3806	202904
bandung	Bandung	-6.9222	107.6069	2528163
bandırma	Bandırma	40.3522	27.9767	107631
baneh	Bāneh	35.9975	45.8853	110218
banfora	Banfora	10.6406	-4.7528	117452
bang bon	Bang Bon	13.6618	100.3957	105161
bang kapi	Bang Kapi	13.7653	100.647	147800
bang khae	Bang Khae	13.693	100.4076	193002
bang khun thian	Bang Khun Thian	13.663	100.4342	165491
bang sue	Bang Sue	13.8109	100.5306	125440
bangaon	Bangaon	23.0455	88.8308	111693
bangkok	Bangkok	13.754	100.5014	5104476
bangkok noi	Bangkok Noi	13.7627	100.478	117793
bangui	Bangui	4.3612	18.555	812407
banha	Banhā	30.4598	31.1842	182254
banhā	Banhā	30.4598	31.1842	182254
bani mazar	Banī Mazār	28.4946	30.8053	115759
bani suwayf	Banī Suwayf	29.0744	31.0979	273151
banja luka	Banja Luka	44.7788	17.2063	221106
banjar	Banjar	-7.1955	107.4313	209791
banjaran	Banjaran	-7.0453	107.5878	164952
banjarbaru	Banjarbaru	-3.4406	114.8365	293332
banjarmasin	Banjarmasin	-3.3199	114.5907	657663
bankura	Bānkura	23.2324	87.0716	133966
bannu	Bannu	32.9853	70.604	1357890
banqiao	Banqiao	25.0143	121.4672	551221
bansbaria	Bānsbāria	22.9539	88.401	108474
banswara	Bānswāra	23.5411	74.4425	101017
banyuwangi	Banyuwangi	-8.2325	114.3576	117558
banī mazār	Banī Mazār	28.4946	30.8053	115759
banī suwayf	Banī Suwayf	29.0744	31.0979	273151
bao loc	Bảo Lộc	11.548	107.8077	170920
bao'an	Bao'an	22.5521	113.8829	4476554
bao'an centre	Bao'an Centre	22.5795	113.9163	120170
baoding	Baoding	38.8729	115.4625	2739887
baoji	Baoji	34.3678	107.237	1437802
baoshan	Baoshan	31.4084	121.4896	2265900
baotou	Baotou	40.6516	109.8439	2761700
baqubah	Baqubah	33.754	44.6052	152550
barakaldo	Barakaldo	43.2964	-2.9881	100435
baraki	Baraki	36.6666	3.0961	105402
barakpur	Bārākpur	22.766	88.3634	148174
baran	Bārān	25.1	76.5167	117992
baranagar	Baranagar	22.6413	88.3773	260072
baranovichi	Baranovichi	53.1326	26.0078	170039
barasat	Bārāsat	22.7215	88.482	298127
barbacena	Barbacena	-21.2258	-43.7736	125317
barcarena	Barcarena	-1.5058	-48.6258	139076
barcelona	Barcelona	41.3888	2.159	1686208
barddhaman	Barddhamān	23.2557	87.8569	301725
barddhamān	Barddhamān	23.2557	87.8569	301725
bareilly	Bareilly	28.3668	79.4317	745435
bari	Bari	41.1207	16.8698	316491
bariadi	Bariadi	-2.8	33.9833	260927
barinas	Barinas	8.6206	-70.231	397279
baripada	Baripāda	21.9346	86.7285	116849
baripāda	Baripāda	21.9346	86.7285	116849
barishal	Barishal	22.705	90.3701	202242
barking	Barking	51.5333	0.0833	218534
barnala	Barnāla	30.3745	75.5487	116449
barnaul	Barnaul	53.362	83.7279	632372
barnāla	Barnāla	30.3745	75.5487	116449
barquisimeto	Barquisimeto	10.0647	-69.357	1240714
barra da tijuca	Barra da Tijuca	-22.9983	-43.3655	421438
barra do pirai	Barra do Piraí	-22.47	-43.8256	100764
barra do piraí	Barra do Piraí	-22.47	-43.8256	100764
barra mansa	Barra Mansa	-22.5442	-44.1714	181679
barrancabermeja	Barrancabermeja	7.0653	-73.8547	191403
barranquilla	Barranquilla	10.9685	-74.7813	1206319
barreiras	Barreiras	-12.1528	-44.99	171634
barretos	Barretos	-20.5572	-48.5678	126957
barrie	Barrie	44.4001	-79.6663	147829
barshi	Barshi	18.2345	75.6928	118722
barueri	Barueri	-23.5106	-46.8761	316473
baruta	Baruta	10.4342	-66.8756	244216
barysaw	Barysaw	54.2279	28.505	133700
basaksehir	Başakşehir	41.106	28.791	193750
basel	Basel	47.5584	7.5733	177595
bashan	Bashan	27.7682	116.0502	103748
basildon	Basildon	51.5684	0.4578	144859
basingstoke	Basingstoke	51.2625	-1.0871	107642
basirhat city	Basirhat City	22.6614	88.8548	143007
basrah	Basrah	30.5085	47.7804	1326564
basti	Bastī	26.7882	82.7162	115115
bastī	Bastī	26.7882	82.7162	115115
basuo	Basuo	19.1027	108.6656	444458
bat yam	Bat Yam	32.0238	34.7518	129012
bata	Bata	1.8639	9.7658	173046
batala	Batāla	31.8092	75.2029	158621
batam	Batam	1.1494	104.0249	1296960
batang	Batang	-6.4846	110.7083	139492
batangas	Batangas	13.7567	121.0584	237370
bataysk	Bataysk	47.1375	39.7571	109962
bath	Bath	51.3751	-2.3617	101557
bathinda	Bathinda	30.2075	74.9389	285788
batikent	Batikent	39.9683	32.7308	300000
batman	Batman	37.8874	41.1322	452157
batna	Batna	35.556	6.1741	289504
baton rouge	Baton Rouge	30.4433	-91.1875	227470
battagram	Battagram	34.6772	73.0233	700000
battambang	Battambang	13.1027	103.1982	119251
batu	Batu	-7.87	112.5283	225408
batu caves	Batu Caves	3.238	101.682	254083
batu pahat	Batu Pahat	1.8548	102.9325	156236
batumi	Batumi	41.6408	41.6306	186949
baturaja	Baturaja	-4.1289	104.1669	134759
batāla	Batāla	31.8092	75.2029	158621
baubau	Baubau	-5.4633	122.6024	161280
bauchi	Bauchi	10.3103	9.8439	693700
bauru	Bauru	-22.3147	-49.0606	392947
bawshar	Bawshar	23.5777	58.3998	383257
bayambang	Bayambang	15.8127	120.4557	129506
bayamo	Bayamo	20.3737	-76.6427	192632
bayamon	Bayamón	18.3986	-66.1557	203499
bayamón	Bayamón	18.3986	-66.1557	203499
bayan lepas	Bayan Lepas	5.2999	100.2605	130455
bayan nur	Bayan Nur	40.7414	107.386	1760000
bayawan	Bayawan	9.3649	122.804	126744
bayji	Bayjī	34.9291	43.4888	173677
bayjī	Bayjī	34.9291	43.4888	173677
bayugan	Bayugan	8.7561	125.7675	110313
bazhong	Bazhong	31.8694	106.7443	2712894
baía farta	Baía Farta	-12.6042	13.1967	107841
bağcılar	Bağcılar	41.039	28.8567	740069
başakşehir	Başakşehir	41.106	28.791	193750
baḥarkah	Baḥarkah	36.3156	44.0353	130518
beau bassin-rose hill	Beau Bassin-Rose Hill	-20.2333	57.4661	111355
beaumont	Beaumont	30.0861	-94.1018	115282
beawar	Beāwar	26.1012	74.3203	151152
bechar	Béchar	31.6167	-2.2167	165241
becontree	Becontree	51.5529	0.129	100000
bedford	Bedford	52.1346	-0.4663	106940
bedok new town	Bedok New Town	1.3264	103.9417	276990
beed	Beed	18.9892	75.7563	146709
beersheba	Beersheba	31.2518	34.7913	186600
begoua	Bégoua	4.4544	18.5347	264067
begusarai	Begusarai	25.4185	86.1339	252008
behbahan	Behbahān	30.5959	50.2417	122604
behbahān	Behbahān	30.5959	50.2417	122604
bei'an	Bei’an	48.2667	126.6	436444
beibei	Beibei	29.8274	106.4364	247702
beihai	Beihai	21.4835	109.1155	525329
beijing	Beijing	39.9075	116.3972	18960744
beiliu	Beiliu	22.7072	110.3492	199769
beining	Beining	41.5956	121.7928	422289
beipiao	Beipiao	41.7919	120.7792	439998
beira	Beira	-19.8436	34.8389	687764
beirut	Beirut	33.8933	35.5016	1916100
bei’an	Bei’an	48.2667	126.6	436444
bejaia	Béjaïa	36.7559	5.0843	176139
bekasi	Bekasi	-6.2349	106.9896	2648272
belagavi	Belagavi	15.8521	74.5045	490045
belawan	Belawan	3.7755	98.6832	102707
belem	Belém	-1.4558	-48.5044	1499641
belfast	Belfast	54.5968	-5.9254	348005
belford roxo	Belford Roxo	-22.7642	-43.3994	518384
belgorod	Belgorod	50.6034	36.5809	345289
belgrade	Belgrade	44.804	20.4651	1273651
belgrano	Belgrano	-34.5627	-58.4583	138942
bella vista	Bella Vista	18.4554	-69.9454	175683
bellevue	Bellevue	47.6104	-122.2007	139820
bello	Bello	6.3373	-75.558	392939
belo horizonte	Belo Horizonte	-19.9208	-43.9378	2721564
belém	Belém	-1.4558	-48.5044	1499641
bemowo	Bemowo	52.2546	20.9084	123932
ben cat	Bến Cát	11.15	106.6	364578
ben tre	Bến Tre	10.2415	106.3758	124449
bender	Bender	46.8316	29.4767	110175
bendigo	Bendigo	-36.7582	144.2802	103034
benfica	Benfica	-8.9443	13.1643	191828
bengaluru	Bengaluru	12.9719	77.5937	8495492
bengbu	Bengbu	32.9408	117.3608	972784
benghazi	Benghazi	32.1149	20.0686	757490
bengkulu	Bengkulu	-3.8004	102.2655	397321
benguela	Benguela	-12.5767	13.4027	555124
beni	Beni	0.4911	29.4731	140731
beni mellal	Beni Mellal	32.3372	-6.3498	210397
benin city	Benin City	6.3381	5.6258	1782000
benito juarez	Benito Juárez	19.3727	-99.1564	385439
benito juárez	Benito Juárez	19.3727	-99.1564	385439
benoni	Benoni	-26.1885	28.3208	605344
bento goncalves	Bento Gonçalves	-29.1714	-51.5192	127977
bento gonçalves	Bento Gonçalves	-29.1714	-51.5192	127977
benxi	Benxi	41.2886	123.765	1326018
beppu	Beppu	33.2794	131.4975	122643
berazategui	Berazategui	-34.7653	-58.2128	180523
berbera	Berbera	10.4396	45.0143	242344
berberati	Berbérati	4.2612	15.7922	103713
berbérati	Berbérati	4.2612	15.7922	103713
bercham	Bercham	4.6411	101.1393	150000
berdyansk	Berdyansk	46.7558	36.7882	106311
berezniki	Berezniki	59.4091	56.8204	167748
bergamo	Bergamo	45.696	9.6672	121200
bergedorf	Bergedorf	53.4846	10.229	119665
bergen	Bergen	60.393	5.3242	294029
bergisch gladbach	Bergisch Gladbach	50.9856	7.133	106184
berkane	Berkane	34.92	-2.32	119284
berkeley	Berkeley	37.8716	-122.2728	120972
berlin	Berlin	52.5244	13.4105	3426354
bern	Bern	46.9481	7.4474	121631
berrechid	Berrechid	33.2655	-7.5875	149201
bertoua	Bertoua	4.5773	13.6846	137993
besancon	Besançon	47.2488	6.0182	128426
besançon	Besançon	47.2488	6.0182	128426
bet shemesh	Bet Shemesh	31.7307	34.9929	124957
betim	Betim	-19.9678	-44.1983	384000
bettiah	Bettiah	26.8023	84.5031	132209
betul	Betūl	21.9006	77.9023	103330
betūl	Betūl	21.9006	77.9023	103330
bexley	Bexley	51.4416	0.1487	228000
beylikduezue	Beylikdüzü	40.982	28.6399	415290
beylikdüzü	Beylikdüzü	40.982	28.6399	415290
beāwar	Beāwar	26.1012	74.3203	151152
bhadrak	Bhadrak	21.0545	86.5156	121338
bhadravati	Bhadrāvati	13.8485	75.705	163903
bhadreswar	Bhadreswar	22.8245	88.3384	121662
bhadrāvati	Bhadrāvati	13.8485	75.705	163903
bhagalpur	Bhāgalpur	25.2445	86.9718	400146
bhairab bazar	Bhairab Bāzār	24.0524	90.9764	105457
bhairab bāzār	Bhairab Bāzār	24.0524	90.9764	105457
bhakkar	Bhakkar	31.6269	71.0647	131658
bhalswa jahangirpur	Bhālswa Jahangirpur	28.7356	77.1668	197148
bharatpur	Bharatpur	27.6803	84.4365	369377
bharuch	Bharūch	21.6948	72.9805	169007
bharūch	Bharūch	21.6948	72.9805	169007
bhatara	Bhatara	23.8	90.45	324300
bhatpara	Bhātpāra	22.8664	88.4011	483129
bhavnagar	Bhavnagar	21.7629	72.1533	605882
bhawana	Bhawana	31.5688	72.6492	373841
bhayandar	Bhayandar	19.3016	72.8511	809378
bhetia	Bhetia	22.7932	86.141	174355
bhilai	Bhilai	21.2092	81.4285	627734
bhilwara	Bhilwara	25.3471	74.6408	359483
bhimavaram	Bhimavaram	16.5408	81.5232	146961
bhind	Bhind	26.5667	78.7873	197585
bhisho	Bhisho	-32.8472	27.4422	137287
bhiwadi	Bhiwadi	28.2102	76.8606	104921
bhiwandi	Bhiwandi	19.3002	73.0588	874032
bhiwani	Bhiwāni	28.793	76.1397	196057
bhiwāni	Bhiwāni	28.793	76.1397	196057
bhopal	Bhopal	23.2547	77.4029	1798218
bhubaneswar	Bhubaneswar	20.2724	85.8338	885363
bhuj	Bhuj	23.254	69.6693	148834
bhusawal	Bhusawal	21.0436	75.7851	187421
bhāgalpur	Bhāgalpur	25.2445	86.9718	400146
bhālswa jahangirpur	Bhālswa Jahangirpur	28.7356	77.1668	197148
bhātpāra	Bhātpāra	22.8664	88.4011	483129
bialoleka	Białołeka	52.3213	20.972	129106
bialystok	Białystok	53.1333	23.1643	295683
białołeka	Białołeka	52.3213	20.972	129106
białystok	Białystok	53.1333	23.1643	295683
bibirevo	Bibirevo	55.8833	37.6	159000
bida	Bida	9.0804	6.0099	400000
bidar	Bidar	17.908	77.5152	216020
bielany	Bielany	52.2924	20.9353	131910
bielefeld	Bielefeld	52.0333	8.5333	331906
bielsko-biala	Bielsko-Biala	49.8225	19.0469	176515
bien hoa	Biên Hòa	10.9447	106.8243	1272235
bihar sharif	Bihār Sharīf	25.2008	85.5239	297268
bihār sharīf	Bihār Sharīf	25.2008	85.5239	297268
bijie	Bijie	27.3019	105.2863	1137383
bikaner	Bikaner	28.0176	73.3149	644406
bila tserkva	Bila Tserkva	49.7994	30.1165	207273
bilaspur	Bilāspur	22.08	82.1554	365579
bilbao	Bilbao	43.2627	-2.9253	347342
bilbeis	Bilbeis	30.4204	31.5622	185237
bilimora	Bilimora	20.7696	72.9613	510879
billings	Billings	45.7833	-108.5007	117116
bilqas	Bilqās	31.2145	31.358	137080
bilqās	Bilqās	31.2145	31.358	137080
bilāspur	Bilāspur	22.08	82.1554	365579
bima	Bima	-8.4601	118.7267	165113
bimbo	Bimbo	4.2567	18.4158	348802
binan	Biñan	14.3427	121.0807	300000
binangonan	Binangonan	14.4646	121.1929	219204
bingoel	Bingöl	38.8847	40.4939	128935
bingöl	Bingöl	38.8847	40.4939	128935
binh thanh	Bình Thạnh	10.811	106.706	552164
binh thuy	Bình Thủy	10.0743	105.7397	113565
binjai	Binjai	3.6001	98.4854	279302
bintulu	Bintulu	3.1667	113.0333	151617
binzhou	Binzhou	37.3667	118.0167	682717
biratnagar	Biratnagar	26.455	87.2701	244750
birendranagar	Birendranagar	28.5967	81.6166	154886
birganj	Birgañj	27.0174	84.8805	268273
birgañj	Birgañj	27.0174	84.8805	268273
birigui	Birigui	-21.2886	-50.34	123340
birjand	Bīrjand	32.8663	59.2211	196982
birkenhead	Birkenhead	53.3934	-3.0148	325264
birmingham	Birmingham	52.4814	-1.8998	1157603
birnin kebbi	Birnin Kebbi	12.4539	4.1975	108164
biryulevo	Biryulëvo	55.5864	37.6778	144000
biryulëvo	Biryulëvo	55.5864	37.6778	144000
bishan	Bishan	29.5949	106.2248	204702
bishkek	Bishkek	42.87	74.59	900000
bishoftu	Bishoftu	8.7523	38.9785	207400
biskra	Biskra	34.8504	5.728	204661
bissau	Bissau	11.8636	-15.5977	439704
bitung	Bitung	1.4406	125.1282	225134
biysk	Biysk	52.5342	85.1966	215430
bizerte	Bizerte	37.2744	9.8739	138430
biên hòa	Biên Hòa	10.9447	106.8243	1272235
biñan	Biñan	14.3427	121.0807	300000
blackburn	Blackburn	53.75	-2.4833	146521
blackpool	Blackpool	53.8167	-3.05	145007
blagoveshchensk	Blagoveshchensk	50.2759	127.5264	225091
blantyre	Blantyre	-15.785	35.0085	902588
blida	Blida	36.47	2.8277	331779
blitar	Blitar	-8.0983	112.1681	161204
bloemfontein	Bloemfontein	-29.1211	26.214	556637
blumenau	Blumenau	-26.9194	-49.0661	361261
bnei brak	Bnei Brak	32.0807	34.8338	214444
bo	Bo	7.9647	-11.7383	233684
bo gje	Bồ Đề	21.0562	105.8667	120028
boa vista	Boa Vista	2.8197	-60.6733	419652
bobo-dioulasso	Bobo-Dioulasso	11.1806	-4.2949	904920
bobruysk	Bobruysk	53.1468	29.2055	205502
bochum	Bochum	51.4817	7.2165	385729
bocoio	Bocoio	-12.4702	14.1369	164685
bogor	Bogor	-6.5944	106.7892	1078351
bogorodskoye	Bogorodskoye	55.814	37.7212	103000
bogota	Bogotá	4.6097	-74.0817	7674366
bogotá	Bogotá	4.6097	-74.0817	7674366
bogra	Bogra	24.851	89.3711	210000
bohuniya	Bohuniya	50.2769	28.6096	147324
boise	Boise	43.6135	-116.2035	235684
bojnurd	Bojnūrd	37.4747	57.329	192041
bojnūrd	Bojnūrd	37.4747	57.329	192041
bokaro	Bokāro	23.6693	86.1516	564319
bokhtar	Bokhtar	37.8365	68.7776	110800
boksburg	Boksburg	-26.212	28.2596	445168
bokāro	Bokāro	23.6693	86.1516	564319
bole	Bole	44.8933	82.0699	235585
bologna	Bologna	44.4938	11.3387	394843
bolton	Bolton	53.5833	-2.4333	141331
bolu	Bolu	40.7358	31.6061	184682
bolzano	Bolzano	46.4907	11.3398	107436
boma	Boma	-5.851	13.0536	297009
bombay	Mumbai	19.0728	72.8826	12691836
bondoukou	Bondoukou	8.0402	-2.8	141568
bonn	Bonn	50.7344	7.0955	330579
bonon	Bonon	6.9268	-6.0489	119938
bontang	Bontang	0.1324	117.4854	194606
borama	Borama	9.9361	43.1828	597842
borazjan	Borāzjān	29.2699	51.2188	110567
bordeaux	Bordeaux	44.8412	-0.5805	265328
bordj bou arreridj	Bordj Bou Arreridj	36.0739	4.7614	158812
bordj el kiffan	Bordj el Kiffan	36.7487	3.1925	123246
borivli	Borivli	19.235	72.8598	609617
borough park	Borough Park	40.634	-73.9968	149248
borshchahivka	Borshchahivka	50.4316	30.3899	179900
borujerd	Borūjerd	33.8973	48.7516	251958
borāzjān	Borāzjān	29.2699	51.2188	110567
borūjerd	Borūjerd	33.8973	48.7516	251958
boshan	Boshan	36.4833	117.8333	153596
bosque saude	Bosque Saúde	-23.6093	-46.623	128469
bosque saúde	Bosque Saúde	-23.6093	-46.623	128469
boston	Boston	42.3584	-71.0598	653833
botad	Botad	22.1692	71.6667	130327
botshabelo	Botshabelo	-29.2674	26.726	309714
bottrop	Bottrop	51.5239	6.9285	119909
botucatu	Botucatu	-22.8858	-48.445	145155
bou saada	Bou Saâda	35.2086	4.174	111787
bou saâda	Bou Saâda	35.2086	4.174	111787
bouafle	Bouaflé	6.9904	-5.7442	104209
bouaflé	Bouaflé	6.9904	-5.7442	104209
bouake	Bouaké	7.6939	-5.0303	832371
bouaké	Bouaké	7.6939	-5.0303	832371
boulder	Boulder	40.015	-105.2706	106803
boulogne-billancourt	Boulogne-Billancourt	48.8355	2.2413	108782
bournemouth	Bournemouth	50.7205	-1.8795	163600
bouskoura	Bouskoura	33.4498	-7.6524	112501
boyeros	Boyeros	23.0072	-82.4017	188593
bozhou	Bozhou	33.8772	115.7703	1409436
bradford	Bradford	53.7939	-1.7521	366187
braga	Braga	41.5514	-8.4231	193324
braganca	Bragança	-1.0536	-46.7656	132489
braganca paulista	Bragança Paulista	-22.9527	-46.5442	176811
bragança	Bragança	-1.0536	-46.7656	132489
bragança paulista	Bragança Paulista	-22.9527	-46.5442	176811
brahmanbaria	Brāhmanbāria	23.9746	91.1123	264326
brahmapur	Brahmapur	19.3115	84.7929	356598
braila	Brăila	45.2715	27.9743	154686
brakpan	Brakpan	-26.2366	28.3694	305692
brampton	Brampton	43.6834	-79.7663	656480
brandon	Brandon	27.9378	-82.2859	103483
brantford	Brantford	43.1334	-80.2664	104688
brasilandia	Brasilandia	-23.4486	-46.6884	243273
brasilia	Brasília	-15.7797	-47.9297	2207718
brasov	Braşov	45.6486	25.6061	253200
brasília	Brasília	-15.7797	-47.9297	2207718
brateyevo	Brateyevo	55.6375	37.7644	102000
bratislava	Bratislava	48.1482	17.1067	423737
bratsk	Bratsk	56.1325	101.6142	256600
braunschweig	Braunschweig	52.2659	10.5267	244715
brazzaville	Brazzaville	-4.2661	15.2832	1982000
braşov	Braşov	45.6486	25.6061	253200
breda	Breda	51.5866	4.776	184126
bremen	Bremen	53.0758	8.8072	546501
bremerhaven	Bremerhaven	53.5536	8.5755	118610
brent	Brent	51.5531	-0.3023	329100
brescia	Brescia	45.5356	10.2147	200423
brest	Brest	52.1089	23.7175	347138
breves	Breves	-1.6822	-50.4803	116058
bridgeport	Bridgeport	41.1792	-73.1894	147629
brighton	Brighton	50.8284	-0.1395	283870
brisbane	Brisbane	-27.4679	153.0281	2780063
bristol	Bristol	51.4552	-2.5966	479024
brits	Brits	-25.6347	27.7802	122497
brno	Brno	49.1952	16.608	379466
broken arrow	Broken Arrow	36.0526	-95.7908	106563
brooklyn	Brooklyn	40.6501	-73.9496	2736074
brovary	Brovary	50.511	30.7911	109806
brownsville	Brownsville	25.9017	-97.4975	186738
brugge	Brugge	51.2089	3.2242	118509
brusque	Brusque	-27.098	-48.9128	155307
brussels	Brussels	50.8505	4.3488	1019022
bryansk	Bryansk	53.271	34.3214	427236
brāhmanbāria	Brāhmanbāria	23.9746	91.1123	264326
brăila	Brăila	45.2715	27.9743	154686
bucaramanga	Bucaramanga	7.125	-73.1189	581130
bucharest	Bucharest	44.4323	26.1063	1877155
bucheon-si	Bucheon-si	37.4989	126.7831	850731
buda	Buda	47.5	19.0333	510108
budapest	Budapest	47.4984	19.0404	1741041
budapest iii. keruelet	Budapest III. kerület	47.5416	19.045	123723
budapest iii. kerület	Budapest III. kerület	47.5416	19.045	123723
budapest xi. keruelet	Budapest XI. kerület	47.476	19.036	139049
budapest xi. kerület	Budapest XI. kerület	47.476	19.036	139049
budapest xiii. keruelet	Budapest XIII. kerület	47.5298	19.0807	113531
budapest xiii. kerület	Budapest XIII. kerület	47.5298	19.0807	113531
budaun	Budaun	28.0381	79.1267	161555
budta	Budta	7.2042	124.4397	1273715
buea	Buea	4.1534	9.2423	140533
buenaventura	Buenaventura	3.5833	-77.0	432385
buenavista	Buenavista	19.6083	-99.1694	216776
bueng kum	Bueng Kum	13.7853	100.6696	145830
buenos aires	Buenos Aires	-34.6131	-58.3772	2891082
bueyuekcekmece	Büyükçekmece	41.0207	28.585	163140
buffalo	Buffalo	42.8865	-78.8784	258071
buguma	Buguma	4.7361	6.8624	135404
buhe	Buhe	30.2876	112.2298	106347
bujumbura	Bujumbura	-3.3819	29.3614	769317
bukama	Bukama	-9.2044	25.8547	105530
bukan	Būkān	36.521	46.2089	193501
bukavu	Bukavu	-2.4908	28.8428	816811
bukhara	Bukhara	39.7703	64.4307	280187
bukit batok new town	Bukit Batok New Town	1.359	103.7637	158030
bukit bintang	Bukit Bintang	3.1466	101.7102	120529
bukit jalil	Bukit Jalil	3.0491	101.6804	200000
bukit merah estate	Bukit Merah Estate	1.2842	103.8231	151250
bukit mertajam	Bukit Mertajam	5.363	100.4667	212329
bukit panjang new town	Bukit Panjang New Town	1.3797	103.7647	138050
bukit rahman putra	Bukit Rahman Putra	3.2173	101.5608	607000
bukittinggi	Bukittinggi	-0.3091	100.3705	121028
bukoba	Bukoba	-1.3317	31.8122	144938
bulandshahr	Bulandshahr	28.4039	77.8577	198612
bulaon	Bulaon	15.0826	120.6629	131818
bulawayo	Bulawayo	-20.15	28.5833	665952
bumba	Bumba	2.1877	22.4683	154586
bunamwaya	Bunamwaya	0.2534	32.5572	413400
bunda	Bunda	-2.0215	33.8711	182970
bundi	Būndi	25.4385	75.6373	104919
bunia	Bunia	1.5594	30.2522	399282
bunkyo	Bunkyo	35.5331	139.4217	240069
buon ho	Buôn Hồ	12.9523	108.2962	127920
buon ma thuot	Buôn Ma Thuột	12.6675	108.0378	434256
burari	Burāri	28.7557	77.1994	146190
buraydah	Buraydah	26.326	43.975	745353
burayu	Burayu	9.0353	38.6608	101400
burbank	Burbank	34.1808	-118.309	105319
burewala	Burewala	30.1667	72.65	361664
burgas	Burgas	42.5065	27.4689	210646
burgos	Burgos	42.3411	-3.7018	176418
burhanpur	Burhānpur	21.3087	76.2303	210886
burhānpur	Burhānpur	21.3087	76.2303	210886
burlington	Burlington	43.3862	-79.8371	186948
burnaby	Burnaby	49.2664	-122.9526	249125
burnley	Burnley	53.8	-2.2333	149422
bursa	Bursa	40.1956	29.0601	3101833
burton upon trent	Burton upon Trent	52.8073	-1.6426	122199
burāri	Burāri	28.7557	77.1994	146190
busan	Busan	35.1017	129.03	3285147
bush	Būsh	29.1482	31.1273	136441
bushehr	Bushehr	28.9689	50.8366	165377
bushwick	Bushwick	40.6943	-73.9188	112620
business bay	Business Bay	25.1854	55.2697	191000
butanta	Butanta	-23.5702	-46.7263	123748
butembo	Butembo	0.1416	29.2912	286242
butterworth	Butterworth	5.3991	100.3638	107591
butuan	Butuan	8.9492	125.5436	309709
butwal	Butwāl	27.6912	83.4525	195054
butwāl	Butwāl	27.6912	83.4525	195054
buxar	Buxar	25.5755	83.9804	102861
buzau	Buzău	45.15	26.8333	103481
buzău	Buzău	45.15	26.8333	103481
buôn hồ	Buôn Hồ	12.9523	108.2962	127920
buôn ma thuột	Buôn Ma Thuột	12.6675	108.0378	434256
bydgoszcz	Bydgoszcz	53.1235	18.0076	330038
bytom	Bytom	50.348	18.9328	189186
béchar	Béchar	31.6167	-2.2167	165241
bégoua	Bégoua	4.4544	18.5347	264067
béjaïa	Béjaïa	36.7559	5.0843	176139
bình thạnh	Bình Thạnh	10.811	106.706	552164
bình thủy	Bình Thủy	10.0743	105.7397	113565
büyükçekmece	Büyükçekmece	41.0207	28.585	163140
bābol	Bābol	36.551	52.6786	202796
bāli	Bāli	22.6486	88.3411	296973
bālurghāt	Bālurghāt	25.221	88.7773	153279
bānda	Bānda	25.4776	80.3349	152218
bāndarban	Bāndarban	22.1953	92.2195	495272
bāneh	Bāneh	35.9975	45.8853	110218
bānkura	Bānkura	23.2324	87.0716	133966
bānsbāria	Bānsbāria	22.9539	88.401	108474
bānswāra	Bānswāra	23.5411	74.4425	101017
bārākpur	Bārākpur	22.766	88.3634	148174
bārān	Bārān	25.1	76.5167	117992
bārāsat	Bārāsat	22.7215	88.482	298127
bălţi	Bălţi	47.7629	27.9285	125000
bīrjand	Bīrjand	32.8663	59.2211	196982
būkān	Būkān	36.521	46.2089	193501
būndi	Būndi	25.4385	75.6373	104919
būsh	Būsh	29.1482	31.1273	136441
bạc liêu	Bạc Liêu	9.2941	105.7278	156110
bảo lộc	Bảo Lộc	11.548	107.8077	170920
bắc giang	Bắc Giang	21.2731	106.1946	450000
bắc ninh	Bắc Ninh	21.1861	106.0763	287658
bắc quang	Bắc Quang	22.4833	104.8667	118690
bắc từ liêm	Bắc Từ Liêm	21.0653	105.7466	340605
bến cát	Bến Cát	11.15	106.6	364578
bến tre	Bến Tre	10.2415	106.3758	124449
bồ đề	Bồ Đề	21.0562	105.8667	120028
ca mau	Cà Mau	9.1768	105.1524	226372
caala	Caála	-12.8525	15.5606	130000
cabanatuan city	Cabanatuan City	15.4859	120.9665	343672
cabimas	Cabimas	10.3991	-71.4521	351736
cabinda	Cabinda	-5.562	12.1948	550000
cabo de santo agostinho	Cabo de Santo Agostinho	-8.2877	-35.0292	216969
cabo frio	Cabo Frio	-22.8872	-42.0262	238438
cabo san lucas	Cabo San Lucas	22.8909	-109.9124	202694
cabudare	Cabudare	10.0266	-69.262	102686
cabudwaaq	Cabudwaaq	6.2458	46.2247	120000
cabuyao	Cabuyao	14.2726	121.1262	308745
cacak	Čačak	43.8914	20.3497	117072
cacapava	Caçapava	-23.1008	-45.7069	100071
cachoeirinha	Cachoeirinha	-23.4544	-46.6621	143366
cachoeiro de itapemirim	Cachoeiro de Itapemirim	-20.8489	-41.1128	198342
cacuaco	Cacuaco	-8.7798	13.3748	146867
cadiz	Cadiz	10.9465	123.288	129053
caen	Caen	49.1859	-0.3591	110624
cagayan de oro	Cagayan de Oro	8.4822	124.6472	741617
cagliari	Cagliari	39.2305	9.1192	149257
cagua	Cagua	10.1863	-67.4594	119033
cai lay	Cai Lậy	10.4	106.1167	143050
cai lậy	Cai Lậy	10.4	106.1167	143050
caieiras	Caieiras	-23.3642	-46.7406	102775
cainta	Cainta	14.5786	121.1222	283172
cairns	Cairns	-16.9237	145.7661	153075
cairo	Cairo	30.0626	31.2497	9606916
cajamarca	Cajamarca	-7.1638	-78.5003	201329
calabar	Calabar	4.9589	8.327	540000
calabozo	Calabozo	8.9242	-67.4293	168605
calama	Calama	-22.4567	-68.9237	166334
calamba	Calamba	14.2117	121.1653	575046
calasiao	Calasiao	16.0111	120.36	100686
calgary	Calgary	51.0501	-114.0853	1306784
cali	Cali	3.4305	-76.5199	2392877
callao	Callao	-12.0516	-77.1345	1226200
caloocan	Caloocan	14.6495	120.9679	1712945
calumbo	Calumbo	-9.1469	13.4194	652270
calumpit	Calumpit	14.9164	120.7658	122187
cam pha	Cẩm Phả	21.01	107.2734	190232
cam pha mines	Cẩm Phả Mines	21.0167	107.3	135477
cam ranh	Cam Ranh	11.9214	109.1591	146771
camacari	Camaçari	-12.6975	-38.3242	321636
camagueey	Camagüey	21.3808	-77.9169	347562
camagüey	Camagüey	21.3808	-77.9169	347562
camama	Camama	-8.9361	13.2652	667094
camaragibe	Camaragibe	-8.0217	-34.9811	160318
camayenne	Camayenne	9.535	-13.6878	1871242
camaçari	Camaçari	-12.6975	-38.3242	321636
cambe	Cambé	-23.2758	-51.2783	110923
camboriu	Camboriú	-27.0253	-48.6544	117324
camboriú	Camboriú	-27.0253	-48.6544	117324
cambridge	Cambridge	52.2	0.1167	145674
cambé	Cambé	-23.2758	-51.2783	110923
cameta	Cametá	-2.2444	-49.4958	134184
cametá	Cametá	-2.2444	-49.4958	134184
campeche	Campeche	19.8407	-90.5168	220389
campina grande	Campina Grande	-7.2306	-35.8811	443911
campinas	Campinas	-22.9056	-47.0608	1031554
campo grande	Campo Grande	-20.4428	-54.6464	906092
campo largo	Campo Largo	-25.4596	-49.5301	144504
campo limpo	Campo Limpo	-23.6363	-46.7657	236162
campo mourao	Campo Mourão	-24.0431	-52.3793	104122
campo mourão	Campo Mourão	-24.0431	-52.3793	104122
campos dos goytacazes	Campos dos Goytacazes	-21.7523	-41.3304	483540
can giuoc	Cần Giuộc	10.6086	106.6714	152200
can tho	Cần Thơ	10.0371	105.7883	1507187
canakkale	Çanakkale	40.1555	26.4127	143622
canberra	Canberra	-35.2835	149.1281	367752
cancun	Cancún	21.1743	-86.8466	888797
cancún	Cancún	21.1743	-86.8466	888797
candelaria	Candelaria	13.9311	121.4233	137933
cangaiba	Cangaiba	-23.497	-46.5204	141172
cangzhou	Cangzhou	38.3112	116.8533	527681
cankaya	Çankaya	39.9179	32.8627	792189
canoas	Canoas	-29.9178	-51.1836	328291
cao lanh	Cao Lãnh	10.4602	105.6329	211912
cao lãnh	Cao Lãnh	10.4602	105.6329	211912
cap-haitien	Cap-Haïtien	19.7594	-72.1981	134815
cap-haïtien	Cap-Haïtien	19.7594	-72.1981	134815
capao redondo	Capao Redondo	-23.6688	-46.7805	270767
capas	Capas	15.3312	120.5898	162724
cape coast	Cape Coast	5.1053	-1.2466	212426
cape coral	Cape Coral	26.5629	-81.9495	175229
cape town	Cape Town	-33.9258	18.4232	4772846
capiata	Capiatá	-25.3552	-57.4455	198553
capiatá	Capiatá	-25.3552	-57.4455	198553
carabanchel	Carabanchel	40.3909	-3.7242	253678
caracas	Caracas	10.488	-66.8792	3000000
caraguatatuba	Caraguatatuba	-23.6203	-45.4131	123389
carapicuiba	Carapicuíba	-23.5227	-46.835	386984
carapicuíba	Carapicuíba	-23.5227	-46.835	386984
cardiff	Cardiff	51.48	-3.18	372089
cariacica	Cariacica	-20.2639	-40.42	376200
carletonville	Carletonville	-26.3609	27.3977	182304
carlsbad	Carlsbad	33.1581	-117.3506	114746
carmona	Carmona	14.3132	121.0576	112140
carnot	Carnot	4.9427	15.8773	129032
carolina	Carolina	18.3808	-65.9574	170404
carora	Carora	10.1728	-70.081	121741
carrefour	Carrefour	18.5333	-72.4	511345
carrollton	Carrollton	32.9537	-96.8903	133168
cartagena	Cartagena	10.3982	-75.4933	914552
cartago	Cartago	4.7464	-75.9117	134972
caruaru	Caruaru	-8.2833	-35.9761	402290
carupano	Carúpano	10.6652	-63.2539	167187
cary	Cary	35.7915	-78.7811	159769
carúpano	Carúpano	10.6652	-63.2539	167187
casablanca	Casablanca	33.5883	-7.6114	3665954
cascavel	Cascavel	-24.9558	-53.4553	368195
castanhal	Castanhal	-1.2939	-47.9264	192256
castelar	Castelar	-34.6514	-58.6407	107786
castello de la plana	Castelló de la Plana	39.9857	-0.0493	171857
castelló de la plana	Castelló de la Plana	39.9857	-0.0493	171857
catacamas	Catacamas	14.8511	-85.8941	140548
catalao	Catalão	-18.1658	-47.9464	114427
catalão	Catalão	-18.1658	-47.9464	114427
catamarca	Catamarca	-28.4696	-65.7852	159139
catanduva	Catanduva	-21.1378	-48.9728	119275
catania	Catania	37.4922	15.0704	311584
catbalogan	Catbalogan	11.7753	124.8861	107896
catchiungo	Catchiungo	-12.566	16.2259	120677
catia la mar	Catia La Mar	10.6054	-67.0324	106822
cau giay	Cầu Giấy	21.0323	105.8007	292536
caucaia	Caucaia	-3.7361	-38.6531	378406
cavite city	Cavite City	14.4837	120.8988	115932
caxias	Caxias	-4.8589	-43.3561	163546
caxias do sul	Caxias do Sul	-29.1681	-51.1794	479599
cazenga	Cazenga	-8.838	13.284	394170
caála	Caála	-12.8525	15.5606	130000
caçapava	Caçapava	-23.1008	-45.7069	100071
cdmx	Mexico City	19.4285	-99.1277	12294193
cebu city	Cebu City	10.3167	123.8907	965332
cedar rapids	Cedar Rapids	42.0083	-91.6441	130405
ceilandia	Ceilândia	-15.8091	-48.131	287023
ceilândia	Ceilândia	-15.8091	-48.131	287023
celaya	Celaya	20.5218	-100.814	340387
centennial	Centennial	39.5792	-104.8769	109741
central coast	Central Coast	-33.4298	151.3714	346596
centralniy	Centralniy	59.9311	30.3607	214625
centro habana	Centro Habana	23.1349	-82.3689	158151
centurion	Centurion	-25.8589	28.1858	236580
cergy-pontoise	Cergy-Pontoise	49.0389	2.0781	183430
cerro	Cerro	23.1079	-82.3836	132351
ch'ongdan-up	Ch’ŏngdan-ŭp	37.9703	125.9375	142607
chaeryong-ni	Chaeryŏng-ni	38.7358	125.2308	125631
chaeryŏng-ni	Chaeryŏng-ni	38.7358	125.2308	125631
chak jhumra	Chak Jhumra	31.5681	73.1832	385169
chakwal	Chakwal	32.9329	72.8539	101200
chakwama	Chakwama	11.5596	9.6641	200000
chalco	Chalco	19.2617	-98.8978	168720
chalus	Chālūs	36.655	51.4204	107490
chaman	Chaman	30.9177	66.4526	130139
chamartin	Chamartín	40.4621	-3.6766	140000
chamartín	Chamartín	40.4621	-3.6766	140000
chamberi	Chamberí	40.434	-3.7038	145934
chamberí	Chamberí	40.434	-3.7038	145934
chanda	Chānda	19.9508	79.2952	328351
chandannagar	Chandannagar	22.8622	88.368	180623
chandigarh	Chandigarh	30.7363	76.7884	970602
chandler	Chandler	33.3062	-111.8413	260828
chandpur	Chāndpur	23.2271	90.6543	203000
chanduasi	Chanduasi	28.4518	78.7828	112635
chang-hua	Chang-hua	24.0733	120.5628	226564
changam-ch'on	Changam-ch’on	40.6061	128.7819	207299
changam-ch’on	Changam-ch’on	40.6061	128.7819	207299
changchun	Changchun	43.88	125.3228	9066906
changde	Changde	29.0321	111.6984	1457419
changhua	Changhua	24.0692	120.5512	226564
changji	Changji	44.0078	87.3046	198776
changle	Changle	36.7058	118.8275	259161
changning	Changning	31.2174	121.421	694900
changsha	Changsha	28.1987	112.9709	3093980
changshu	Changshu	31.6461	120.7422	1677050
changwon	Changwon	35.2281	128.6811	1025702
changyi	Changyi	36.8536	119.3908	302072
changyuan	Changyuan	29.405	105.5883	186653
changzheng	Changzheng	31.2391	121.3678	229925
changzhi	Changzhi	36.1839	113.1053	1214940
changzhou	Changzhou	31.7736	119.954	3290918
chaohu	Chaohu	31.6	117.8667	727162
chaoyang	Chaoyang	41.5703	120.4586	410005
chaozhou	Chaozhou	23.654	116.6226	1750945
chapeco	Chapecó	-27.0964	-52.6183	282648
chapecó	Chapecó	-27.0964	-52.6183	282648
chapra	Chāpra	25.7803	84.7471	202352
charallave	Charallave	10.2425	-66.8572	129182
charleroi	Charleroi	50.4114	4.4445	200132
charleston	Charleston	32.7763	-79.9327	132609
charlotte	Charlotte	35.2271	-80.8431	911311
charlottenburg	Charlottenburg	52.5167	13.2833	129359
charsadda	Charsadda	34.1482	71.7406	120170
chas	Chas	23.6356	86.1671	141640
chattanooga	Chattanooga	35.0456	-85.3097	181099
chattogram	Chattogram	22.3384	91.8317	3920222
chatuchak	Chatuchak	13.829	100.5593	160906
cheboksary	Cheboksary	56.1322	47.246	492331
chelmsford	Chelmsford	51.7358	0.4696	111511
cheltenham	Cheltenham	51.9001	-2.0797	118836
chelyabinsk	Chelyabinsk	55.1611	61.4288	1202371
chemnitz	Chemnitz	50.8357	12.9292	247220
chengde	Chengde	40.9519	117.9588	3473200
chengdu	Chengdu	30.6667	104.0667	20937757
chenggu	Chenggu	33.1492	107.3258	116375
chengguan qu	Chéngguān Qū	29.6384	91.0444	478275
chenghua	Chenghua	23.4613	116.7701	152453
chengqiao	Chengqiao	31.6308	121.3925	113442
chengtangcun	Chengtangcun	35.0836	117.1907	1756300
chengzhong	Chengzhong	30.9445	113.5528	265886
chennai	Chennai	13.0878	80.2785	4681087
chenzhou	Chenzhou	25.8	113.0333	822534
cheonan	Cheonan	36.8065	127.1522	658831
cheongju-si	Cheongju-si	36.6372	127.4897	852147
cheras	Cheras	3.108	101.726	135823
cheremushki	Cherëmushki	55.6647	37.5613	106587
cheremushky	Cheremushky	46.4325	30.7115	120000
cherepovets	Cherepovets	59.1333	37.9	315738
cherkasy	Cherkasy	49.4445	32.0574	269836
cherkessk	Cherkessk	44.2238	42.0462	122395
chernihiv	Chernihiv	51.5054	31.2866	282747
chernivtsi	Chernivtsi	48.2904	25.9324	264298
chertanovo yuzhnoye	Chertanovo Yuzhnoye	55.5907	37.5952	142000
cherëmushki	Cherëmushki	55.6647	37.5613	106587
chesapeake	Chesapeake	36.819	-76.2749	235429
chesterfield	Chesterfield	53.25	-1.4167	113057
chetumal	Chetumal	18.5196	-88.304	169028
chhatarpur	Chhatarpur	24.9177	79.5887	142128
chhindwara	Chhindwāra	22.057	78.9396	175052
chhindwāra	Chhindwāra	22.057	78.9396	175052
chi linh	Chí Linh	21.0667	106.3167	220421
chia	Chía	4.8588	-74.0587	124309
chiang mai	Chiang Mai	18.7904	98.9847	127240
chiayi city	Chiayi City	23.4792	120.4489	263188
chiba	Chiba	35.6	140.1167	979768
chicago	Chicago	41.85	-87.65	2664452
chichawatni	Chichawatni	30.5301	72.6916	112191
chichicastenango	Chichicastenango	14.9433	-91.1112	141567
chiclayo	Chiclayo	-6.7701	-79.855	609400
chico	Chico	39.7285	-121.8375	121345
chicoloapan	Chicoloapan	19.4169	-98.902	172919
chifeng	Chifeng	42.2683	118.9636	346654
chigasaki	Chigasaki	35.3364	139.4043	242798
chihuahua	Chihuahua	28.6353	-106.0889	925762
chikmagalur	Chikmagalūr	13.3223	75.774	121484
chikmagalūr	Chikmagalūr	13.3223	75.774	121484
chikusei	Chikusei	36.316	139.9824	100753
chikushino-shi	Chikushino-shi	33.4963	130.5156	103311
chilakalurupet	Chilakalūrupet	16.0899	80.1671	101398
chilakalūrupet	Chilakalūrupet	16.0899	80.1671	101398
chilanzar	Chilanzar	41.2819	69.1811	260700
chililabombwe	Chililabombwe	-12.3648	27.8229	113876
chillan	Chillán	-36.6066	-72.1034	150396
chilliwack	Chilliwack	49.1664	-121.9526	101491
chillán	Chillán	-36.6066	-72.1034	150396
chilpancingo	Chilpancingo	17.5523	-99.5012	187251
chimbote	Chimbote	-9.0751	-78.5937	316966
chimoio	Chimoio	-19.1164	33.4833	422046
chinandega	Chinandega	12.6295	-87.1313	126387
chinatown	Chinatown	37.7966	-122.4086	100574
chinautla	Chinautla	14.7029	-90.4998	104972
chincha alta	Chincha Alta	-13.4099	-76.1324	153076
chingola	Chingola	-12.529	27.8838	256560
chiniot	Chiniot	31.7209	72.9784	318165
chinju	Chinju	35.1928	128.0847	307242
chipata	Chipata	-13.6333	32.65	327059
chiquimula	Chiquimula	14.8009	-89.5464	111505
chirchiq	Chirchiq	41.4689	69.5822	162800
chirmiri	Chirmiri	23.1907	82.3531	100800
chishtian	Chishtian	29.7971	72.8577	149939
chisinau	Chisinau	47.009	28.8594	635994
chita	Chita	52.0431	113.4917	349005
chitato	Chitato	-7.3	20.7333	246880
chitradurga	Chitradurga	14.2226	76.4004	145853
chittoor	Chittoor	13.2105	79.0956	160722
chittorgarh	Chittorgarh	24.8896	74.624	116406
chitungwiza	Chitungwiza	-18.0127	31.0755	371246
chizhou	Chizhou	30.6613	117.4778	615274
chlef	Chlef	36.1653	1.3345	178616
cho lon	Chợ Lớn	10.75	106.65	561000
choa chu kang new town	Choa Chu Kang New Town	1.3825	103.7497	187550
chofu	Chōfu	35.6592	139.5484	242614
choloma	Choloma	15.6144	-87.953	139100
cholula	Cholula	19.0641	-98.3035	292881
chom thong	Chom Thong	13.6772	100.4841	158005
chon buri	Chon Buri	13.3622	100.9835	219164
chon thanh	Chơn Thành	11.4282	106.6354	121083
chongfu	Chóngfú	30.5311	120.4309	112060
chongjin	Chongjin	41.7956	129.7758	327000
chongming	Chongming	31.6185	121.6962	637921
chongqing	Chongqing	29.5603	106.5577	32054159
chongzuo	Chongzuo	22.3816	107.3683	384905
chorzow	Chorzów	50.3058	18.9742	113430
chorzów	Chorzów	50.3058	18.9742	113430
christchurch	Christchurch	-43.5333	172.6333	419200
chu	Chũ	21.3738	106.5665	127881
chula vista	Chula Vista	32.6401	-117.0842	265757
chumakivskyi	Chumakivskyi	47.9567	37.9419	103005
chuncheon	Chuncheon	37.8747	127.7342	284855
chunga	Chunga	-15.3174	28.2687	115539
chungju	Chungju	36.9767	127.9287	209483
chunian	Chunian	30.9662	73.9791	634236
chuo	Chūō	35.67	139.7754	169179
churu	Chūru	28.3041	74.9672	120157
chust	Chust	41.0033	71.2379	100200
chuxiong	Chuxiong	25.0364	101.5456	555081
chuzhou	Chuzhou	32.3219	118.2978	782671
chéngguān qū	Chéngguān Qū	29.6384	91.0444	478275
chí linh	Chí Linh	21.0667	106.3167	220421
chía	Chía	4.8588	-74.0587	124309
chóngfú	Chóngfú	30.5311	120.4309	112060
chālūs	Chālūs	36.655	51.4204	107490
chānda	Chānda	19.9508	79.2952	328351
chāndpur	Chāndpur	23.2271	90.6543	203000
chāpra	Chāpra	25.7803	84.7471	202352
chōfu	Chōfu	35.6592	139.5484	242614
chũ	Chũ	21.3738	106.5665	127881
chūru	Chūru	28.3041	74.9672	120157
chūō	Chūō	35.67	139.7754	169179
chơn thành	Chơn Thành	11.4282	106.6354	121083
chợ lớn	Chợ Lớn	10.75	106.65	561000
ch’ŏngdan-ŭp	Ch’ŏngdan-ŭp	37.9703	125.9375	142607
ciamis	Ciamis	-7.3257	108.3534	109839
ciampea	Ciampea	-6.5547	106.7008	207212
cianjur	Cianjur	-6.8222	107.1394	174587
cibinong	Cibinong	-6.4817	106.8542	363424
cidade ademar	Cidade Ademar	-23.6738	-46.6568	249218
cidade dutra	Cidade Dutra	-23.7258	-46.7024	182459
cidade lider	Cidade Lider	-23.562	-46.4913	136660
cidade tiradentes	Cidade Tiradentes	-23.5848	-46.4008	192177
ciego de avila	Ciego de Ávila	21.8422	-78.7603	142027
ciego de ávila	Ciego de Ávila	21.8422	-78.7603	142027
cienfuegos	Cienfuegos	22.1468	-80.4481	186644
cigli	Çiğli	38.4965	27.0703	214065
cikampek	Cikampek	-6.4197	107.4558	127173
cikarang	Cikarang	-6.2611	107.1528	106479
cikupa	Cikupa	-6.2364	106.5083	174041
cilacap	Cilacap	-7.7264	109.0094	256996
cilegon	Cilegon	-6.0144	106.0542	470378
cileungsir	Cileungsir	-6.3947	106.9592	289833
cileunyi	Cileunyi	-6.9389	107.7528	111476
cimahi	Cimahi	-6.8722	107.5425	581994
cincinnati	Cincinnati	39.1271	-84.5144	311097
ciputat	Ciputat	-6.2375	106.6956	207858
circoiscrizione ii	Circoiscrizione II	45.0501	7.6405	141344
circoiscrizione iii	Circoiscrizione III	45.0628	7.6307	130709
circoiscrizione v	Circoiscrizione V	45.1015	7.6554	126666
circoiscrizione vi	Circoiscrizione VI	45.1022	7.7003	107369
circoiscrizione viii	Circoiscrizione VIII	45.0379	7.6717	134028
cirebon	Cirebon	-6.7063	108.557	344851
cite soleil	Cité Soleil	18.5803	-72.3381	265072
citeureup	Citeureup	-6.4856	106.8819	214668
city of port phillip	City of Port Phillip	-37.8338	144.9383	112669
city of westminster	City of Westminster	51.4975	-0.1357	247614
cité soleil	Cité Soleil	18.5803	-72.3381	265072
ciudad acuna	Ciudad Acuña	29.3232	-100.9522	216099
ciudad acuña	Ciudad Acuña	29.3232	-100.9522	216099
ciudad apodaca	Ciudad Apodaca	25.7814	-100.1891	467157
ciudad benito juarez	Ciudad Benito Juárez	25.6466	-100.0914	308285
ciudad benito juárez	Ciudad Benito Juárez	25.6466	-100.0914	308285
ciudad bolivar	Ciudad Bolívar	8.1237	-63.5469	412619
ciudad bolívar	Ciudad Bolívar	8.1237	-63.5469	412619
ciudad camilo cienfuegos	Ciudad Camilo Cienfuegos	23.1608	-82.328	178041
ciudad de las heras	Ciudad de Las Heras	-32.8509	-68.836	189067
ciudad de villa de alvarez	Ciudad de Villa de Álvarez	19.2672	-103.7378	117600
ciudad de villa de álvarez	Ciudad de Villa de Álvarez	19.2672	-103.7378	117600
ciudad del carmen	Ciudad del Carmen	18.6459	-91.8299	191238
ciudad del este	Ciudad del Este	-25.5036	-54.6507	301815
ciudad delicias	Ciudad Delicias	28.1901	-105.4701	148045
ciudad general escobedo	Ciudad General Escobedo	25.7966	-100.3177	454967
ciudad guayana	Ciudad Guayana	8.3512	-62.641	978202
ciudad guzman	Ciudad Guzmán	19.7041	-103.4638	111975
ciudad guzmán	Ciudad Guzmán	19.7041	-103.4638	111975
ciudad juarez	Ciudad Juárez	31.7202	-106.4608	1512450
ciudad juárez	Ciudad Juárez	31.7202	-106.4608	1512450
ciudad lazaro cardenas	Ciudad Lázaro Cárdenas	17.9626	-102.1989	196003
ciudad lineal	Ciudad Lineal	40.4451	-3.6513	228171
ciudad lopez mateos	Ciudad López Mateos	19.5579	-99.2567	489160
ciudad lázaro cárdenas	Ciudad Lázaro Cárdenas	17.9626	-102.1989	196003
ciudad lópez mateos	Ciudad López Mateos	19.5579	-99.2567	489160
ciudad madero	Ciudad Madero	22.2475	-97.8367	197216
ciudad nezahualcoyotl	Ciudad Nezahualcoyotl	19.4006	-99.0148	1077208
ciudad obregon	Ciudad Obregón	27.4864	-109.9408	329404
ciudad obregón	Ciudad Obregón	27.4864	-109.9408	329404
ciudad ojeda	Ciudad Ojeda	10.2016	-71.3148	240283
ciudad valles	Ciudad Valles	21.9963	-99.0109	124644
ciudad victoria	Ciudad Victoria	23.7406	-99.1436	332100
ciutat vella	Ciutat Vella	41.3802	2.1732	102347
cixi	Cixi	30.1764	121.2457	1457510
cizre	Cizre	37.3302	42.1848	134041
clarksville	Clarksville	36.5298	-87.3594	166722
clearwater	Clearwater	27.9658	-82.8001	117292
clermont-ferrand	Clermont-Ferrand	45.7797	3.0868	147865
cleveland	Cleveland	41.4995	-81.6954	365379
clovis	Clovis	36.8252	-119.7029	104180
cluj-napoca	Cluj-Napoca	46.7667	23.6	286598
co gjo	Cờ Đỏ	10.0938	105.4292	116576
coacalco	Coacalco	19.6292	-99.1069	277959
coatepeque	Coatepeque	14.7041	-91.8643	105415
coatzacoalcos	Coatzacoalcos	18.149	-94.4447	310698
coban	Cobán	15.4703	-90.3745	212047
cobán	Cobán	15.4703	-90.3745	212047
cochabamba	Cochabamba	-17.3819	-66.1599	841276
codo	Codó	-4.4553	-43.8856	114275
codó	Codó	-4.4553	-43.8856	114275
coimbatore	Coimbatore	11.0055	76.9661	2136916
coimbra	Coimbra	40.2069	-8.42	140796
colatina	Colatina	-19.5394	-40.6306	129301
colchester	Colchester	51.8892	0.9042	130245
colima	Colima	19.2447	-103.7127	146965
colina	Colina	-33.2044	-70.6747	146207
college station	College Station	30.628	-96.3344	107889
colombo	Colombo	6.9355	79.8487	648034
colonia del valle	Colonia del Valle	19.3861	-99.162	250000
colonia lindavista	Colonia Lindavista	19.4916	-99.1248	100000
colorado springs	Colorado Springs	38.8339	-104.8214	456568
columbia	Columbia	34.0007	-81.0348	142416
columbus	Columbus	39.9612	-82.9988	913175
comilla	Comilla	23.4619	91.185	634654
comitan	Comitán	16.24	-92.1367	166178
comitán	Comitán	16.24	-92.1367	166178
commonwealth	Commonwealth	14.6969	121.0801	215034
comodoro rivadavia	Comodoro Rivadavia	-45.8626	-67.494	140850
conakry	Conakry	9.538	-13.6773	1928389
concepcion	Concepción	-36.827	-73.0498	223574
concepción	Concepción	-36.827	-73.0498	223574
concord	Concord	37.978	-122.0311	128667
concordia	Concordia	-31.392	-58.0171	145210
conselheiro lafaiete	Conselheiro Lafaiete	-20.6603	-43.7861	138946
constanta	Constanţa	44.1807	28.6343	317832
constantine	Constantine	36.365	6.6147	448028
constanţa	Constanţa	44.1807	28.6343	317832
contagem	Contagem	-19.9317	-44.0536	627123
copacabana	Copacabana	-22.969	-43.1856	128919
copenhagen	Copenhagen	55.6759	12.5655	1153615
copiapo	Copiapó	-27.3674	-70.3322	129280
copiapó	Copiapó	-27.3674	-70.3322	129280
coquimbo	Coquimbo	-29.9533	-71.3395	161317
coquitlam	Coquitlam	49.2846	-122.7822	148625
coral springs	Coral Springs	26.2712	-80.2706	129485
cordoba	Córdoba	-31.4065	-64.1885	2106734
cork	Cork	51.898	-8.4706	224004
corlu	Çorlu	41.1607	27.8009	202578
coro	Coro	11.4077	-69.6782	246657
corona	Corona	33.8753	-117.5664	164226
coronel	Coronel	-37.0339	-73.1402	107759
coronel fabriciano	Coronel Fabriciano	-19.5186	-42.6289	108708
corpus christi	Corpus Christi	27.8006	-97.3964	316239
corrientes	Corrientes	-27.4678	-58.8344	346334
corum	Çorum	40.5489	34.9533	269595
costa mesa	Costa Mesa	33.6411	-117.9187	113204
cotabato	Cotabato	7.2236	124.2464	383383
cotia	Cotia	-23.6039	-46.9192	253608
cotonou	Cotonou	6.3654	2.4183	679012
coventry	Coventry	52.4066	-1.5122	345324
cox's bazar	Cox’s Bāzār	21.4397	92.0096	253788
cox’s bāzār	Cox’s Bāzār	21.4397	92.0096	253788
coyoacan	Coyoacán	19.3467	-99.1617	614447
coyoacán	Coyoacán	19.3467	-99.1617	614447
craiova	Craiova	44.3167	23.8	234140
crato	Crato	-7.2342	-39.4094	139027
crawley	Crawley	51.113	-0.1831	124008
criciuma	Criciúma	-28.6775	-49.3697	227438
criciúma	Criciúma	-28.6775	-49.3697	227438
croix-des-bouquets	Croix-des-Bouquets	18.5768	-72.2262	229127
croydon	Croydon	51.3833	-0.1	173314
cua	Cúa	10.1624	-66.8825	182558
cuauhtemoc	Cuauhtémoc	19.4451	-99.1461	531831
cuauhtémoc	Cuauhtémoc	19.4451	-99.1461	531831
cuautitlan	Cuautitlán	19.6705	-99.1799	178847
cuautitlan izcalli	Cuautitlán Izcalli	19.6439	-99.216	555163
cuautitlán	Cuautitlán	19.6705	-99.1799	178847
cuautitlán izcalli	Cuautitlán Izcalli	19.6439	-99.216	555163
cuautla	Cuautla	18.813	-98.9551	157336
cubatao	Cubatão	-23.895	-46.4253	114870
cubatão	Cubatão	-23.895	-46.4253	114870
cucuta	Cúcuta	7.9074	-72.5049	777106
cuddalore	Cuddalore	11.7562	79.7669	173636
cuenca	Cuenca	-2.8953	-78.9963	636996
cuernavaca	Cuernavaca	18.9261	-99.2308	338650
cuiaba	Cuiabá	-15.5961	-56.0967	618124
cuiabá	Cuiabá	-15.5961	-56.0967	618124
cuito	Cuíto	-12.3833	16.9333	355423
culiacan	Culiacán	24.8021	-107.3942	808416
culiacán	Culiacán	24.8021	-107.3942	808416
cumana	Cumaná	10.4639	-64.1786	405626
cumaná	Cumaná	10.4639	-64.1786	405626
curico	Curicó	-34.9828	-71.2394	102438
curicó	Curicó	-34.9828	-71.2394	102438
curitiba	Curitiba	-25.4278	-49.2731	1948626
cursino	Cursino	-23.6314	-46.6207	103171
curug	Curug	-6.2658	106.5564	191406
cusco	Cusco	-13.5319	-71.967	428450
cuttack	Cuttack	20.465	85.8793	610189
cuíto	Cuíto	-12.3833	16.9333	355423
cypress	Cypress	29.9691	-95.6972	200839
czestochowa	Częstochowa	50.7965	19.1241	248125
częstochowa	Częstochowa	50.7965	19.1241	248125
cà mau	Cà Mau	9.1768	105.1524	226372
córdoba	Córdoba	-31.4065	-64.1885	2106734
cúa	Cúa	10.1624	-66.8825	182558
cúcuta	Cúcuta	7.9074	-72.5049	777106
cần giuộc	Cần Giuộc	10.6086	106.6714	152200
cần thơ	Cần Thơ	10.0371	105.7883	1507187
cầu giấy	Cầu Giấy	21.0323	105.8007	292536
cẩm phả	Cẩm Phả	21.01	107.2734	190232
cẩm phả mines	Cẩm Phả Mines	21.0167	107.3	135477
cờ đỏ	Cờ Đỏ	10.0938	105.4292	116576
da lat	Ðà Lạt	11.9465	108.4419	258014
da nang	Da Nang	16.0678	108.2208	1276000
dabou	Dabou	5.3256	-4.3769	138083
dabrowa gornicza	Dąbrowa Górnicza	50.3339	19.2048	116971
dachang	Dachang	31.3087	121.4153	371856
dadu	Dadu	26.7303	67.7769	201017
daegu	Daegu	35.8703	128.5911	2365523
daejeon	Daejeon	36.3491	127.3849	1441203
dagenham	Dagenham	51.55	0.1667	108368
dagupan	Dagupan	16.0431	120.3333	171271
daito	Daitō	34.7138	135.6203	119367
daitō	Daitō	34.7138	135.6203	119367
dajal	Dajal	29.5577	70.3761	200000
dakar	Dakar	14.6937	-17.4441	2646503
dakhla	Dakhla	23.6848	-15.958	106277
dali	Dali	25.5847	100.2123	235305
dalian	Dalian	38.9122	121.6022	7450785
daliang	Daliang	22.8407	113.2503	210411
dallas	Dallas	32.7831	-96.8067	1326087
daloa	Daloa	6.8773	-6.4502	421871
dalupura	Dalūpura	28.6057	77.319	154791
daly city	Daly City	37.7058	-122.4619	106562
dalūpura	Dalūpura	28.6057	77.319	154791
dam dam	Dam Dam	22.6334	88.4229	122719
damanhur	Damanhur	31.0341	30.4682	318207
damascus	Damascus	33.5102	36.2913	1569394
damietta	Damietta	31.4165	31.8133	305920
dammam	Dammam	26.4344	50.1033	1252523
damoh	Damoh	23.8331	79.4419	139561
dandong	Dandong	40.1292	124.3947	2188436
danli	Danlí	14.0333	-86.5833	233789
danlí	Danlí	14.0333	-86.5833	233789
danshui	Danshui	25.172	121.4429	189271
daoukro	Daoukro	7.0591	-3.9631	101136
daqing	Daqing	46.5833	125.0	1604027
dar bouazza	Dar Bouazza	33.5153	-7.8168	165295
dar es salaam	Dar es Salaam	-6.8235	39.2695	5383728
darbhanga	Darbhanga	26.1522	85.8971	296039
darjiling	Dārjiling	27.0333	88.2667	123797
darmstadt	Darmstadt	49.8717	8.6503	167029
darnah	Darnah	32.767	22.6367	102581
darnytsya	Darnytsya	50.416	30.6953	343384
dartmouth	Dartmouth	44.6713	-63.5772	101343
darwin	Darwin	-12.4611	130.8418	139902
dasha	Dasha	23.1104	113.4418	116307
daska kalan	Daska Kalan	32.3242	74.3504	126924
dasmarinas	Dasmariñas	14.3294	120.9367	441876
dasmariñas	Dasmariñas	14.3294	120.9367	441876
dasoguz	Daşoguz	41.8362	59.9666	201142
datia	Datia	25.6731	78.4591	100284
datong	Datong	40.0936	113.2914	3105591
datun	Datun	34.8092	116.9017	110258
daule	Daule	-1.8603	-79.9768	173684
daur	Daur	26.4553	68.3183	128958
davangere	Davangere	14.4669	75.9269	435128
davao	Davao	7.0731	125.6128	1848947
davenport	Davenport	41.5236	-90.5776	102582
davie	Davie	26.0629	-80.2331	100882
dawei	Dawei	14.0823	98.1915	136783
dawukou	Dawukou	39.0419	106.3958	131880
daxing	Daxing	39.7403	116.3269	104904
daxing'anling	Daxing’anling	52.3338	124.7124	520000
daxing’anling	Daxing’anling	52.3338	124.7124	520000
daye	Daye	30.0833	114.95	871214
dayrah	Dayrah	25.2714	55.3021	400000
dayrut	Dayrūţ	27.5564	30.8106	102570
dayrūţ	Dayrūţ	27.5564	30.8106	102570
dayton	Dayton	39.7589	-84.1916	135512
dazhou	Dazhou	31.2106	107.4631	1589435
daşoguz	Daşoguz	41.8362	59.9666	201142
dc	Washington	38.8951	-77.0364	689545
dchira el jihadia	Dchira El Jihadia	30.3734	-9.5476	109564
debre birhan	Debre Birhan	9.6795	39.5326	146900
debre mark'os	Debre Mark’os	10.35	37.7333	140700
debre mark’os	Debre Mark’os	10.35	37.7333	140700
debre tabor	Debre Tabor	11.85	38.0167	125300
debrecen	Debrecen	47.5317	21.6244	202402
deer valley	Deer Valley	33.6839	-112.1349	165656
deesa	Deesa	24.2561	72.1793	111160
dehiwala-mount lavinia	Dehiwala-Mount Lavinia	6.8402	79.8712	219827
dehradun	Dehradun	30.3244	78.0339	522081
dehui	Dehui	44.5367	125.6943	108818
deir ez-zor	Deir ez-Zor	35.3359	40.1408	271800
delegacion cuajimalpa de morelos	Delegación Cuajimalpa de Morelos	19.3692	-99.2909	160491
delegación cuajimalpa de morelos	Delegación Cuajimalpa de Morelos	19.3692	-99.2909	160491
delhi	Delhi	28.6519	77.2315	11034555
delhi cantonment	Delhi Cantonment	28.6	77.1333	110351
delicias	Delicias	41.6493	-0.9076	110520
delmas	Delmas	18.5448	-72.3004	395260
delta	Delta	49.0892	-123.0532	101668
dengzhou	Dengzhou	32.6827	112.0887	285032
denizli	Denizli	37.7742	29.0875	313238
denpasar	Denpasar	-8.65	115.2167	670210
denton	Denton	33.2148	-97.1331	131044
denver	Denver	39.7392	-104.9847	729019
deoghar	Deoghar	24.4898	86.699	203123
deoli	Deoli	28.5025	77.2312	169122
deoria	Deoria	26.5017	83.7794	129570
depok	Depok	-6.4	106.8186	2163635
dera ghazi khan	Dera Ghazi Khan	30.0459	70.6403	494464
dera ismail khan	Dera Ismail Khan	31.8313	70.9017	763195
dera murad jamali	Dera Murad Jamali	28.5466	68.2231	106952
derbent	Derbent	42.0662	48.2876	105965
derby	Derby	52.9228	-1.4766	270468
derince	Derince	40.7569	29.8147	125485
des moines	Des Moines	41.6005	-93.6091	214133
desna	Desna	50.5221	30.6823	368500
desnyanskyi	Desnyanskyi	51.5063	31.3168	179600
dessalines	Dessalines	19.2618	-72.5161	181903
dessie	Dessie	11.1333	39.6333	270400
detroit	Detroit	42.3314	-83.0457	645705
dewas	Dewas	22.9658	76.0553	289550
deyang	Deyang	31.1302	104.382	735070
dezful	Dezful	32.3811	48.4058	264709
dezhou	Dezhou	37.4466	116.3671	679535
dhaka	Dhaka	23.7104	90.4074	10356500
dhamar	Dhamār	14.5427	44.4051	160114
dhamtari	Dhamtari	20.7072	81.5487	101677
dhamār	Dhamār	14.5427	44.4051	160114
dhanbad	Dhanbad	23.7976	86.4299	1196214
dhangadhi	Dhangaḍhi̇̄	28.7016	80.5899	204788
dhangaḍhi̇̄	Dhangaḍhi̇̄	28.7016	80.5899	204788
dharan	Dharān	26.8144	87.2797	173096
dharashiv	Dharashiv	18.1816	76.0389	112085
dharavi	Dhārāvi	19.05	72.8667	700000
dharmavaram	Dharmavaram	14.4144	77.7203	121874
dharān	Dharān	26.8144	87.2797	173096
dhaulpur	Dhaulpur	26.6929	77.8797	133075
dhirkot	Dhirkot	34.0392	73.5769	195000
dhule	Dhule	20.9013	74.7774	375559
dhārāvi	Dhārāvi	19.05	72.8667	700000
di an	Dĩ An	10.9068	106.7694	463023
diadema	Diadema	-23.6861	-46.6228	403579
dibrugarh	Dibrugarh	27.4799	94.9084	145488
didao	Didao	45.3473	130.8369	109561
diepsloot	Diepsloot	-25.9331	28.0121	350000
diez de octubre	Diez de Octubre	23.0881	-82.3597	227293
digos	Digos	6.7497	125.3572	116122
digri	Digri	25.1566	69.111	234578
dihok	Dihok	36.8661	42.9879	340900
dijon	Dijon	47.3134	5.0139	159941
dikirnis	Dikirnis	31.089	31.5948	101082
dila	Dīla	6.4167	38.3167	158800
dili	Dili	-8.5586	125.5736	150000
dimapur	Dimāpur	25.9117	93.7217	135860
dimitrovgrad	Dimitrovgrad	54.2139	49.6184	132226
dimāpur	Dimāpur	25.9117	93.7217	135860
din daeng	Din Daeng	13.7904	100.5701	130220
dinaig	Dinaig	7.1699	124.2084	116768
dinajpur	Dinajpur	25.6274	88.6378	206234
dinapore	Dinapore	25.637	85.0479	152940
dinapur nizamat	Dinapur Nizamat	25.6385	85.0512	182429
dindigul	Dindigul	10.369	77.9804	292512
dingxi	Dingxi	35.5709	104.623	420614
dingzhou	Dingzhou	38.5147	114.9868	152934
diourbel	Diourbel	14.6479	-16.2436	157554
dire dawa	Dire Dawa	9.5931	41.8661	343000
disuq	Disūq	31.1326	30.6478	149291
disūq	Disūq	31.1326	30.6478	149291
divinopolis	Divinópolis	-20.1436	-44.8907	231091
divinópolis	Divinópolis	-20.1436	-44.8907	231091
divo	Divo	5.8374	-5.3572	136627
dixinn	Dixinn	9.5511	-13.6731	137287
diyarbakir	Diyarbakır	37.9136	40.2172	1833684
diyarbakır	Diyarbakır	37.9136	40.2172	1833684
djelfa	Djelfa	34.6728	3.263	265833
djibouti	Djibouti	11.589	43.145	626512
dnipro	Dnipro	48.4666	35.0407	968502
dniprovskyi	Dniprovskyi	50.4537	30.6015	357900
dodoma	Dodoma	-6.1722	35.7395	765179
doha	Doha	25.2855	51.531	344939
dohad	Dohad	22.8328	74.2599	118846
doilungdeqen	Doilungdêqên	29.655	90.9918	137451
doilungdêqên	Doilungdêqên	29.655	90.9918	137451
dokri	Dokri	27.3742	68.0971	125000
dolisie	Dolisie	-4.1983	12.6666	121000
dombivali	Dombivali	19.2167	73.0833	1247327
donaustadt	Donaustadt	48.2333	16.46	187007
doncaster	Doncaster	53.5228	-1.1312	113566
donetsk	Donetsk	48.023	37.8022	901645
dong ha	Ðông Hà	16.8163	107.1003	164228
dongcun	Dongcun	36.7767	121.1597	658000
dongguan	Dongguan	23.018	113.7487	9644871
donghae city	Donghae City	37.5439	129.1069	101128
donghai	Donghai	22.9459	115.642	264709
donghe	Donghe	40.5661	110.0197	484218
dongling	Dongling	41.8144	123.5758	171454
dongsheng	Dongsheng	39.8161	109.9776	574242
dongtai	Dongtai	32.8523	120.3095	262873
dongxing	Dongxing	21.55	107.9667	130000
dongyang	Dongyang	29.2678	120.2253	130387
dongying	Dongying	37.4627	118.4917	998968
donostia / san sebastián	Donostia / San Sebastián	43.3128	-1.975	185357
dordrecht	Dordrecht	51.81	4.6736	119260
dortmund	Dortmund	51.5149	7.466	588462
dorud	Dorūd	33.4922	49.0616	121638
dorūd	Dorūd	33.4922	49.0616	121638
dos hermanas	Dos Hermanas	37.2829	-5.9209	122943
dosquebradas	Dosquebradas	4.8392	-75.6673	206693
douala	Douala	4.0483	9.7043	1338082
douliu	Douliu	23.7094	120.5433	107924
dourados	Dourados	-22.2211	-54.8056	264017
downey	Downey	33.94	-118.1326	114219
drammen	Drammen	59.7439	10.2045	106013
dresden	Dresden	51.0509	13.7383	564904
dubai	Dubai	25.0772	55.3093	3790000
dubai investments park	Dubai Investments Park	25.0083	55.1568	160000
dubai marina	Dubai Marina	25.0852	55.1465	120000
dublin	Dublin	53.3331	-6.2489	1024027
dubreka	Dubréka	9.7911	-13.5233	182296
dubréka	Dubréka	9.7911	-13.5233	182296
dudley	Dudley	52.5	-2.0833	199059
duekoue	Duekoué	6.742	-7.3492	117023
duekoué	Duekoué	6.742	-7.3492	117023
duesseldorf	Düsseldorf	51.2232	6.7793	618685
duezce	Düzce	40.8389	31.1639	194097
duisburg	Duisburg	51.4325	6.7652	504358
duma	Dūmā	33.5718	36.4027	111864
dumaguete	Dumaguete	9.3065	123.3077	113541
dumai	Dumai	1.6671	101.4432	349389
dundee	Dundee	56.4691	-2.9749	148210
dundo	Dundo	-7.3664	20.8156	177604
dunedin	Dunedin	-45.8742	170.5036	132800
dunhua	Dunhua	43.3695	128.2286	148844
dunhuang	Dunhuang	40.1667	94.6833	186027
duque de caxias	Duque de Caxias	-22.7856	-43.3117	866347
durban	Durban	-29.8579	31.0292	3338026
durg	Durg	21.1915	81.2762	268806
durgapur	Durgapur	23.5158	87.308	518872
durham	Durham	35.994	-78.8986	257636
durres	Durrës	41.3235	19.4547	195920
durrës	Durrës	41.3235	19.4547	195920
dushan	Dushan	25.8333	107.5333	265083
dushanbe	Dushanbe	38.5358	68.779	679400
dusit	Dusit	13.7771	100.5196	107655
duyun	Duyun	26.2667	107.5167	529688
dzerzhinsk	Dzerzhinsk	56.2442	43.4554	233126
düsseldorf	Düsseldorf	51.2232	6.7793	618685
düzce	Düzce	40.8389	31.1639	194097
dārjiling	Dārjiling	27.0333	88.2667	123797
dąbrowa górnicza	Dąbrowa Górnicza	50.3339	19.2048	116971
dĩ an	Dĩ An	10.9068	106.7694	463023
dīla	Dīla	6.4167	38.3167	158800
dūmā	Dūmā	33.5718	36.4027	111864
e'zhou	E’zhou	30.3961	114.8865	668727
east chattanooga	East Chattanooga	35.0654	-85.2491	154024
east flatbush	East Flatbush	40.6537	-73.9304	178464
east hampton	East Hampton	37.0374	-76.3316	147993
east harlem	East Harlem	40.7947	-73.9425	115921
east helsinki	East Helsinki	60.2104	25.0829	170557
east independence	East Independence	39.0956	-94.3552	110675
east jerusalem	East Jerusalem	31.7834	35.2339	428304
east london	East London	-33.0153	27.9116	478676
east los angeles	East Los Angeles	34.0239	-118.172	126496
east new york	East New York	40.6668	-73.8824	173198
eastbourne	Eastbourne	50.7687	0.2845	101689
ebetsu	Ebetsu	43.1081	141.5506	133953
ebina	Ebina	35.3812	139.3965	136516
ebolowa	Ébolowa	2.9	11.15	101363
ebute ikorodu	Ebute Ikorodu	6.6009	3.4882	535619
ecatepec de morelos	Ecatepec de Morelos	19.6049	-99.0606	1645352
ede	Ede	7.7363	4.4354	159866
edea	Edéa	3.8	10.1333	103861
edinburgh	Edinburgh	55.9521	-3.1965	514990
edirne	Edirne	41.6772	26.556	180002
edison	Edison	40.5187	-74.4121	102548
edmonton	Edmonton	53.5501	-113.4687	1010899
edogawe	Edogawe	35.6923	139.8731	697932
edéa	Edéa	3.8	10.1333	103861
efon-alaaye	Efon-Alaaye	7.6565	4.9223	279319
eimsbuettel	Eimsbüttel	53.5742	9.9568	269118
eimsbüttel	Eimsbüttel	53.5742	9.9568	269118
eindhoven	Eindhoven	51.4408	5.4778	235691
eixample	Eixample	41.389	2.1618	266477
ejido	Ejido	8.5466	-71.2409	120978
ejigbo	Ejigbo	7.903	4.3136	138357
ekibastuz	Ekibastuz	51.7237	75.3229	121470
el achir	El Achir	36.0639	4.6274	158333
el cajon	El Cajon	32.7948	-116.9625	103679
el daein	El Daein	11.4619	26.1258	264734
el dibir	El Dibir	11.7667	51.2167	200000
el eulma	El Eulma	36.1528	5.6902	145380
el fasher	El Fasher	13.6279	25.3494	252609
el geneina fort	El Geneina Fort	13.4748	22.4574	134264
el jadida	El Jadida	33.2568	-8.5088	212863
el kelaa des srarhna	El Kelaa des Srarhna	32.0512	-7.4108	103982
el limon	El Limón	10.3059	-67.6321	148247
el limón	El Limón	10.3059	-67.6321	148247
el monte	El Monte	34.0686	-118.0276	116732
el mourouj	El Mourouj	36.7136	10.2096	120732
el obeid	El Obeid	13.1842	30.2167	393311
el oued	El Oued	33.3561	6.8632	186525
el paso	El Paso	31.7587	-106.4869	678815
el progreso	El Progreso	15.4	-87.8	100810
el tigre	El Tigre	8.889	-64.2527	222450
el vigia	El Vigía	8.6135	-71.657	162289
el vigía	El Vigía	8.6135	-71.657	162289
elazig	Elazığ	38.6743	39.2232	443363
elazığ	Elazığ	38.6743	39.2232	443363
elbasan	Elbasan	41.1114	20.0822	100903
elblag	Elbląg	54.1522	19.4088	127558
elbląg	Elbląg	54.1522	19.4088	127558
elche	Elche	38.2622	-0.7011	234765
eldoret	Eldoret	0.5204	35.2699	475716
elektrostal'	Elektrostal’	55.7865	38.4571	144387
elektrostal’	Elektrostal’	55.7865	38.4571	144387
elgin	Elgin	42.0373	-88.2812	112111
elista	Elista	46.3079	44.2554	106971
elizabeth	Elizabeth	40.664	-74.2107	129007
elk grove	Elk Grove	38.4088	-121.3716	166913
elmhurst	Elmhurst	40.7365	-73.8779	113364
eloy alfaro	Eloy Alfaro	-2.1692	-79.8399	315724
eluru	Eluru	16.7131	81.1044	218020
emalahleni	Emalahleni	-25.8713	29.2332	373403
embalenhle	eMbalenhle	-26.5333	29.0667	142443
embu das artes	Embu das Artes	-23.6489	-46.8522	259788
eminabad	Eminabad	32.0424	74.26	150646
encheng	Encheng	22.1866	112.3042	110921
enfield town	Enfield Town	51.6515	-0.085	156858
engels	Engels	51.4839	46.1053	196011
enschede	Enschede	52.2183	6.8958	153655
ensenada	Ensenada	31.8715	-116.6007	443807
enshi	Enshi	30.3	109.4833	279185
entebbe	Entebbe	0.0562	32.4795	102600
enterprise	Enterprise	36.0252	-115.2419	108481
enugu	Enugu	6.4413	7.4988	950000
envigado	Envigado	6.1759	-75.5917	163007
epworth	Epworth	-17.89	31.1475	206365
erbil	Erbil	36.1912	44.0094	1612700
erebuni	Erebuni	40.1331	44.5301	129700
eregli	Ereğli	37.5133	34.0467	156253
ereğli	Ereğli	37.5133	34.0467	156253
erfurt	Erfurt	50.9773	11.0354	218793
erlangen	Erlangen	49.591	11.0078	102675
ermelino matarazzo	Ermelino Matarazzo	-23.4947	-46.4739	112333
ermelo	Ermelo	-26.5333	29.9833	100324
erode	Erode	11.3428	77.7274	521891
errachidia	Errachidia	31.9314	-4.4266	100870
erzincan	Erzincan	39.7392	39.4901	150714
erzurum	Erzurum	39.9086	41.2769	767848
escondido	Escondido	33.1192	-117.0864	151038
escuintla	Escuintla	14.301	-90.7882	156313
esenler	Esenler	41.0435	28.8762	520235
esenyurt	Esenyurt	41.027	28.6773	983571
eskisehir	Eskişehir	39.7767	30.5206	921630
eskişehir	Eskişehir	39.7767	30.5206	921630
eslamshahr	Eslamshahr	35.5522	51.235	450000
esmeraldas	Esmeraldas	0.9592	-79.654	218727
esna	Esna	25.2934	32.554	462787
espoo	Espoo	60.2052	24.6522	323910
essen	Essen	51.4566	7.0123	593085
esuk oron	Esuk Oron	4.8029	8.2534	112033
etah	Etah	27.5588	78.6569	131023
etawah	Etāwah	26.7762	79.0213	257448
etobicoke	Etobicoke	43.6442	-79.5699	365000
etwatwa	Etwatwa	-26.1252	28.4547	151866
etāwah	Etāwah	26.7762	79.0213	257448
eugene	Eugene	44.0521	-123.0867	176654
eunapolis	Eunápolis	-16.3775	-39.5803	121067
eunápolis	Eunápolis	-16.3775	-39.5803	121067
evansville	Evansville	37.9748	-87.5559	119943
evaton	Evaton	-26.5333	27.85	725468
everett	Everett	47.979	-122.2021	108010
exeter	Exeter	50.7236	-3.5275	130709
ezeiza	Ezeiza	-34.8544	-58.5247	115021
ezhou	Ezhou	30.4	114.8333	193652
e’zhou	E’zhou	30.3961	114.8865	668727
facatativa	Facatativá	4.8137	-74.3545	141762
facatativá	Facatativá	4.8137	-74.3545	141762
fairfield	Fairfield	38.2494	-122.04	112970
faisalabad	Faisalabad	31.4155	73.0897	3800193
fangchenggang	Fangchenggang	21.7694	108.3566	276315
fanling	Fanling	22.4949	114.1395	263200
faqus	Fāqūs	30.7282	31.797	116945
fardis	Fardīs	35.7555	50.9967	181174
fardīs	Fardīs	35.7555	50.9967	181174
fargo	Fargo	46.8772	-96.7898	118523
faridabad	Faridabad	28.4112	77.3132	1414050
faridpur	Farīdpur	23.6061	89.8406	112187
farrukhabad	Farrukhābād	27.3913	79.5793	241152
farrukhābād	Farrukhābād	27.3913	79.5793	241152
farīdpur	Farīdpur	23.6061	89.8406	112187
fatehpur	Fatehpur	25.9277	80.8127	166480
fatih	Fatih	41.0225	28.9408	356025
favoriten	Favoriten	48.1612	16.3823	201882
fayetteville	Fayetteville	35.0527	-78.8784	201963
fazenda rio grande	Fazenda Rio Grande	-25.6575	-49.3081	148873
feicheng	Feicheng	36.2486	116.7658	968100
feira de santana	Feira de Santana	-12.2667	-38.9667	616272
fendou	Fendou	46.6414	124.8628	226298
fengcheng	Fengcheng	40.4536	124.0717	580000
fenghuang	Fenghuang	27.9356	109.5996	370000
fengshan	Fengshan	22.6266	120.3613	356463
fengxiang	Fengxiang	30.8584	121.4678	1140872
fergana	Fergana	40.3842	71.7843	299200
fernando de la mora	Fernando de la Mora	-25.3386	-57.5217	120167
ferrara	Ferrara	44.838	11.6206	132009
ferraz de vasconcelos	Ferraz de Vasconcelos	-23.5408	-46.3686	179198
fes	Fes	34.0331	-5.0003	1191905
fes al bali	Fès al Bali	34.0701	-4.9547	156000
fianarantsoa	Fianarantsoa	-21.4527	47.0857	203105
firozabad	Fīrozābād	27.1509	78.3978	306409
firozpur	Firozpur	30.9257	74.6131	110313
florence	Florence	43.7792	11.2463	367150
florencia	Florencia	1.6155	-75.6041	168346
florianopolis	Florianópolis	-27.5967	-48.5492	508826
florianópolis	Florianópolis	-27.5967	-48.5492	508826
floridablanca	Floridablanca	7.0622	-73.0864	267591
floridsdorf	Floridsdorf	48.25	16.4	162779
foggia	Foggia	41.4584	15.5519	137032
fontana	Fontana	34.0922	-117.4351	212704
fontanar	Fontanar	23.0239	-82.408	178601
forli	Forlì	44.2218	12.0414	116696
forlì	Forlì	44.2218	12.0414	116696
formosa	Formosa	-26.1849	-58.1731	222226
fort collins	Fort Collins	40.5853	-105.0844	170924
fort lauderdale	Fort Lauderdale	26.1223	-80.1434	183146
fort wayne	Fort Wayne	41.1306	-85.1289	260326
fort worth	Fort Worth	32.7254	-97.3208	1008106
fortaleza	Fortaleza	-3.7172	-38.5431	2400000
fortechnyi	Fortechnyi	48.4986	32.2537	167451
foshan	Foshan	23.0268	113.1315	9042509
foumban	Foumban	5.7266	10.8986	130287
foz do iguacu	Foz do Iguaçu	-25.5478	-54.5881	297352
foz do iguaçu	Foz do Iguaçu	-25.5478	-54.5881	297352
franca	Franca	-20.5386	-47.4008	365494
franceville	Franceville	-1.6333	13.5836	132895
francisco beltrao	Francisco Beltrão	-26.0811	-53.055	102312
francisco beltrão	Francisco Beltrão	-26.0811	-53.055	102312
francisco morato	Francisco Morato	-23.2817	-46.7453	165139
francistown	Francistown	-21.17	27.5078	103417
franco da rocha	Franco da Rocha	-23.3217	-46.7269	144849
frankfurt am main	Frankfurt am Main	50.1155	8.6842	650000
freetown	Freetown	8.4871	-13.2356	802639
freguesia do o	Freguesia do Ó	-23.4988	-46.6998	137240
freguesia do ó	Freguesia do Ó	-23.4988	-46.6998	137240
freiburg	Freiburg	47.9959	7.8522	237460
fremont	Fremont	37.5483	-121.9886	232206
fresnillo	Fresnillo	23.1749	-102.8679	143281
fresno	Fresno	36.7477	-119.7724	542107
friedrichshain	Friedrichshain	52.5156	13.4548	117829
friedrichshain bezirk	Friedrichshain	52.5156	13.4548	117829
frisco	Frisco	33.1507	-96.8236	154407
fu'an	Fu’an	27.0913	119.6445	154439
fuchu	Fuchū	35.6745	139.4822	262790
fuchū	Fuchū	35.6745	139.4822	262790
fuding	Fuding	27.3273	120.214	192352
fuencarral	Fuencarral	40.5	-3.6833	238765
fuencarral-el pardo	Fuencarral-El Pardo	40.4984	-3.7314	220085
fuenlabrada	Fuenlabrada	40.2842	-3.7942	190496
fuerth	Fürth	49.4759	10.9886	132036
fujairah	Fujairah	25.1164	56.3414	118933
fuji	Fuji	35.1667	138.6833	245392
fujieda	Fujieda	34.8667	138.2667	145032
fujimino	Fujimino	35.902	139.5249	113597
fujinomiya	Fujinomiya	35.2167	138.6167	132507
fujisawa	Fujisawa	35.3493	139.4767	439728
fukayacho	Fukayachō	36.2	139.2833	141268
fukayachō	Fukayachō	36.2	139.2833	141268
fukui-shi	Fukui-shi	36.0644	136.2226	262328
fukuoka	Fukuoka	33.6	130.4167	1612392
fukushima	Fukushima	37.75	140.4667	294237
fukuyama	Fukuyama	34.4833	133.3667	468812
fuling	Fuling	29.71	107.3939	268658
fullerton	Fullerton	33.8703	-117.9253	140847
funchal	Funchal	32.6657	-16.9255	105795
funtua	Funtua	11.5235	7.3117	136811
funza	Funza	4.7164	-74.212	116890
fushun	Fushun	41.8867	123.9436	1400646
fuxin	Fuxin	42.0156	121.6589	689050
fuyang	Fuyang	32.9	115.8167	1768947
fuyu	Fuyu	45.1833	124.8167	138704
fuzhou	Fuzhou	26.0614	119.3061	8291268
fu’an	Fu’an	27.0913	119.6445	154439
fyzabad	Fyzābād	26.7755	82.1502	153047
fyzābād	Fyzābād	26.7755	82.1502	153047
fès al bali	Fès al Bali	34.0701	-4.9547	156000
fürth	Fürth	49.4759	10.9886	132036
fāqūs	Fāqūs	30.7282	31.797	116945
fīrozābād	Fīrozābād	27.1509	78.3978	306409
gabela	Gabela	-10.8515	14.3799	116903
gabes	Gabès	33.8815	10.0982	110075
gaborone	Gaborone	-24.6545	25.9086	246325
gabès	Gabès	33.8815	10.0982	110075
gadag	Gadag	15.4298	75.6297	172612
gadag-betageri	Gadag-Betageri	15.4167	75.6167	172813
gagnoa	Gagnoa	6.1319	-5.9506	277044
gainesville	Gainesville	29.6516	-82.3248	145214
gajuwaka	Gajuwaka	17.7	83.2167	258944
galati	Galaţi	45.4369	28.0503	217851
galaţi	Galaţi	45.4369	28.0503	217851
gama	Gama	-16.0251	-48.0712	139467
gandajika	Gandajika	-6.745	23.9533	208051
gandhidham	Gāndhīdhām	23.0833	70.1333	247992
gandhinagar	Gandhinagar	23.2167	72.6833	292797
gangapur	Gangāpur	26.4725	76.7174	120115
gangavati	Gangavati	15.4313	76.5293	114642
gangneung	Gangneung	37.7527	128.8724	208161
gangtok	Gangtok	27.3257	88.6122	100286
gangu chengguanzhen	Gangu Chengguanzhen	34.7356	105.3263	103589
gangāpur	Gangāpur	26.4725	76.7174	120115
ganja	Ganja	40.6816	46.3613	330663
ganzhou	Ganzhou	25.8466	114.9326	1977253
gao	Gao	16.2717	-0.0447	133110
gaojing	Gaojing	31.3223	121.4751	127512
gaomi	Gaomi	36.3833	119.7528	391986
gaoping	Gaoping	30.7758	106.1029	204368
gaozhou	Gaozhou	21.9197	110.8568	1328658
gapan	Gapan	15.3072	120.9464	129610
garanhuns	Garanhuns	-8.882	-36.5022	151803
garden grove	Garden Grove	33.7739	-117.9415	175393
gardez	Gardez	33.5974	69.2259	103601
garhi khairo	Garhi Khairo	28.0572	67.979	193297
garissa	Garissa	-0.4527	39.646	163399
garland	Garland	32.9126	-96.6389	236897
garut	Garut	-7.245	107.921	131809
gashua	Gashua	12.874	11.0406	125817
gasteiz / vitoria	Gasteiz / Vitoria	42.85	-2.6727	257407
gatineau	Gatineau	45.4772	-75.7016	300045
gaya	Gaya	24.7969	85.0038	474093
gaza	Gaza	31.5016	34.4667	410000
gaziantep	Gaziantep	37.0594	37.3825	2222415
gazipur	Gazipur	23.9984	90.4223	2674697
gboko	Gboko	7.3228	9.0011	365000
gbongan	Gbongan	7.4773	4.3535	139485
gdansk	Gdańsk	54.3523	18.6491	487371
gdańsk	Gdańsk	54.3523	18.6491	487371
gdynia	Gdynia	54.5189	18.5319	257000
gebze	Gebze	40.8028	29.4307	281436
geelong	Geelong	-38.1471	144.3607	282809
geita	Geita	-2.8725	32.2325	318006
gejiu	Gejiu	23.3608	103.1537	136135
gelsenkirchen	Gelsenkirchen	51.5051	7.0965	270028
gemena	Gemena	3.2565	19.7723	197159
general santos	General Santos	6.1128	125.1717	722059
geneva	Geneva	46.2022	6.1457	201741
genoa	Genoa	44.4048	8.9444	580097
gent	Gent	51.05	3.7167	265086
geoje	Geoje	34.8138	128.7056	232921
george	George	-33.963	22.4617	188580
george town	George Town	5.4112	100.3354	158336
georgetown	Georgetown	6.8045	-58.1553	235017
gera	Gera	50.8803	12.0819	104659
gereida	Gereida	11.2754	25.1403	120000
germiston	Germiston	-26.2348	28.1766	255863
getafe	Getafe	40.3057	-3.733	187525
geylang	Geylang	1.3195	103.8869	110201
ghardaia	Ghardaïa	32.4909	3.6735	142913
ghardaïa	Ghardaïa	32.4909	3.6735	142913
ghaziabad	Ghāziābād	28.6654	77.4391	1199191
ghazipur	Ghazīpur	25.5833	83.5853	103095
ghazni	Ghazni	33.5539	68.421	141000
ghazīpur	Ghazīpur	25.5833	83.5853	103095
ghotki	Ghotki	28.0044	69.3157	119879
ghulja	Ghulja	43.9151	81.3215	269158
ghāziābād	Ghāziābād	28.6654	77.4391	1199191
gia lam	Gia Lâm	21.02	105.939	309353
gia lâm	Gia Lâm	21.02	105.939	309353
gia rai	Giá Rai	9.2344	105.4583	145340
gifu	Gifu	35.4229	136.7604	402557
gijang	Gijang	35.2442	129.2139	176388
gijon	Gijón	43.5357	-5.6615	271780
gijón	Gijón	43.5357	-5.6615	271780
gilbert	Gilbert	33.3528	-111.789	247542
gilgit	Gilgit	35.9187	74.3124	216760
gillingham	Gillingham	51.3891	0.5486	101187
gimcheon	Gimcheon	36.1218	128.1198	150000
gimpo-si	Gimpo-si	37.6236	126.7142	203391
gingoog	Gingoog	8.8278	125.0997	138895
ginowan	Ginowan	26.2627	127.7615	100125
girardot city	Girardot City	4.3008	-74.8075	107324
giresun	Giresun	40.917	38.3874	125682
girga	Girga	26.3372	31.8929	151256
giridih	Giridih	24.1862	86.3088	114533
giron	Girón	7.0682	-73.1698	108466
girona	Girona	41.9831	2.8249	100266
girón	Girón	7.0682	-73.1698	108466
gisenyi	Gisenyi	-1.7028	29.2564	172357
giza	Giza	30.0094	31.2086	4367343
giá rai	Giá Rai	9.2344	105.4583	145340
gjien ban	Điện Bàn	15.8885	108.2545	226564
gjong gja	Đống Đa	21.013	105.825	371606
gjong hoi	Đồng Hới	17.4688	106.6223	133672
gjong xoai	Đồng Xoài	11.535	106.8832	168000
gjuc pho	Đức Phổ	14.8135	108.9593	155743
gjuc trong	Đưc Trọng	11.7356	108.3733	161232
glasgow	Glasgow	55.8651	-4.2576	626410
glazov	Glazov	58.14	52.6562	100676
glendale	Glendale	33.5386	-112.186	240126
gliwice	Gliwice	50.2976	18.6766	198835
gloucester	Gloucester	45.35	-75.6333	150012
go vap	Gò Vấp	10.8167	106.6833	110850
godhra	Godhra	22.7755	73.6149	143644
godome	Godomè	6.3895	2.3458	253262
godomè	Godomè	6.3895	2.3458	253262
goelbasi	Gölbaşı	39.7904	32.809	165201
goettingen	Göttingen	51.5344	9.9323	122149
goiania	Goiânia	-16.6786	-49.2539	1536097
goiânia	Goiânia	-16.6786	-49.2539	1536097
gojra	Gojra	31.1493	72.6832	214000
gokalpur	Gokalpur	28.7029	77.2896	121870
gol'yanovo	Gol’yanovo	55.823	37.8131	158000
gold coast	Gold Coast	-28.0003	153.4309	640778
golestan	Golestān	35.5183	51.1819	240000
golestān	Golestān	35.5183	51.1819	240000
golfe	Golfe	-8.8664	13.2617	655796
gol’yanovo	Gol’yanovo	55.823	37.8131	158000
goma	Goma	-1.6741	29.2284	432587
gombe	Gombe	10.2897	11.1673	560000
gomez palacio	Gómez Palacio	25.5687	-103.4996	257352
gonbad-e kavus	Gonbad-e Kāvūs	37.25	55.1672	151910
gonbad-e kāvūs	Gonbad-e Kāvūs	37.25	55.1672	151910
gonda city	Gondā City	27.1318	81.9533	133583
gondal	Gondal	21.9607	70.8025	112197
gonder	Gonder	12.6	37.4667	466000
gondia	Gondiā	21.4603	80.192	132813
gondiā	Gondiā	21.4603	80.192	132813
gondā city	Gondā City	27.1318	81.9533	133583
gongheyong	Gongheyong	22.7592	113.7945	204881
gongzhuling	Gongzhuling	43.5007	124.8198	1073000
gorakhpur	Gorakhpur	26.7663	83.3689	674246
gorgan	Gorgān	36.8427	54.4439	244937
gorgān	Gorgān	36.8427	54.4439	244937
gorontalo	Gorontalo	0.5375	123.0625	205390
gorzow wielkopolski	Gorzów Wielkopolski	52.7337	15.225	114567
gorzów wielkopolski	Gorzów Wielkopolski	52.7337	15.225	114567
gothenburg	Gothenburg	57.7072	11.9668	608462
governador valadares	Governador Valadares	-18.8511	-41.9494	266561
goyang-si	Goyang-si	37.6564	126.835	1061752
gqeberha	Gqeberha	-33.9611	25.6149	1050078
gracia	Gràcia	41.4024	2.1564	121502
grajau	Grajaú	-23.7698	-46.6711	384873
grajaú	Grajaú	-23.7698	-46.6711	384873
granada	Granada	37.1882	-3.6067	233532
grand prairie	Grand Prairie	32.746	-96.9978	187809
grand rapids	Grand Rapids	42.9634	-85.6681	195097
gravatai	Gravataí	-29.9422	-50.9928	265074
gravataí	Gravataí	-29.9422	-50.9928	265074
gravesend	Gravesend	40.5976	-73.9651	112229
graz	Graz	47.0673	15.442	303270
greater noida	Greater Noida	28.4962	77.536	293908
greater sudbury	Greater Sudbury	46.49	-80.99	166004
greeley	Greeley	40.4233	-104.7091	108795
green bay	Green Bay	44.5192	-88.0198	105207
greensboro	Greensboro	36.0726	-79.792	285342
grenoble	Grenoble	45.1787	5.7148	158552
gresham	Gresham	45.4982	-122.4315	110553
grogol	Grogol	-7.6011	110.8186	100613
groningen	Groningen	53.2192	6.5667	244807
grozny	Grozny	43.312	45.6889	297137
gràcia	Gràcia	41.4024	2.1564	121502
guacara	Guacara	10.2261	-67.877	198883
guadalajara	Guadalajara	20.6774	-103.3475	1385629
guadalajara de buga	Guadalajara de Buga	3.9009	-76.2978	114316
guadalupe	Guadalupe	25.6766	-100.2591	673616
guaianases	Guaianases	-23.5433	-46.4108	109316
guanabacoa	Guanabacoa	23.1252	-82.3007	112964
guanare	Guanare	9.0393	-69.7336	112286
guang'an	Guang’an	30.4741	106.637	858159
guangshui	Guangshui	31.6199	113.9978	154771
guangyuan	Guangyuan	32.442	105.823	516424
guangzhou	Guangzhou	23.1167	113.25	18676605
guang’an	Guang’an	30.4741	106.637	858159
guankou	Guankou	28.1586	113.6271	1380000
guantanamo	Guantánamo	20.1444	-75.2092	272801
guantánamo	Guantánamo	20.1444	-75.2092	272801
guara	Guará	-15.8098	-47.972	125703
guarapari	Guarapari	-20.6718	-40.502	136311
guarapuava	Guarapuava	-25.3905	-51.4654	189630
guaratingueta	Guaratinguetá	-22.8164	-45.1925	118044
guaratinguetá	Guaratinguetá	-22.8164	-45.1925	118044
guarenas	Guarenas	10.4703	-66.6193	248588
guaruja	Guarujá	-23.9931	-46.2564	294871
guarujá	Guarujá	-23.9931	-46.2564	294871
guarulhos	Guarulhos	-23.4628	-46.5333	1345364
guará	Guará	-15.8098	-47.972	125703
guatemala city	Guatemala City	14.6407	-90.5133	994938
guatire	Guatire	10.474	-66.5424	227666
guayaquil	Guayaquil	-2.1962	-79.8862	2723665
gucun	Gucun	31.3493	121.3934	240185
gudivada	Gudivāda	16.4355	80.9955	118167
gudivāda	Gudivāda	16.4355	80.9955	118167
guediawaye	Guédiawaye	14.7745	-17.4021	329659
guelma	Guelma	36.4621	7.4261	120004
guelmim	Guelmim	28.987	-10.0574	129200
guelph	Guelph	43.5459	-80.256	143740
guigang	Guigang	23.116	109.5947	1086327
guiguinto	Guiguinto	14.8333	120.8833	118173
guilin	Guilin	25.2802	110.2964	1572300
guixi	Guixi	30.3335	107.3454	188980
guiyang	Guiyang	26.5833	106.7167	5987018
gujangbagh	Gujangbagh	37.1093	79.9343	408894
gujranwala	Gujranwala	32.1557	74.187	2511118
gujrat	Gujrat	32.5742	74.0754	574240
guli	Guli	28.8816	120.0331	964203
gulin	Gulin	28.0422	105.8104	116527
gulu	Gulu	2.7746	32.299	177400
gumi	Gumi	36.1136	128.336	404691
guna	Guna	24.6469	77.3113	180935
gunan	Gunan	29.0231	106.648	208010
gundupalaiyam	Gundupālaiyam	11.941	79.8029	300104
gundupālaiyam	Gundupālaiyam	11.941	79.8029	300104
gunpo	Gunpo	37.3675	126.9469	286485
gunsan	Gunsan	35.9786	126.7114	264656
guntakal	Guntakal	15.1711	77.3624	126270
guntur	Guntur	16.2997	80.4573	670073
gunungsitoli	Gunungsitoli	1.2888	97.6143	136707
guri-si	Guri-si	37.5986	127.1394	195236
gurue	Gurúè	-15.4669	36.9778	168971
gurugram	Gurugram	28.4601	77.0263	886519
gurúè	Gurúè	-15.4669	36.9778	168971
gusau	Gusau	12.1702	6.6641	226857
gustavo adolfo madero	Gustavo Adolfo Madero	19.4939	-99.1107	1185772
guwahati	Guwahati	26.1844	91.7458	962334
guyong	Guyong	14.8361	120.9784	155391
guyuan	Guyuan	36.0067	106.2808	411854
guédiawaye	Guédiawaye	14.7745	-17.4021	329659
gwalior	Gwalior	26.2298	78.1734	1054420
gwangju	Gwangju	35.1547	126.9156	1401235
gwangmyeong	Gwangmyeong	37.4772	126.8664	357545
gwangyang	Gwangyang	34.9414	127.6957	154266
gweru	Gweru	-19.45	29.8167	158200
gyanpur	Gyānpur	25.3327	82.4664	200000
gyeongju	Gyeongju	35.8428	129.2117	245365
gyeongsan-si	Gyeongsan-si	35.8233	128.7378	266951
gyor	Győr	47.6833	17.6351	129301
gyumri	Gyumri	40.7931	43.8464	114667
gyānpur	Gyānpur	25.3327	82.4664	200000
győr	Győr	47.6833	17.6351	129301
gò vấp	Gò Vấp	10.8167	106.6833	110850
gómez palacio	Gómez Palacio	25.5687	-103.4996	257352
gölbaşı	Gölbaşı	39.7904	32.809	165201
göttingen	Göttingen	51.5344	9.9323	122149
gāndhīdhām	Gāndhīdhām	23.0833	70.1333	247992
ha long	Hạ Long	20.9505	107.0734	270054
ha tien	Hà Tiên	10.3831	104.4875	100560
ha tinh	Hà Tĩnh	18.3428	105.9057	266321
ha'il	Ha'il	27.5219	41.6907	605930
haarlem	Haarlem	52.3808	4.6368	162543
habikino	Habikino	34.5528	135.591	109479
habra	Hābra	22.842	88.6561	139297
hachinohe	Hachinohe	40.5	141.5	239046
hachioji	Hachiōji	35.6558	139.3239	579355
hachiōji	Hachiōji	35.6558	139.3239	579355
hada'iq al qubbah	Ḩadā’iq al Qubbah	30.0884	31.2835	339612
hadano	Hadano	35.3711	139.2236	163787
hadejia	Hadejia	12.4535	10.0412	110753
haeju	Haeju	38.0406	125.7147	222396
hafar al-batin	Hafar Al-Batin	28.4328	45.9708	271642
hafizabad	Hafizabad	32.071	73.688	318621
hagen	Hagen	51.3608	7.4717	198972
hagonoy	Hagonoy	14.8341	120.7327	123531
hai ba trung	Hai Bà Trưng	21.0134	105.8477	303586
hai bà trưng	Hai Bà Trưng	21.0134	105.8477	303586
hai chau	Hải Châu	15.9167	108.1333	131427
hai duong	Hải Dương	20.941	106.333	241373
haicheng	Haicheng	40.8516	122.7475	191651
haifa	Haifa	32.813	34.9993	285316
haikou	Haikou	20.0342	110.3465	3001600
hailar	Hailar	49.2	119.7	211066
hailin	Hailin	44.5715	129.3854	144443
hailun	Hailun	47.4466	126.9248	109881
haimen	Haimen	23.1935	116.6122	125427
haiphong	Haiphong	20.8648	106.6834	2625200
haizhou	Haizhou	34.5817	119.1289	1101000
hajipur	Hājīpur	25.6854	85.2098	147688
hakodate	Hakodate	41.7758	140.7367	275730
haldia	Haldia	22.0605	88.1098	170695
haldwani	Haldwani	29.2225	79.5286	139497
halifax	Halifax	44.6427	-63.5769	471559
halisahar	Hālīsahar	22.9322	88.4186	128172
halle (saale)	Halle (Saale)	51.4816	11.9795	237865
halwan	Ḩalwān	29.8414	31.3008	230000
hamadan	Hamadān	34.7992	48.5146	528256
hamadān	Hamadān	34.7992	48.5146	528256
hamah	Ḩamāh	35.1318	36.7578	460602
hamamatsu	Hamamatsu	34.7	137.7333	791707
hamburg	Hamburg	53.5507	9.993	1973896
hamburg-mitte	Hamburg-Mitte	53.55	10.0167	301231
hamburg-nord	Hamburg-Nord	53.5894	9.984	315514
hamhung	Hamhŭng	39.9183	127.5364	559056
hamhŭng	Hamhŭng	39.9183	127.5364	559056
hami	Hami	42.8339	93.506	673383
hamilton	Hamilton	43.2501	-79.8496	569353
hamm	Hamm	51.6803	7.8209	178967
hammamet	Hammamet	36.4	10.6167	106326
hammanskraal	Hammanskraal	-25.4089	28.287	112950
hampton	Hampton	37.0299	-76.3452	137148
hanam	Hanam	37.54	127.2056	254415
hancheng	Hancheng	35.4603	110.4292	397020
handa	Handa	34.8833	136.9333	117884
handan	Handan	36.61	114.4876	1358318
handeni	Handeni	-5.4333	38.0167	108968
hanfeng	Hanfeng	31.1695	108.4031	196528
hangu	Hangu	39.2489	117.7892	208369
hangzhou	Hangzhou	30.2936	120.1614	11936010
hanjia	Hanjia	29.2952	108.1613	108430
hannover	Hannover	52.3705	9.7332	515140
hanoi	Hanoi	21.0245	105.8412	8053663
hanumangarh	Hanumāngarh	29.5818	74.3294	155687
hanumāngarh	Hanumāngarh	29.5818	74.3294	155687
hanzhong	Hanzhong	33.0751	107.0221	1006557
hapur	Hāpur	28.7298	77.7807	242920
harar	Harar	9.3139	42.1181	157000
harare	Harare	-17.8277	31.0534	1542813
harbin	Harbin	45.75	126.65	10009854
harburg	Harburg	53.4606	9.9839	169221
hardoi	Hardoī	27.3949	80.1316	122635
hardoī	Hardoī	27.3949	80.1316	122635
hargeysa	Hargeysa	9.56	44.065	477876
haridwar	Haridwar	29.9479	78.1603	186079
harlem	Harlem	40.8079	-73.9454	116345
harrow	Harrow	51.5784	-0.3321	149246
hartford	Hartford	41.7637	-72.6851	121054
harunabad	Harunabad	29.6121	73.138	149679
hashtsal	Hashtsāl	28.6341	77.0577	176877
hashtsāl	Hashtsāl	28.6341	77.0577	176877
hasilpur	Hasilpur	29.6922	72.5457	168146
hassan	Hassan	13.0071	76.0962	155006
hat yai	Hat Yai	7.0084	100.4767	191696
hathazari	Hāthazāri	22.5052	91.8134	498179
hathras	Hāthras	27.5955	78.052	126882
hatsukaichi	Hatsukaichi	34.35	132.3333	114173
havana	Havana	23.133	-82.383	2163824
haveli lakha	Haveli Lakha	30.451	73.6937	122389
hawalli	Ḩawallī	29.3328	48.0286	164212
hayward	Hayward	37.6688	-122.0808	158289
hayy khilda	Ḩayy Khildā	31.992	35.84	251000
hazaribagh	Hazāribāgh	23.9924	85.3616	153595
hazāribāgh	Hazāribāgh	23.9924	85.3616	153595
hebi	Hebi	35.7323	114.2862	634721
hebron	Hebron	31.5294	35.0938	160470
hechi	Hechi	24.6928	108.0838	330131
hechuan	Hechuan	29.9923	106.2646	1245294
hecun	Hecun	36.5333	114.1111	494412
hedong	Hedong	23.9196	115.7801	101825
hefei	Hefei	31.8639	117.2808	9465881
hegang	Hegang	47.3473	130.2903	743307
heidelberg	Heidelberg	49.4077	8.6908	143345
heihe	Heihe	50.2441	127.4902	223832
heilbronn	Heilbronn	49.1399	9.2205	120733
hejiang	Hejiang	28.8116	105.8336	137437
helsingborg	Helsingborg	56.0467	12.6944	104250
helsinki	Helsinki	60.1695	24.9354	658864
henderson	Henderson	36.0397	-114.9819	285667
hengshan	Hengshan	45.2084	130.8981	164844
hengshui	Hengshui	37.7391	115.6835	522147
hengyang	Hengyang	26.8895	112.6189	1075516
hepo	Hepo	23.4308	115.8299	131238
hepu	Hepu	21.6592	109.2001	192813
herat	Herāt	34.3482	62.1997	574300
hermosillo	Hermosillo	29.0887	-110.9668	812229
herne	Herne	51.5388	7.2257	172108
heroica guaymas	Heroica Guaymas	27.9199	-110.8989	117253
heroica matamoros	Heroica Matamoros	25.8797	-97.5042	510739
herāt	Herāt	34.3482	62.1997	574300
heshan	Heshan	28.5694	112.3473	1249807
hetauda	Hetauda	27.4284	85.0322	195951
heyuan	Heyuan	23.7333	114.6833	463907
heze	Heze	35.2393	115.4736	1346717
hezhou	Hezhou	24.4036	111.5667	1005490
hialeah	Hialeah	25.8576	-80.2781	237069
hidalgo del parral	Hidalgo del Parral	26.9299	-105.6662	104836
higashihiroshima	Higashihiroshima	34.4086	132.7368	196608
higashikurume	Higashikurume	35.752	139.5117	117020
higashimurayama	Higashimurayama	35.7546	139.4685	151815
higashiosaka	Higashiosaka	34.6667	135.5833	493940
high point	High Point	35.9557	-80.0053	110268
high wycombe	High Wycombe	51.6291	-0.7493	133204
hikone	Hikone	35.25	136.25	113647
hildesheim	Hildesheim	52.1508	9.9511	103052
hillsboro	Hillsboro	45.5229	-122.9898	102347
himamaylan	Himamaylan	10.0989	122.8706	117286
himeji	Himeji	34.8167	134.7	530495
hindaun	Hindaun	26.7341	77.0352	105452
hindupur	Hindupur	13.8281	77.4914	151677
hinganghat	Hinganghāt	20.5487	78.8398	101805
hinganghāt	Hinganghāt	20.5487	78.8398	101805
hino	Hino	35.6731	139.4003	190435
hinthada	Hinthada	17.6494	95.457	134947
hirakata	Hirakata	34.8135	135.6491	406331
hiratsuka	Hiratsuka	35.3278	139.3373	258422
hirnytskyi	Hirnytskyi	48.0211	37.9691	107216
hirosaki	Hirosaki	40.5931	140.4725	168739
hiroshima	Hiroshima	34.4	132.45	1200754
hisar	Hisar	29.1539	75.7229	307024
hitachi	Hitachi	36.6	140.65	174508
hitachi-naka	Hitachi-Naka	36.3966	140.5348	156581
hlaingthaya	Hlaingthaya	16.85	96.0667	687867
ho	Ho	6.6008	0.4713	130701
ho chi minh city	Ho Chi Minh City	10.823	106.6296	14002598
hoa binh	Hòa Bình	20.8172	105.3376	105260
hoa cuong	Hòa Cường	16.0431	108.1821	119363
hoa thanh	Hòa Thành	11.287	106.1294	147666
hoan kiem	Hoàn Kiếm	21.0286	105.8506	135618
hoang mai	Hoàng Mai	19.2676	105.7159	113360
hobart	Hobart	-42.8794	147.3294	254930
hofu	Hōfu	34.05	131.5667	116925
hohhot	Hohhot	40.8106	111.6522	3446100
hoima	Hoima	1.4331	31.3524	122700
hoji ya henda	Hoji ya Henda	-8.8052	13.2897	642050
holguin	Holguín	20.8872	-76.2631	319102
holguín	Holguín	20.8872	-76.2631	319102
hollywood	Hollywood	34.0983	-118.3267	167664
holon	H̱olon	32.0103	34.7792	196282
homs	Homs	34.724	36.7256	775404
homyel'	Homyel'	52.4345	30.9754	501193
honcho	Honchō	35.7013	139.9865	644668
honchō	Honchō	35.7013	139.9865	644668
hondlon	Hondlon	40.6483	109.7939	787681
hong kong	Hong Kong	22.2783	114.1747	7396076
hong kong island	Hong Kong Island	22.263	114.1842	1195529
hong ngu	Hồng Ngự	10.8	105.35	101155
honggang	Honggang	46.3974	124.8845	147977
hongjiang	Hongjiang	27.11	109.9956	476000
hongkou	Hongkou	31.25	121.4892	687500
honmachi	Honmachi	32.5044	130.5995	123067
honolulu	Honolulu	21.3069	-157.8583	350964
hoofddorp	Hoofddorp	52.3025	4.6889	132734
horlivka	Horlivka	48.2999	38.0171	239828
horta-guinardo	Horta-Guinardó	41.4185	2.1677	168092
horta-guinardó	Horta-Guinardó	41.4185	2.1677	168092
hortaleza	Hortaleza	40.4744	-3.6411	161661
hortolandia	Hortolândia	-22.8583	-47.22	236641
hortolândia	Hortolândia	-22.8583	-47.22	236641
hosa'ina	Hosa’ina	7.5498	37.8537	188200
hosapete	Hosapete	15.2695	76.3871	206167
hosa’ina	Hosa’ina	7.5498	37.8537	188200
hoshiarpur	Hoshiārpur	31.5372	75.9127	168653
hoshiārpur	Hoshiārpur	31.5372	75.9127	168653
hosur	Hosūr	12.7365	77.8326	229528
hosūr	Hosūr	12.7365	77.8326	229528
hougang new town	Hougang New Town	1.3567	103.8908	227560
houston	Houston	29.7633	-95.3633	2314157
howrah	Howrah	22.5769	88.3186	1027672
hoàn kiếm	Hoàn Kiếm	21.0286	105.8506	135618
hoàng mai	Hoàng Mai	19.2676	105.7159	113360
hrodna	Hrodna	53.6758	23.8289	363718
hsinchu	Hsinchu	24.8036	120.9686	453536
hua hin	Hua Hin	12.5707	99.9588	126355
huacheng	Huacheng	24.067	115.6131	101165
huadian	Huadian	42.9721	126.7411	139047
huai'an	Huai'an	33.5886	119.0192	4556230
huaibei	Huaibei	33.9744	116.7917	1113321
huaihua	Huaihua	27.5634	110.004	552622
huainan	Huainan	32.6264	116.9969	3033528
huambo	Huambo	-12.7761	15.7392	595304
huancayo	Huancayo	-12.0687	-75.2103	456250
huanggang	Huanggang	30.4514	114.8704	366769
huangpu	Huangpu	31.2378	121.4781	656200
huangshan	Huangshan	29.7114	118.3125	460786
huangshi	Huangshi	30.2471	115.0481	688090
huangzhou	Huangzhou	30.45	114.8	122563
huanren	Huanren	41.2647	125.3667	229953
huanuco	Huánuco	-9.9288	-76.2399	196627
huaraz	Huaraz	-9.5261	-77.5287	118836
huayin	Huayin	34.5653	110.0664	263352
huazhou	Huazhou	21.6333	110.5833	1291668
hub	Hub	25.0255	66.8853	195661
hubballi	Hubballi	15.3478	75.1338	943788
huddersfield	Huddersfield	53.649	-1.7842	149017
hue	Huế	16.4619	107.5955	1380000
huelva	Huelva	37.2664	-6.94	144258
hugli	Hugli	22.9088	88.3967	177005
huicheng	Huicheng	23.0385	116.2899	125919
huinong	Huinong	39.2333	106.7694	136570
huixing	Huixing	29.684	106.6149	186972
huixquilucan	Huixquilucan	19.3599	-99.3502	124846
huizhou	Huizhou	23.1115	114.4152	2900113
hulan	Hulan	45.8933	126.5784	109104
hulan ergi	Hulan Ergi	47.2042	123.6333	265344
huludao	Huludao	40.7524	120.8355	944495
hulunbuir	Hulunbuir	49.2114	119.7558	349400
humen	Humen	22.819	113.6731	191891
hung yen	Hưng Yên	20.6464	106.0511	118646
hungnam	Hŭngnam	39.842	127.6321	346082
huntington beach	Huntington Beach	33.6603	-117.9992	201899
huntsville	Huntsville	34.7304	-86.5859	215006
huocheng	Huocheng	44.053	80.8717	360000
hurghada	Hurghada	27.2574	33.8129	207132
huyen lam ha	Huyện Lâm Hà	11.8155	108.2144	144707
huyện lâm hà	Huyện Lâm Hà	11.8155	108.2144	144707
huzhou	Huzhou	30.8703	120.0933	1015937
huánuco	Huánuco	-9.9288	-76.2399	196627
huế	Huế	16.4619	107.5955	1380000
hwado	Hwado	37.6525	127.3075	106358
hwaseong-si	Hwaseong-si	37.2068	126.8169	640890
hyderabad	Hyderabad	17.384	78.4564	6993262
hyesan	Hyesan	41.4017	128.1778	192680
hà tiên	Hà Tiên	10.3831	104.4875	100560
hà tĩnh	Hà Tĩnh	18.3428	105.9057	266321
hòa bình	Hòa Bình	20.8172	105.3376	105260
hòa cường	Hòa Cường	16.0431	108.1821	119363
hòa thành	Hòa Thành	11.287	106.1294	147666
hābra	Hābra	22.842	88.6561	139297
hājīpur	Hājīpur	25.6854	85.2098	147688
hālīsahar	Hālīsahar	22.9322	88.4186	128172
hāpur	Hāpur	28.7298	77.7807	242920
hāthazāri	Hāthazāri	22.5052	91.8134	498179
hāthras	Hāthras	27.5955	78.052	126882
hōfu	Hōfu	34.05	131.5667	116925
hŭngnam	Hŭngnam	39.842	127.6321	346082
hưng yên	Hưng Yên	20.6464	106.0511	118646
ẖolon	H̱olon	32.0103	34.7792	196282
hạ long	Hạ Long	20.9505	107.0734	270054
hải châu	Hải Châu	15.9167	108.1333	131427
hải dương	Hải Dương	20.941	106.333	241373
hồng ngự	Hồng Ngự	10.8	105.35	101155
iasi	Iaşi	47.1667	27.6	378954
iaşi	Iaşi	47.1667	27.6	378954
ibadan	Ibadan	7.3776	3.9059	3649000
ibague	Ibagué	4.4357	-75.2029	529635
ibagué	Ibagué	4.4357	-75.2029	529635
ibanda	Ibanda	-0.134	30.4962	117700
ibaraki	Ibaraki	34.8164	135.5683	287730
ibarra	Ibarra	0.3488	-78.1246	221149
ibb	Ibb	13.9667	44.1833	771514
ibirite	Ibirité	-20.0219	-44.0589	179582
ibirité	Ibirité	-20.0219	-44.0589	179582
ica	Ica	-14.0754	-75.7342	282407
ichalkaranji	Ichalkaranji	16.6912	74.4605	287353
icheon-si	Icheon-si	37.2792	127.4425	196230
ichihara	Ichihara	35.5167	140.0833	283531
ichikawa	Ichikawa	35.7341	139.9065	496676
ichinomiya	Ichinomiya	35.3	136.8	380073
ichinoseki	Ichinoseki	38.9167	141.1333	114476
idku	Idkū	31.3073	30.2981	177152
idkū	Idkū	31.3073	30.2981	177152
idlib	Idlib	35.9306	36.6339	128840
ifakara	Ifakara	-8.1333	36.6833	205843
igarassu	Igarassu	-7.8342	-34.9064	123017
igboho	Igboho	8.8378	3.7563	136764
igdir	Iğdır	39.9237	44.045	101700
iguala de la independencia	Iguala de la Independencia	18.3454	-99.5413	118468
iguatemi	Iguatemi	-23.6128	-46.4267	149700
iida	Iida	35.5196	137.8207	101536
iizuka	Iizuka	33.6365	130.6868	126364
ijebu ode	Ijebu Ode	6.8194	3.9173	360000
ijebu-igbo	Ijebu-Igbo	6.972	3.9994	109261
ijero-ekiti	Ijero-Ekiti	7.8151	5.0672	167632
ijok	Ijok	3.3167	101.4	100899
ikare	Ikare	7.5259	5.7534	465000
ikeda	Ikeda	34.8221	135.4298	104993
ikeja	Ikeja	6.5965	3.342	313196
ikere-ekiti	Ikere-Ekiti	7.4975	5.2304	103054
ikire	Ikire	7.3698	4.1863	222160
ikirun	Ikirun	7.9128	4.6674	134240
ikoma	Ikoma	34.6833	135.7	120741
ikot ekpene	Ikot Ekpene	5.1819	7.7148	254806
iksan	Iksan	35.9439	126.9544	307000
ila orangun	Ila Orangun	8.0171	4.9042	179192
ilagan	Ilagan	17.1485	121.8892	164020
ilam	Īlām	33.6374	46.4227	140940
ile-ife	Ile-Ife	7.4824	4.5603	560000
ilebo	Ilebo	-4.3311	20.5864	117245
ilesa	Ilesa	7.6279	4.7416	325000
ilford	Ilford	51.5577	0.0728	168168
ilheus	Ilhéus	-14.7991	-39.0323	189149
ilhéus	Ilhéus	-14.7991	-39.0323	189149
iligan	Iligan	8.2289	124.2434	342618
iligan city	Iligan City	8.25	124.4	312323
ilobu	Ilobu	7.8388	4.4867	118089
iloilo	Iloilo	10.6969	122.5644	473728
ilorin	Ilorin	8.4966	4.5421	1080000
imabari	Imabari	34.07	133.0002	170986
imperatriz	Imperatriz	-5.5264	-47.4917	273110
imphal	Imphal	24.8081	93.9442	277196
imus	Imus	14.4297	120.9367	481949
inazawa	Inazawa	35.25	136.7833	134751
incheon	Incheon	37.4565	126.7052	3015482
inda silase	Inda Silasē	14.1031	38.2829	100100
inda silasē	Inda Silasē	14.1031	38.2829	100100
indaiatuba	Indaiatuba	-23.0884	-47.2119	256223
independence	Independence	39.0911	-94.4155	117255
indianapolis	Indianapolis	39.7684	-86.158	887642
indore	Indore	22.7179	75.8333	1994397
indramayu	Indramayu	-6.3264	108.32	123263
industrialnyi	Industrialnyi	49.9546	36.3691	157900
inegol	İnegol	40.0781	29.5133	133959
inezgane	Inezgane	30.3554	-9.5364	142320
inglewood	Inglewood	33.9617	-118.3531	111666
ingolstadt	Ingolstadt	48.7651	11.4237	120658
ingombota	Ingombota	-8.8181	13.2289	144911
inisa	Inisa	7.8486	4.3298	164161
inkisi	Inkisi	-5.1312	15.0541	115317
innsbruck	Innsbruck	47.2627	11.3945	132493
insein	Insein	16.8887	96.1026	247675
international city	International City	25.1638	55.4099	120000
inzai	Inzai	35.8348	140.1636	105463
ipatinga	Ipatinga	-19.4683	-42.5367	235311
ipiranga	Ipiranga	-23.5996	-46.616	116271
ipoh	Ipoh	4.5841	101.0829	759952
ipojuca	Ipojuca	-8.3989	-35.0639	105638
ipswich	Ipswich	52.0592	1.1555	178835
iquique	Iquique	-20.2133	-70.1503	199587
iquitos	Iquitos	-3.7481	-73.2529	377609
irakleion	Irákleion	35.3279	25.1434	137154
iranshahr	Iranshahr	27.2024	60.6848	131232
irapuato	Irapuato	20.671	-101.3558	380941
irbid	Irbid	32.5556	35.85	569068
irewe	Irewe	6.4169	3.1406	139494
iriga city	Iriga City	13.4324	123.4115	115306
iringa	Iringa	-7.7667	35.7	202490
irkutsk	Irkutsk	52.2957	104.2908	623869
iruma	Iruma	35.818	139.368	147166
irvine	Irvine	33.6695	-117.8231	256927
irving	Irving	32.814	-96.9489	236607
irákleion	Irákleion	35.3279	25.1434	137154
isahaya	Isahaya	32.8411	130.0431	135546
ise	Ise	34.4833	136.7	123533
ise-ekiti	Ise-Ekiti	7.4648	5.4233	190063
isehara	Isehara	35.3993	139.3102	103401
isesaki	Isesaki	36.3167	139.2	211850
iseyin	Iseyin	7.9702	3.5963	365300
isfahan	Isfahan	32.6525	51.6746	1547164
isfara	Isfara	40.1265	70.6253	274000
ishinomaki	Ishinomaki	38.4167	141.3	140151
isidro casanova	Isidro Casanova	-34.7	-58.5874	131981
isiro	Isiro	2.7739	27.616	255409
iskandar puteri	Iskandar Puteri	1.3932	103.6232	575977
iskenderun	İskenderun	36.5872	36.1735	251682
islamabad	Islamabad	33.7215	73.0433	601600
islington	Islington	51.5362	-0.103	319143
ismailia	Ismailia	30.6043	32.2722	429465
isparta	Isparta	37.7644	30.5522	172334
istanbul	Istanbul	41.0138	28.9497	15701602
istaravshan	Istaravshan	39.9142	69.0033	273500
isulan	Isulan	6.6294	124.605	101455
itabaiana	Itabaiana	-10.685	-37.4253	103440
itabashi	Itabashi	35.7489	139.715	584483
itabira	Itabira	-19.6192	-43.2269	118053
itaborai	Itaboraí	-22.7444	-42.8594	240040
itaboraí	Itaboraí	-22.7444	-42.8594	240040
itabuna	Itabuna	-14.7856	-39.2803	196344
itacoatiara	Itacoatiara	-3.1431	-58.4442	113917
itaguai	Itaguaí	-22.8522	-43.7753	123980
itaguaí	Itaguaí	-22.8522	-43.7753	123980
itaguei	Itagüí	6.1846	-75.5991	281853
itagüí	Itagüí	6.1846	-75.5991	281853
itaim bibi	Itaim Bibi	-23.5858	-46.6824	101452
itaim paulista	Itaim Paulista	-23.5031	-46.3857	205295
itaituba	Itaituba	-4.2761	-55.9836	135369
itajai	Itajaí	-26.9078	-48.6619	294850
itajaí	Itajaí	-26.9078	-48.6619	294850
itami	Itami	34.7843	135.4013	198138
itanhaem	Itanhaém	-24.1831	-46.7889	112476
itanhaém	Itanhaém	-24.1831	-46.7889	112476
itapecerica da serra	Itapecerica da Serra	-23.7169	-46.8492	163003
itaperuna	Itaperuna	-21.205	-41.8878	107246
itapetininga	Itapetininga	-23.5917	-48.0531	164256
itapevi	Itapevi	-23.5489	-46.9342	240961
itapipoca	Itapipoca	-3.4944	-39.5786	138978
itaquaquecetuba	Itaquaquecetuba	-23.4861	-46.3483	369275
itaquera	Itaquera	-23.5319	-46.4442	210960
itarsi	Itārsi	22.6148	77.7622	100574
itatiba	Itatiba	-23.0058	-46.8389	122581
itu	Itu	-23.2642	-47.2992	175047
ituiutaba	Ituiutaba	-18.9743	-49.4621	106775
itumbiara	Itumbiara	-18.4192	-49.2153	113322
ituzaingo	Ituzaingó	-27.585	-56.6871	168419
ituzaingó	Ituzaingó	-27.585	-56.6871	168419
itārsi	Itārsi	22.6148	77.7622	100574
ivano-frankivsk	Ivano-Frankivsk	48.9231	24.7125	238196
ivanovo	Ivanovo	56.9999	40.9726	406113
ivanovskoye	Ivanovskoye	55.7667	37.8333	128000
ivory park	Ivory Park	-25.9957	28.1971	184383
iwaki	Iwaki	37.05	140.8833	357309
iwakuni	Iwakuni	34.163	132.22	129125
iwata	Iwata	34.7	137.85	166672
iwatsuki	Iwatsuki	35.9647	139.6964	108833
iwo	Iwo	7.6353	4.1816	250443
ixtapaluca	Ixtapaluca	19.3156	-98.8828	322271
izeh	Īz̄eh	31.8303	49.8676	119399
izhevsk	Izhevsk	56.8522	53.1986	648213
izmaylovo	Izmaylovo	55.7966	37.7824	104000
izmir	İzmir	38.4127	27.1384	2938292
izmit	İzmit	40.765	29.9293	196571
iztacalco	Iztacalco	19.3953	-99.0978	384326
iztapalapa	Iztapalapa	19.3553	-99.0622	1835486
izumi	Izumi	34.4833	135.4333	184615
izumisano	Izumisano	34.4167	135.3167	100131
izumo	Izumo	35.3667	132.7667	172775
iğdır	Iğdır	39.9237	44.045	101700
i̇negol	İnegol	40.0781	29.5133	133959
i̇skenderun	İskenderun	36.5872	36.1735	251682
i̇zmir	İzmir	38.4127	27.1384	2938292
i̇zmit	İzmit	40.765	29.9293	196571
jabalpur	Jabalpur	23.167	79.9501	1081677
jabalya	Jabālyā	31.5272	34.4835	168568
jabaquara	Jabaquara	-23.6505	-46.6459	214958
jaboatao dos guararapes	Jaboatão dos Guararapes	-8.1128	-35.0147	644037
jaboatão dos guararapes	Jaboatão dos Guararapes	-8.1128	-35.0147	644037
jabālyā	Jabālyā	31.5272	34.4835	168568
jacarei	Jacareí	-23.3053	-45.9658	250952
jacareí	Jacareí	-23.3053	-45.9658	250952
jackson	Jackson	32.2988	-90.1848	153701
jacksonville	Jacksonville	30.3322	-81.6556	1009833
jacmel	Jacmel	18.2357	-72.5369	137966
jacobabad	Jacobabad	28.2819	68.4376	219315
jaen	Jaén	37.7692	-3.7903	113457
jaffa	Jaffa	32.0504	34.7522	100000
jaffna	Jaffna	9.6684	80.0074	169102
jagadhri	Jagādhri	30.1672	77.3037	124894
jagdalpur	Jagdalpur	19.0814	82.0213	125463
jagtial	Jagtiāl	18.7947	78.9166	103930
jagtiāl	Jagtiāl	18.7947	78.9166	103930
jagādhri	Jagādhri	30.1672	77.3037	124894
jahanabad	Jahānābād	25.2137	84.9871	103202
jahrom	Jahrom	28.5	53.5605	141634
jahānābād	Jahānābād	25.2137	84.9871	103202
jaigaon	Jaigaon	26.8477	89.3756	158664
jaipur	Jaipur	26.9196	75.7878	3046163
jajmau	Jājmau	26.4304	80.4095	652831
jakarta	Jakarta	-6.2146	106.8451	8540121
jalai nur	Jalai Nur	49.45	117.7	107828
jalalabad	Jalālābād	34.4265	70.4515	271900
jalalpur jattan	Jalalpur Jattan	32.6412	74.2056	146743
jalalpur pirwala	Jalalpur Pirwala	29.5051	71.222	500000
jalandhar	Jalandhar	31.3256	75.5792	868929
jalapa	Jalapa	14.6354	-89.9911	159840
jalgaon	Jalgaon	21.0029	75.566	460228
jalingo	Jalingo	8.8937	11.3596	117757
jalna	Jālna	19.841	75.8864	285577
jalpaiguri	Jalpāiguri	26.5167	88.7333	107832
jalpāiguri	Jalpāiguri	26.5167	88.7333	107832
jalālābād	Jalālābād	34.4265	70.4515	271900
jamaica	Jamaica	40.6915	-73.8057	216866
jamalpur	Jamālpur	24.9197	89.9481	167900
jambi city	Jambi City	-1.6	103.6167	635101
jammu	Jammu	32.7353	74.8617	576198
jamnagar	Jamnagar	22.4729	70.0667	600943
jampur	Jampur	29.6424	70.5952	155243
jamshedpur	Jamshedpur	22.8028	86.1855	1339438
jamuria	Jāmuria	23.7047	87.0787	160242
jamālpur	Jamālpur	24.9197	89.9481	167900
janakpur	Janakpur	26.7288	85.9263	195438
jandira	Jandira	-23.5275	-46.9025	118045
janzur	Janzūr	32.8187	13.0173	154389
janzūr	Janzūr	32.8187	13.0173	154389
japeri	Japeri	-22.6431	-43.6533	102171
jaragua	Jaraguá	-23.4408	-46.7377	211610
jaragua do sul	Jaraguá do Sul	-26.4861	-49.0667	199519
jaraguá	Jaraguá	-23.4408	-46.7377	211610
jaraguá do sul	Jaraguá do Sul	-26.4861	-49.0667	199519
jaranwala	Jaranwala	31.3332	73.4187	150380
jardim angela	Jardim Angela	-23.7164	-46.7687	311432
jardim helena	Jardim Helena	-23.4837	-46.4131	129409
jardim sao luis	Jardim Sao Luis	-23.6807	-46.7394	259377
jatai	Jataí	-17.8794	-51.7217	105729
jataí	Jataí	-17.8794	-51.7217	105729
jau	Jaú	-22.2964	-48.5578	133497
jauharabad	Jauharabad	32.2902	72.2818	113188
jaunpur	Jaunpur	25.7536	82.6869	169572
jayapura	Jayapura	-2.5337	140.7181	410852
jaén	Jaén	37.7692	-3.7903	113457
jaú	Jaú	-22.2964	-48.5578	133497
jebel ali	Jebel Ali	25.0025	55.1081	210000
jeddah	Jeddah	21.4901	39.1862	4697000
jeju city	Jeju City	33.5097	126.5219	488844
jember	Jember	-8.1721	113.6995	298585
jena	Jena	50.9288	11.5899	104712
jeongeup	Jeongeup	35.6	126.917	139876
jeonju	Jeonju	35.8219	127.1489	638421
jepara	Jepara	-6.5924	110.671	1257912
jequie	Jequié	-13.8588	-40.0851	127475
jequié	Jequié	-13.8588	-40.0851	127475
jerez de la frontera	Jerez de la Frontera	36.6865	-6.1361	212879
jersey city	Jersey City	40.7282	-74.0776	264290
jerusalem	Jerusalem	31.769	35.2163	971800
jessore	Jessore	23.1697	89.2137	243987
jetpur	Jetpur	21.7548	70.6235	118302
jhang sadr	Jhang Sadr	31.2698	72.3169	606533
jhansi	Jhānsi	25.4589	78.5799	412927
jhelum	Jhelum	32.9345	73.731	190425
jhunjhunun	Jhunjhunūn	28.1256	75.398	118473
jhunjhunūn	Jhunjhunūn	28.1256	75.398	118473
jhānsi	Jhānsi	25.4589	78.5799	412927
ji parana	Ji Paraná	-10.8853	-61.9517	140101
ji paraná	Ji Paraná	-10.8853	-61.9517	140101
ji'an	Ji’an	27.1172	114.9793	538699
jiading	Jiading	31.3858	121.2446	1886100
jiagedaqi	Jiagedaqi	50.4167	124.1167	137105
jiamusi	Jiamusi	46.7971	130.3112	549549
jianchang	Jianchang	27.5583	116.6398	109108
jiangmen	Jiangmen	22.5833	113.0833	1795459
jiangyin	Jiangyin	31.911	120.263	1779515
jiangyou	Jiangyou	31.7667	104.7167	127225
jianshui	Jianshui	24.2774	101.224	490000
jiaohe	Jiaohe	43.7213	127.3347	123018
jiaojiang	Jiaojiang	28.6984	121.4733	826100
jiaozhou	Jiaozhou	36.2839	120.0033	619266
jiaozuo	Jiaozuo	35.2392	113.2391	865413
jiashan	Jiashan	30.8492	120.9258	137112
jiawang	Jiawang	34.4328	117.4419	133861
jiaxing	Jiaxing	30.7522	120.75	1180000
jiayuguan	Jiayuguan	39.8112	98.2862	231853
jiazi	Jiazi	22.8793	116.0732	130298
jieshi	Jieshi	22.8103	115.8306	137444
jieshou	Jieshou	33.2634	115.3611	834000
jiexiu	Jiexiu	37.0244	111.9125	437000
jieyang	Jieyang	23.5418	116.3658	1899394
jijel	Jijel	36.821	5.7635	131513
jijiang	Jijiang	29.2899	106.25	196787
jijiga	Jijiga	9.35	42.8	483000
jilin	Jilin	43.8465	126.5608	1895865
jimeta	Jimeta	9.2795	12.4582	248148
jimma	Jimma	7.6734	36.8344	250900
jinan	Jinan	36.6683	116.9972	9202432
jinchang	Jinchang	38.5006	102.1938	228561
jincheng	Jincheng	35.5022	112.8328	476945
jind	Jīnd	29.3158	76.315	167592
jinfeng	Jinfeng	28.2385	116.6005	127076
jing'an	Jing’an	31.22	121.4158	936500
jingdezhen	Jingdezhen	29.2947	117.2079	473561
jingling	Jingling	30.65	113.1	224871
jingmen	Jingmen	31.0336	112.2047	632954
jingzhi	Jingzhi	36.31	119.3875	126703
jingzhou	Jingzhou	30.3503	112.1903	1052282
jing’an	Jing’an	31.22	121.4158	936500
jinhua	Jinhua	29.1068	119.6442	1463990
jining	Jining	35.405	116.5814	1241012
jinjiang	Jinjiang	24.8198	118.5742	1416151
jinshan	Jinshan	30.8356	121.2937	822776
jinshanlu	Jinshanlu	47.8505	88.1329	190064
jinzhong	Jinzhong	37.684	112.7547	1226617
jinzhou	Jinzhou	41.1078	121.1417	2703853
jiroft	Jīroft	28.6781	57.7406	130429
jishou	Jishou	28.3193	109.7335	102332
jishu	Jishu	44.3167	126.8	103988
jiujiang	Jiujiang	29.7048	116.0021	1164268
jiupu	Jiupu	41.0667	122.95	123843
jiuquan	Jiuquan	39.7432	98.5174	428346
jiutai	Jiutai	44.1513	125.8298	175115
jiutepec	Jiutepec	18.8814	-99.1778	215357
jixi	Jixi	45.2932	130.9622	403759
jiyuan	Jiyuan	35.0891	112.5881	242143
jizan	Jizan	16.8892	42.5511	105198
jizhou	Jizhou	37.5505	115.5687	362013
jizzax	Jizzax	40.1335	67.8296	179200
ji’an	Ji’an	27.1172	114.9793	538699
joao pessoa	João Pessoa	-7.115	-34.8631	817511
jodhpur	Jodhpur	26.2684	73.0059	1056191
joenkoeping	Jönköping	57.7814	14.1562	112766
joetsu	Jōetsu	37.1483	138.2364	189430
johannesburg	Johannesburg	-26.2023	28.0436	9418183
johor bahru	Johor Bahru	1.4655	103.7578	858118
joinville	Joinville	-26.3044	-48.8456	664500
joliet	Joliet	41.5252	-88.0834	147861
jolo	Jolo	6.0522	121.0022	101002
jombang	Jombang	-7.546	112.2331	126465
jomvu	Jomvu	-3.9862	39.6082	163415
jorhat	Jorhat	26.7575	94.2031	126736
jos	Jos	9.9285	8.8921	1040000
jose bonifacio	Jose Bonifacio	-23.5674	-46.4326	128243
jose c. paz	José C. Paz	-34.5154	-58.7681	230208
josé c. paz	José C. Paz	-34.5154	-58.7681	230208
joão pessoa	João Pessoa	-7.115	-34.8631	817511
juan diaz	Juan Díaz	9.0406	-79.4408	100636
juan díaz	Juan Díaz	9.0406	-79.4408	100636
juazeiro	Juazeiro	-9.4117	-40.4986	256122
juazeiro do norte	Juazeiro do Norte	-7.2131	-39.3153	305531
juba	Juba	4.8517	31.5825	450000
juiz de fora	Juiz de Fora	-21.7642	-43.3503	540756
juja	Juja	-1.1015	37.0132	156041
juliaca	Juliaca	-15.5	-70.1333	245675
junagadh	Jūnāgadh	21.5197	70.4598	319462
jundiai	Jundiaí	-23.1864	-46.8842	443221
jundiaí	Jundiaí	-23.1864	-46.8842	443221
jurong town	Jurong Town	1.3342	103.7228	262730
jurong west	Jurong West	1.3503	103.7228	253840
jutiapa	Jutiapa	14.2849	-89.888	145880
jyvaeskylae	Jyväskylä	62.2415	25.7209	148744
jyväskylä	Jyväskylä	62.2415	25.7209	148744
jönköping	Jönköping	57.7814	14.1562	112766
jājmau	Jājmau	26.4304	80.4095	652831
jālna	Jālna	19.841	75.8864	285577
jāmuria	Jāmuria	23.7047	87.0787	160242
jīnd	Jīnd	29.3158	76.315	167592
jīroft	Jīroft	28.6781	57.7406	130429
jōetsu	Jōetsu	37.1483	138.2364	189430
jūnāgadh	Jūnāgadh	21.5197	70.4598	319462
kabankalan	Kabankalan	9.9839	122.8142	210893
kabin buri	Kabin Buri	13.9513	101.7174	140056
kabinda	Kabinda	-6.1379	24.4818	219396
kabul	Kabul	34.5281	69.1723	4434550
kabwe	Kabwe	-14.4469	28.4464	288598
kadapa	Kadapa	14.48	78.8235	344893
kadoma	Kadoma	34.7381	135.5744	131727
kaduna	Kaduna	10.5264	7.4388	1850000
kaech'on	Kaech’ŏn	39.7006	125.8933	319554
kaech’ŏn	Kaech’ŏn	39.7006	125.8933	319554
kaesong	Kaesŏng	37.9708	126.5544	338155
kaesŏng	Kaesŏng	37.9708	126.5544	338155
kafr ad dawwar	Kafr ad Dawwār	31.1338	30.1297	128539
kafr ad dawwār	Kafr ad Dawwār	31.1338	30.1297	128539
kafr ash shaykh	Kafr ash Shaykh	31.1117	30.9399	194569
kafrul	Kafrul	23.7882	90.3736	339734
kafue	Kafue	-15.7691	28.1814	104174
kagoshima	Kagoshima	31.5667	130.55	595049
kahama	Kahama	-3.8333	32.6	453654
kahramanmaras	Kahramanmaraş	37.5847	36.9264	384953
kahramanmaraş	Kahramanmaraş	37.5847	36.9264	384953
kaifeng	Kaifeng	34.7986	114.3074	1451741
kaili	Kaili	26.5858	107.9797	275745
kairouan	Kairouan	35.6781	10.0963	139070
kaithal	Kaithal	29.8015	76.3996	144915
kaiyuan	Kaiyuan	23.6977	103.3037	299000
kajang	Kajang	2.9942	101.7887	236240
kajansi	Kajansi	0.2155	32.5345	135600
kakamega	Kakamega	0.2842	34.7523	1867579
kakamigahara	Kakamigahara	35.4167	136.8667	144521
kakegawa	Kakegawa	34.7667	138.0167	117925
kakinada	Kākināda	16.9604	82.2381	384182
kakogawacho-honmachi	Kakogawachō-honmachi	34.7694	134.829	271634
kakogawachō-honmachi	Kakogawachō-honmachi	34.7694	134.829	271634
kalaban koro	Kalaban Koro	12.5733	-8.0291	148247
kalaburagi	Kalaburagi	17.3358	76.8376	543147
kalemie	Kalemie	-5.9475	29.1947	160961
kalemyo	Kalemyo	23.1901	94.064	348573
kaliningrad	Kaliningrad	54.7064	20.511	475056
kalininskiy	Kalininskiy	59.9967	30.3899	504641
kalisz	Kalisz	51.7611	18.091	108759
kallakurichi	Kallakurichi	11.7338	78.9592	1682687
kallang	Kallang	1.3333	103.8667	101290
kallithea	Kallithéa	37.95	23.7	100641
kallithéa	Kallithéa	37.95	23.7	100641
kalmiuskyi	Kalmiuskyi	47.1105	37.5438	101498
kalmunai	Kalmunai	7.409	81.8347	100171
kalol	Kalol	23.2466	72.4951	134426
kaluga	Kaluga	54.5306	36.27	340851
kalulushi	Kalulushi	-12.8415	28.0948	104046
kalyan	Kalyān	19.2437	73.1355	1262255
kalynivskyi	Kalynivskyi	48.0074	37.8538	103249
kalyān	Kalyān	19.2437	73.1355	1262255
kamagaya	Kamagaya	35.7697	140.0024	109932
kamakura	Kamakura	35.3109	139.547	172929
kamalia	Kamalia	30.7271	72.6461	166617
kamalshahr	Kamālshahr	35.8619	50.8742	141669
kamarhati	Kāmārhāti	22.6711	88.3747	332965
kamensk-ural'skiy	Kamensk-Ural’skiy	56.4063	61.9335	182500
kamensk-ural’skiy	Kamensk-Ural’skiy	56.4063	61.9335	182500
kamina	Kamina	-8.7351	24.998	200184
kamirenjaku	Kamirenjaku	35.6942	139.5549	195391
kamloops	Kamloops	50.6665	-120.3192	104460
kamoke	Kamoke	31.9753	74.223	292023
kampala	Kampala	0.3163	32.5822	1680600
kampong baharu cheras batu sebelas	Kampong Baharu Cheras Batu Sebelas	3.05	101.7667	232100
kampong pasir ris	Kampong Pasir Ris	1.3783	103.9319	144260
kampung baru subang	Kampung Baru Subang	3.15	101.5333	833571
kampung kangkar teberau	Kampung Kangkar Teberau	1.532	103.7549	412373
kampung larkin lama	Kampung Larkin Lama	1.5024	103.744	500000
kampung pasir gudang baru	Kampung Pasir Gudang Baru	1.4726	103.878	145639
kampung sungai ara	Kampung Sungai Ara	5.327	100.2735	140849
kampung sungai glugur	Kampung Sungai Glugur	5.3697	100.3135	145600
kamsar	Kamsar	10.65	-14.6167	113350
kamyanske	Kamyanske	48.5172	34.6062	226845
kamyshin	Kamyshin	50.0885	45.4128	128626
kamālshahr	Kamālshahr	35.8619	50.8742	141669
kananga	Kananga	-5.8962	22.4166	1247168
kanayannur	Kanayannur	9.9667	76.2667	851406
kanazawa	Kanazawa	36.6	136.6167	466029
kanchipuram	Kanchipuram	12.8352	79.7001	221715
kanchrapara	Kānchrāpāra	22.96	88.4285	136954
kandahar	Kandahār	31.6133	65.7101	523300
kandahār	Kandahār	31.6133	65.7101	523300
kandy	Kandy	7.2906	80.6336	111701
kangding	Kangding	30.0022	101.9569	100000
kanggye	Kanggye	40.9695	126.5852	209530
kangnyong	Kangnyŏng	37.9075	125.51	106827
kangnyŏng	Kangnyŏng	37.9075	125.51	106827
kangson	Kangsŏn	38.9364	125.5811	102436
kangsŏn	Kangsŏn	38.9364	125.5811	102436
kanhangad	Kanhangad	12.3081	75.1063	125564
kani	Kani	35.4044	137.0559	102143
kankan	Kankan	10.3854	-9.3057	221428
kano	Kano	12.0001	8.5167	4910000
kanoya	Kanoya	31.3833	130.85	101096
kanpur	Kanpur	26.4652	80.3498	2823249
kanpur cantonment	Kanpur Cantonment	26.4594	80.3751	108534
kansas city	Kansas City	39.0997	-94.5786	475378
kansk	Kansk	56.2022	95.7185	101502
kaohsiung	Kaohsiung	22.6163	120.3133	2737660
kaolack	Kaolack	14.152	-16.0726	298904
kapar	Kapar	3.1333	101.3833	269627
kara	Kara	9.5511	1.1861	104207
karabaglar	Karabağlar	38.382	27.132	479338
karabağlar	Karabağlar	38.382	27.132	479338
karabuek	Karabük	41.2049	32.6277	125403
karabük	Karabük	41.2049	32.6277	125403
karachi	Karachi	24.8608	67.0104	11624219
karagandy	Karagandy	49.8019	73.1021	497777
karaikkudi	Kāraikkudi	10.0662	78.7678	181851
karaj	Karaj	35.8327	50.9915	1448075
karaman	Karaman	37.1811	33.215	175390
karamay	Karamay	45.5847	84.8872	261445
karatsu	Karatsu	33.4425	129.9697	117663
karawalnagar	Karāwalnagar	28.7271	77.2705	224281
karawang	Karawang	-6.3053	107.3197	307880
karbala	Karbala	32.616	44.0249	1218732
kariega	Kariega	-33.7556	25.4007	291052
karimnagar	Karīmnagar	18.4392	79.1286	289821
kariya	Kariya	34.9833	136.9833	153834
karlsruhe	Karlsruhe	49.0094	8.4044	283799
karnal	Karnāl	29.692	76.9845	302140
karnaphuli	Karnaphuli	22.6906	92.2347	203697
karnāl	Karnāl	29.692	76.9845	302140
karol bagh	Karol Bāgh	28.6514	77.1907	505241
karol bāgh	Karol Bāgh	28.6514	77.1907	505241
karsiyaka	Karşıyaka	38.4577	27.1142	339624
karur	Karur	10.9577	78.081	234191
karuri	Karuri	-1.1764	36.7564	194342
karāwalnagar	Karāwalnagar	28.7271	77.2705	224281
karīmnagar	Karīmnagar	18.4392	79.1286	289821
karşıyaka	Karşıyaka	38.4577	27.1142	339624
kasama	Kasama	-10.2129	31.1808	179636
kasangati	Kasangati	0.438	32.6025	207800
kasese	Kasese	0.1833	30.0833	115400
kashan	Kashan	33.9824	51.4277	304487
kashgar	Kashgar	39.4672	75.9868	506640
kashihara-shi	Kashihara-shi	34.509	135.7929	124521
kashipur	Kashipur	29.214	78.9569	103138
kashiwa	Kashiwa	35.8622	139.9773	433436
kashiwara	Kashiwara	34.45	135.7667	120922
kashmar	Kāshmar	35.2383	58.4656	131517
kassala	Kassala	15.451	36.4	401477
kassel	Kassel	51.3167	9.5	197230
kastamonu	Kastamonu	41.3781	33.7753	125622
kasuga	Kasuga	33.5259	130.4611	111023
kasugai	Kasugai	35.2476	136.9723	308681
kasukabe	Kasukabe	35.9831	139.7497	229792
kasulu	Kasulu	-4.5767	30.1025	238321
kasur	Kasur	31.1187	74.4502	510875
katabi	Katabi	0.0841	32.4697	154300
kathmandu	Kathmandu	27.7017	85.3206	1442271
kati	Kati	12.7441	-8.0726	130254
katihar	Katihar	25.5385	87.5704	240838
katowice	Katowice	50.2597	19.0217	286960
katsina	Katsina	12.9908	7.6018	670000
katsushika	Katsushika	35.7333	139.85	453093
katsuta	Katsuta	36.3833	140.5333	155968
katumba	Katumba	-9.2333	33.6167	108558
kaunas	Kaunas	54.9016	23.9091	289380
kawachi-nagano	Kawachi-Nagano	34.4411	135.5828	101692
kawagoe	Kawagoe	35.9086	139.4853	354571
kawaguchi	Kawaguchi	35.8052	139.7107	607373
kawanishi	Kawanishi	34.8167	135.4167	155165
kawasaki	Kawasaki	35.5206	139.7172	1538262
kaya	Kaya	13.0883	-1.0837	121970
kayes	Kayes	14.4478	-11.4439	194716
kayseri	Kayseri	38.7322	35.4853	1452458
kazan	Kazan	55.7887	49.1221	1243500
kazerun	Kāzerūn	29.6192	51.6535	112360
kazo	Kazo	36.1167	139.6	112792
kecskemet	Kecskemét	46.9062	19.6913	109847
kecskemét	Kecskemét	46.9062	19.6913	109847
kediri	Kediri	-7.8167	112.0167	301424
kedungwuni	Kedungwuni	-6.9704	109.6479	117249
keelung	Keelung	25.1309	121.7409	362487
kelar	Kelar	34.6281	45.3185	250000
kelowna	Kelowna	49.8831	-119.4857	144576
kembangan	Kembangan	1.3223	103.9113	130252
kemerovo	Kemerovo	55.3542	86.1043	558973
kendari	Kendari	-3.9778	122.5151	351085
kenema	Kenema	7.8769	-11.1903	255110
keng tung	Kēng Tung	21.6309	99.9268	171620
kenitra	Kenitra	34.261	-6.5802	470949
kennedy	Kennedy	4.6165	-74.146	979914
kent	Kent	47.3809	-122.2348	126952
kentron	Kentron	40.1781	44.513	133000
kerch	Kerch	45.3567	36.4754	148932
kerman	Kerman	30.2832	57.0788	577514
kermanshah	Kermanshah	34.3142	47.065	621100
kfar saba	Kfar Saba	32.175	34.9069	110456
khabarovsk	Khabarovsk	48.462	135.0971	618150
khairpur mir's	Khairpur Mir’s	27.5295	68.7592	191044
khairpur mir’s	Khairpur Mir’s	27.5295	68.7592	191044
khamis mushait	Khamis Mushait	18.3	42.7333	387553
khammam	Khammam	17.2477	80.1437	196283
khan yunis	Khān Yūnis	31.3402	34.3063	173183
khanaqin	Khānaqīn	34.3482	45.3907	175000
khandwa	Khandwa	21.8243	76.3509	200738
khanna	Khanna	30.7055	76.222	128137
khanpur	Khanpur	28.6474	70.6569	142426
khanty-mansiysk	Khanty-Mansiysk	61.0019	69.0273	101466
kharagpur	Kharagpur	22.3397	87.325	219665
khardah	Khardah	22.7186	88.3781	128346
khargone	Khargone	21.8229	75.6139	116150
kharian	Kharian	32.8161	73.887	103036
kharkiv	Kharkiv	49.9818	36.2548	1421125
khartoum	Khartoum	15.5518	32.5324	1974647
khartoum north	Khartoum North	15.6493	32.5346	1012211
khasavyurt	Khasavyurt	43.2487	46.5857	126829
khasnahzan	Khasnahzān	36.2009	44.1424	146639
khasnahzān	Khasnahzān	36.2009	44.1424	146639
khemisset	Khemisset	33.824	-6.0663	143640
khenchela	Khenchela	35.4358	7.1433	114472
khenifra	Khenifra	32.9349	-5.6617	128318
khimki	Khimki	55.9001	37.4285	239967
khirdalan	Khirdalan	40.4481	49.755	196200
khlong luang	Khlong Luang	14.0647	100.6458	118551
khlong sam wa	Khlong Sam Wa	13.8714	100.7372	169489
khlong toei	Khlong Toei	13.7101	100.5819	109041
khmelnytskyi	Khmelnytskyi	49.4183	26.9794	274452
khobar	Khobar	26.2794	50.2083	165799
khomeyni shahr	Khomeynī Shahr	32.6856	51.5361	277334
khomeynī shahr	Khomeynī Shahr	32.6856	51.5361	277334
khon kaen	Khon Kaen	16.4467	102.833	114459
khoroshevo-mnevniki	Khoroshëvo-Mnevniki	55.7836	37.4714	159000
khoroshëvo-mnevniki	Khoroshëvo-Mnevniki	55.7836	37.4714	159000
khorramabad	Khorramabad	33.4878	48.3558	329825
khorramshahr	Khorramshahr	30.4408	48.1843	330606
khouribga	Khouribga	32.8811	-6.9063	214241
khujand	Khujand	40.2826	69.6222	191000
khulna	Khulna	22.8098	89.5644	1500689
khuraybat as suq	Khuraybat as Sūq	31.8791	35.921	186158
khuraybat as sūq	Khuraybat as Sūq	31.8791	35.921	186158
khurja	Khurja	28.2538	77.8554	105909
khushab	Khushāb	32.2967	72.3525	102793
khushāb	Khushāb	32.2967	72.3525	102793
khuy	Khūy	38.5503	44.9521	198845
khuzdar	Khuzdar	27.8119	66.611	218112
khwisero	Khwisero	0.1712	34.5947	113294
khān yūnis	Khān Yūnis	31.3402	34.3063	173183
khānaqīn	Khānaqīn	34.3482	45.3907	175000
khūy	Khūy	38.5503	44.9521	198845
kiambu	Kiambu	-1.1714	36.8356	147870
kibaha	Kibaha	-6.7667	38.9167	265360
kiel	Kiel	54.3213	10.1349	252668
kielce	Kielce	50.8703	20.6275	192468
kien an	Kiến An	20.8053	106.6256	118047
kigali	Kigali	-1.95	30.0588	1132686
kigoma	Kigoma	-4.8769	29.6267	232388
kikolo	Kikolo	-8.7815	13.3338	728205
kikuyu	Kikuyu	-1.2463	36.6629	323881
kikwit	Kikwit	-5.041	18.8162	509367
kilamba	Kilamba	-8.8486	13.275	237528
kilis	Kilis	36.7161	37.115	111648
killeen	Killeen	31.1171	-97.7278	140806
kima kieza	Kima Kieza	-8.8341	13.2952	428855
kimberley	Kimberley	-28.7323	24.7623	142089
kimhae	Kimhae	35.2342	128.8811	531966
kindia	Kindia	10.0569	-12.8658	161024
kindrativskyi	Kindrativskyi	48.3028	38.0547	101565
kindu	Kindu	-2.9437	25.9224	234651
kingston	Kingston	17.997	-76.7936	937700
kingston upon hull	Kingston upon Hull	53.7446	-0.3352	314018
kinshasa	Kinshasa	-4.3276	15.3136	16000000
kipushi	Kipushi	-11.761	27.2513	169635
kira	Kira	0.4	32.6333	462900
kirari sulemannagar	Kirāri Sulemānnagar	28.6974	77.0648	283211
kirdasah	Kirdāsah	30.031	31.1111	137588
kirdāsah	Kirdāsah	30.031	31.1111	137588
kirikkale	Kırıkkale	39.8453	33.5064	186960
kirishima	Kirishima	31.7409	130.7629	123205
kirkuk	Kirkuk	35.4681	44.3922	1031000
kirov	Kirov	58.5981	49.6578	507155
kirsehir	Kırşehir	39.1458	34.1639	150700
kiryu	Kiryū	36.4	139.3333	108991
kiryū	Kiryū	36.4	139.3333	108991
kirāri sulemānnagar	Kirāri Sulemānnagar	28.6974	77.0648	283211
kisangani	Kisangani	0.5153	25.191	1181788
kisaran	Kisaran	2.9845	99.6158	141915
kisarazu	Kisarazu	35.3833	139.9325	136166
kiselevsk	Kiselëvsk	53.99	86.6621	104000
kiselëvsk	Kiselëvsk	53.99	86.6621	104000
kishanganj	Kishanganj	26.1022	87.9553	105782
kishangarh	Kishangarh	26.5901	74.854	154886
kishiwada	Kishiwada	34.4667	135.3667	205561
kisi	Kisi	9.083	3.852	155510
kisii	Kisii	-0.6817	34.7667	112417
kislovodsk	Kislovodsk	43.9133	42.7208	132771
kismayo	Kismayo	-0.3582	42.5454	234852
kissidougou	Kissidougou	9.1848	-10.0999	116019
kisumu	Kisumu	-0.1022	34.7617	397957
kita	Kita	35.7526	139.7335	332140
kitakyushu	Kitakyushu	33.8518	130.8503	940978
kitale	Kitale	1.0157	35.0062	162174
kitami	Kitami	43.8031	143.8908	119135
kitchener	Kitchener	43.4254	-80.5112	256885
kitengela	Kitengela	-1.4761	36.9614	154436
kitwe	Kitwe	-12.8024	28.2132	665961
kiziltepe	Kızıltepe	37.1884	40.5772	150174
kiến an	Kiến An	20.8053	106.6256	118047
klagenfurt am woerthersee	Klagenfurt am Wörthersee	46.6247	14.3053	100316
klagenfurt am wörthersee	Klagenfurt am Wörthersee	46.6247	14.3053	100316
klaipeda	Klaipėda	55.7068	21.1391	172292
klaipėda	Klaipėda	55.7068	21.1391	172292
klang	Klang	3.0367	101.4433	240016
klaten	Klaten	-7.7058	110.6064	126831
klerksdorp	Klerksdorp	-26.8521	26.6667	227039
kluang	Kluang	2.0305	103.3169	323762
klungkung	Klungkung	-8.5333	115.4	223720
knoxville	Knoxville	35.9606	-83.9207	190740
kobe	Kobe	34.6913	135.183	1525152
koblenz	Koblenz	50.3536	7.5788	107319
kochi	Kochi	9.9399	76.2602	633553
kodaira	Kodaira	35.726	139.4851	198739
koeln	Köln	50.9333	6.95	1024621
koforidua	Koforidua	6.0941	-0.2591	151255
kofu	Kofu	35.6667	138.5667	189591
koga	Koga	36.1833	139.7167	139344
koganei	Koganei	35.7001	139.5111	126074
kohat	Kohat	33.582	71.4493	151427
koidu	Koidu	8.6439	-10.9714	128030
kokshetau	Kokshetau	53.2841	69.3936	150649
kokubunji	Kokubunji	35.7022	139.4756	129242
kolar	Kolār	13.1377	78.13	138462
kolda	Kolda	12.8939	-14.9413	103574
kolhapur	Kolhāpur	16.6956	74.2317	549236
kolhāpur	Kolhāpur	16.6956	74.2317	549236
kolkata	Kolkata	22.5626	88.363	4631392
kollam	Kollam	8.8811	76.5847	367107
kolomna	Kolomna	55.0711	38.784	147690
kolpino	Kolpino	59.7507	30.5886	138979
kolwezi	Kolwezi	-10.7148	25.4667	790248
kolār	Kolār	13.1377	78.13	138462
kom ombo	Kom Ombo	24.4767	32.9463	409311
komaki	Komaki	35.2833	136.9167	148872
komatsu	Komatsu	36.4026	136.4509	108509
kombolcha	Kombolcha	11.0816	39.7434	132100
komsomolsk-on-amur	Komsomolsk-on-Amur	50.5503	137.01	275908
kon tum	Kon Tum	14.3545	108.0076	205762
konak	Konak	38.4	27.1	332277
konibodom	Konibodom	40.2941	70.4312	211100
konosu	Kōnosu	36.0687	139.5168	116828
konya	Konya	37.8713	32.4846	1433861
korba	Korba	22.3458	82.6963	419146
koreatown	Koreatown	34.0578	-118.3009	124281
korhogo	Korhogo	9.458	-5.6296	440926
koriyama	Kōriyama	37.4	140.3833	327692
korla	Korla	41.7606	86.1523	549324
korolev	Korolev	55.9142	37.8256	139798
korolyov	Korolyov	50.2449	28.7001	114034
koronadal	Koronadal	6.5031	124.8469	201844
koshigaya	Koshigaya	35.8903	139.7892	345353
kosice	Košice	48.7144	21.258	225044
kostanay	Kostanay	53.2144	63.6246	210000
kosti	Kosti	13.1629	32.6635	345068
kostroma	Kostroma	57.7664	40.9283	277280
koszalin	Koszalin	54.1944	16.1722	107450
kot addu	Kot Addu	30.4691	70.967	104217
kot radha kishan	Kot Radha Kishan	31.1707	74.1013	102057
kota	Kota	25.1825	75.8391	1001694
kota bharu	Kota Bharu	6.1236	102.2433	568900
kota damansara	Kota Damansara	3.1545	101.5802	500000
kota kinabalu	Kota Kinabalu	5.9749	116.0724	500421
kota kuala muda	Kota Kuala Muda	5.5882	100.3709	544984
kotamobagu	Kotamobagu	0.7419	124.3121	121756
koto	Kotō	32.7786	130.7454	543730
kotri	Kotri	25.3657	68.3083	106615
kotō	Kotō	32.7786	130.7454	543730
koudougou	Koudougou	12.2519	-2.3669	160239
koumassi	Koumassi	5.2972	-3.9675	412282
kousseri	Kousséri	12.0769	15.0306	139024
kousséri	Kousséri	12.0769	15.0306	139024
koutiala	Koutiala	12.3872	-5.4651	218031
kovpakivskyi	Kovpakivskyi	50.9251	34.7948	142447
kovrov	Kovrov	56.3575	41.3189	154224
kowloon	Kowloon	22.3167	114.1833	2232339
kowloon city	Kowloon City	22.3305	114.1922	418732
kowloon city centre	Kowloon City Centre	22.3298	114.1889	194290
kozhikode	Kozhikode	11.248	75.7804	550440
košice	Košice	48.7144	21.258	225044
kragujevac	Kragujevac	44.0167	20.9167	147473
krakow	Kraków	50.0614	19.9366	816614
kraków	Kraków	50.0614	19.9366	816614
kramatorsk	Kramatorsk	48.7311	37.5678	147145
krasnodar	Krasnodar	45.0453	38.9818	899541
krasnogvargeisky	Krasnogvargeisky	59.9731	30.4761	337091
krasnoyarsk	Krasnoyarsk	56.0374	92.9314	1090811
krefeld	Krefeld	51.3364	6.5538	237984
kremenchuk	Kremenchuk	49.0625	33.4048	224997
kresek	Kresek	-6.1314	106.3797	110182
kreuzberg	Kreuzberg	52.4997	13.4034	153135
krishnanagar	Krishnanagar	23.4058	88.4907	145926
kristiansand	Kristiansand	58.1467	7.9956	117237
kroonstad	Kroonstad	-27.6504	27.2349	117152
kropyvnytskyi	Kropyvnytskyi	48.5083	32.2662	219676
krugersdorp	Krugersdorp	-26.0858	27.7752	378821
kryvyy rih	Kryvyy Rih	47.9057	33.394	603904
ksar el kebir	Ksar El Kebir	35.0004	-5.9038	138262
kuala krai	Kuala Krai	5.5313	102.1993	105007
kuala kubu baharu	Kuala Kubu Baharu	3.5638	101.6581	194387
kuala lumpur	Kuala Lumpur	3.1412	101.6865	1453975
kuala terengganu	Kuala Terengganu	5.3302	103.1408	426500
kuantan	Kuantan	3.8077	103.326	548014
kuching	Kuching	1.55	110.3333	402738
kuecuekcekmece	Küçükçekmece	40.991	28.7712	792030
kuetahya	Kütahya	39.4242	29.9833	185008
kufa	Kufa	32.0511	44.4402	110000
kukatpally	Kukatpally	17.4849	78.4138	341709
kukichuo	Kukichūō	36.0674	139.675	150582
kukichūō	Kukichūō	36.0674	139.675	150582
kulim	Kulim	5.365	100.5618	170889
kulob	Kŭlob	37.9146	69.7845	214700
kulti	Kulti	23.7317	86.8437	305405
kumagaya	Kumagaya	36.135	139.39	195277
kumamoto	Kumamoto	32.8059	130.6918	738907
kumarapalayam	Kumarapalayam	11.445	77.711	195071
kumasi	Kumasi	6.6885	-1.6244	2544530
kumba	Kumba	4.6363	9.4469	225046
kumbakonam	Kumbakonam	10.9621	79.3912	167155
kumbo	Kumbo	6.2	10.6667	125124
kunduz	Kunduz	36.7289	68.857	161902
kuningan	Kuningan	-6.9758	108.4831	111742
kunming	Kunming	25.0389	102.7183	8460088
kunri	Kunri	25.1787	69.5657	237063
kunshan	Kunshan	31.3776	120.9543	2092496
kuntsevo	Kuntsevo	55.7422	37.4023	147497
kuopio	Kuopio	62.8924	27.677	125462
kupang	Kupang	-10.1708	123.6069	474801
kurashiki	Kurashiki	34.5833	133.7667	483576
kure	Kure	34.2322	132.5666	214592
kurgan	Kurgan	55.449	65.3434	309285
kurichchi	Kurichchi	10.9609	76.9738	123667
kurnool	Kurnool	15.8289	78.036	460184
kursk	Kursk	51.7269	36.1846	448733
kurume	Kurume	33.3167	130.5167	303579
kusatsu	Kusatsu	35.0167	135.9667	143913
kushinagar	Kushinagar	26.7413	83.8869	274403
kushiro	Kushiro	42.975	144.3747	167875
kushtia	Kushtia	23.9028	89.1194	135724
kutaisi	Kutaisi	42.2679	42.6946	135201
kuwana	Kuwana	35.0519	136.6696	140051
kuz'minki	Kuz’minki	55.7	37.8	143000
kuz’minki	Kuz’minki	55.7	37.8	143000
kwadukuza	KwaDukuza	-29.3282	31.2895	161177
kwai chung	Kwai Chung	22.3683	114.1388	331600
kwekwe	Kwekwe	-18.9281	29.8149	119863
ky anh	Kỳ Anh	18.0624	106.2983	150226
kyaukpyu	Kyaukpyu	19.4279	93.5513	180000
kyauktan	Kyauktan	16.6374	96.3251	132765
kyengera	Kyengera	0.2952	32.5016	285400
kyimyindine	Kyimyindine	16.8085	96.1242	111514
kyiv	Kyiv	50.4547	30.5238	2952301
kyivskyi	Kyivskyi	50.0448	36.2888	182900
kyoto	Kyoto	35.0211	135.7538	1463723
kyzyl	Kyzyl	51.7111	94.4378	116983
kyzylorda	Kyzylorda	44.8528	65.5092	354800
köln	Köln	50.9333	6.95	1024621
kütahya	Kütahya	39.4242	29.9833	185008
küçükçekmece	Küçükçekmece	40.991	28.7712	792030
kākināda	Kākināda	16.9604	82.2381	384182
kāmārhāti	Kāmārhāti	22.6711	88.3747	332965
kānchrāpāra	Kānchrāpāra	22.96	88.4285	136954
kāraikkudi	Kāraikkudi	10.0662	78.7678	181851
kāshmar	Kāshmar	35.2383	58.4656	131517
kāshān	Kāshān	34.0023	51.4388	304487
kāzerūn	Kāzerūn	29.6192	51.6535	112360
kēng tung	Kēng Tung	21.6309	99.9268	171620
kırıkkale	Kırıkkale	39.8453	33.5064	186960
kırşehir	Kırşehir	39.1458	34.1639	150700
kızıltepe	Kızıltepe	37.1884	40.5772	150174
kōnosu	Kōnosu	36.0687	139.5168	116828
kōriyama	Kōriyama	37.4	140.3833	327692
kŭlob	Kŭlob	37.9146	69.7845	214700
kỳ anh	Kỳ Anh	18.0624	106.2983	150226
l'hospitalet de llobregat	L'Hospitalet de Llobregat	41.3597	2.1003	257038
la	Los Angeles	34.0522	-118.2437	3820914
la ceiba	La Ceiba	15.7597	-86.7822	222055
la cite-limoilou	La Cité-Limoilou	46.8289	-71.2264	108415
la cité-limoilou	La Cité-Limoilou	46.8289	-71.2264	108415
la concepcion	La Concepción	10.6192	-71.8381	120478
la concepción	La Concepción	10.6192	-71.8381	120478
la gi	La Gi	10.6599	107.7721	160652
la laguna	La Laguna	28.4853	-16.3201	150661
la paz	La Paz	-16.5	-68.15	2004652
la pintana	La Pintana	-33.5833	-70.6342	201178
la plata	La Plata	-34.9213	-57.9544	195443
la rioja	La Rioja	-29.4133	-66.8564	178872
la romana	La Romana	18.4233	-68.9664	208437
la serena	La Serena	-29.9059	-71.2501	154521
la trinidad	La Trinidad	16.455	120.5875	142925
la vega	La Vega	19.2203	-70.531	102426
la victoria	La Victoria	10.2268	-67.3312	126721
laayoune	Laayoune	27.1418	-13.188	196331
labe	Labé	11.3182	-12.2833	107571
labuan bajo	Labuan Bajo	-8.4964	119.8877	188724
labé	Labé	11.3182	-12.2833	107571
ladysmith	Ladysmith	-28.5587	29.779	143446
lafayette	Lafayette	30.2241	-92.0198	121374
laferrere	Laferrere	-34.7505	-58.5846	248362
lafia	Lafia	8.4939	8.5153	127236
lafiagi	Lafiagi	8.853	5.4164	102779
lagarto	Lagarto	-10.9172	-37.65	101579
lages	Lages	-27.8161	-50.3261	172458
laghouat	Laghouat	33.8	2.8651	134372
lagos	Lagos	6.4541	3.3947	15388000
lahad datu	Lahad Datu	5.023	118.329	105622
lahan	Lahān	26.7202	86.4826	102955
lahijan	Lāhījān	37.2042	50.0092	101073
lahore	Lahore	31.558	74.3507	13004135
lahti	Lahti	60.9827	25.6615	121622
lahān	Lahān	26.7202	86.4826	102955
laibin	Laibin	23.7474	109.2222	910282
laiwu	Laiwu	36.1928	117.6569	989535
laixi	Laixi	36.8592	120.5269	341470
laiyang	Laiyang	36.9758	120.7136	872000
laizhou	Laizhou	37.1807	119.9422	188000
lajeado	Lajeado	-23.5336	-46.4087	164391
lak si	Lak Si	13.8872	100.5792	109770
lakeland	Lakeland	28.0395	-81.9498	104401
lakewood	Lakewood	39.7047	-105.0814	152597
lakhimpur	Lakhīmpur	27.9482	80.7793	140223
lakhīmpur	Lakhīmpur	27.9482	80.7793	140223
lal bahadur nagar	Lal Bahadur Nagar	17.3477	78.5576	261987
lalitpur	Lalitpur	24.6901	78.4192	126475
lambare	Lambaré	-25.3468	-57.6065	126377
lambaré	Lambaré	-25.3468	-57.6065	126377
lampa	Lampa	-33.2863	-70.8756	102234
lampang	Lampang	18.2923	99.4928	156139
lancaster	Lancaster	34.698	-118.1367	161103
lander	Lander	10.1833	-66.7	176346
lang son	Lạng Sơn	21.8526	106.761	200108
lang'ata	Lang'ata	-1.3666	36.7332	172569
langfang	Langfang	39.5208	116.7147	868066
langley	Langley	49.1011	-122.6588	132603
langsa	Langsa	4.4683	97.9683	184016
lansing	Lansing	42.7325	-84.5555	112644
lanus	Lanús	-34.7076	-58.3913	212252
lanxi	Lanxi	29.2159	119.4716	574801
lanzhou	Lanzhou	36.057	103.8399	4359446
lanús	Lanús	-34.7076	-58.3913	212252
lao cai	Lào Cai	22.4856	103.9707	130671
laoag	Laoag	18.1978	120.5957	112117
laohekou	Laohekou	32.3858	111.6678	420495
lapu-lapu city	Lapu-Lapu City	10.3103	123.9494	497813
larache	Larache	35.1932	-6.1557	136505
laredo	Laredo	27.5064	-99.5075	256153
larisa	Lárisa	39.6285	22.4211	146926
larkana	Larkana	27.559	68.212	364033
las cruces	Las Cruces	32.3123	-106.7783	101643
las palmas de gran canaria	Las Palmas de Gran Canaria	28.1018	-15.4157	383516
las pinas	Las Piñas	14.4506	120.9828	615549
las piñas	Las Piñas	14.4506	120.9828	615549
las tunas	Las Tunas	20.9613	-76.9519	203684
las vegas	Las Vegas	36.175	-115.1372	641903
lashio	Lashio	22.9359	97.7498	131000
lasnamaee	Lasnamäe	59.4336	24.8602	115008
lasnamäe	Lasnamäe	59.4336	24.8602	115008
lat krabang	Lat Krabang	13.722	100.7847	163175
lat phrao	Lat Phrao	13.8034	100.607	122182
latacunga	Latacunga	-0.9342	-78.6152	205624
latakia	Latakia	35.5312	35.7909	709000
latina	Latina	40.389	-3.7457	256644
latkrabang	Latkrabang	13.7278	100.7461	173987
latur	Latur	18.3972	76.5678	382940
lauro de freitas	Lauro de Freitas	-12.8944	-38.3272	203331
lausanne	Lausanne	46.516	6.6328	139111
laval	Laval	45.5699	-73.692	438366
lavras	Lavras	-21.2453	-44.9997	110682
lawang	Lawang	-7.8353	112.6947	112540
layyah	Layyah	30.9613	70.939	151274
le havre	Le Havre	49.4935	0.1079	185972
le mans	Le Mans	48.0021	0.2025	144515
le plateau-mont-royal	Le Plateau-Mont-Royal	45.5283	-73.5808	105813
le vieux-longueuil	Le Vieux-Longueuil	45.5372	-73.5077	135218
lecheng	Lecheng	25.128	113.3504	124268
leeds	Leeds	53.7965	-1.5478	536280
leeuwarden	Leeuwarden	53.2027	5.8097	124481
leganes	Leganés	40.3272	-3.7635	188425
leganés	Leganés	40.3272	-3.7635	188425
legaspi	Legaspi	13.1412	123.7407	179481
legnica	Legnica	51.2101	16.1619	106033
leicester	Leicester	52.6386	-1.1317	368600
leiden	Leiden	52.1583	4.4931	119713
leipzig	Leipzig	51.3396	12.3713	504971
leiria	Leiria	39.7436	-8.8071	128640
leiyang	Leiyang	26.4024	112.8591	129116
lekki	Lekki	6.4463	3.4772	401272
lembang	Lembang	-6.8117	107.6175	183130
leme	Leme	-22.1856	-47.3903	101537
lengshuijiang	Lengshuijiang	27.6881	111.4294	407000
leninsk-kuznetsky	Leninsk-Kuznetsky	54.6567	86.1737	109023
leogane	Léogâne	18.5111	-72.6334	134190
leon	León	12.4353	-86.8786	144538
leon de los aldama	León de los Aldama	21.1218	-101.6825	1579803
les cayes	Les Cayes	18.192	-73.7495	125799
leshan	Leshan	29.5623	103.7639	662814
lethbridge	Lethbridge	49.7	-112.8186	103197
leuven	Leuven	50.8796	4.7009	101032
leverkusen	Leverkusen	51.0303	6.9843	162738
levis	Lévis	46.8033	-71.1779	143414
lewisville	Lewisville	33.0462	-96.9942	104039
lexington	Lexington	37.9887	-84.4777	320347
lexington-fayette	Lexington-Fayette	38.0498	-84.4586	314488
león	León	12.4353	-86.8786	144538
león de los aldama	León de los Aldama	21.1218	-101.6825	1579803
lhasa	Lhasa	29.65	91.1	867900
lhoka	Lhoka	29.243	91.7724	353700
lhokseumawe	Lhokseumawe	5.1801	97.1507	200876
lianghu	Lianghu	29.9915	120.8984	155000
liangping	Liangping	30.6611	107.7661	137620
lianhe	Lianhe	47.1333	129.2743	121367
lianjiang	Lianjiang	21.6467	110.2817	1363470
lianshan	Lianshan	40.7643	120.8533	313247
lianyungang	Lianyungang	34.5984	119.2156	2001009
liaocheng	Liaocheng	36.4506	116.0025	1229768
liaoyang	Liaoyang	41.2719	123.1731	687890
liaozhong	Liaozhong	41.5061	122.7242	395017
liberec	Liberec	50.7671	15.0562	102951
libertad	Libertad	8.9442	125.5019	250353
libreville	Libreville	0.3924	9.4536	846090
licheng	Licheng	23.2955	113.8247	172775
lichinga	Lichinga	-13.3128	35.2406	281341
lichuan	Lichuan	30.3	108.85	120587
lida	Lida	53.8833	25.2997	103262
liege	Liège	50.6337	5.5675	195278
lijiang	Lijiang	26.8688	100.2207	211151
likasi	Likasi	-10.983	26.7384	635768
lille	Lille	50.6339	3.0551	238695
lilongwe	Lilongwe	-13.9669	33.7873	1115815
lima	Lima	-12.0432	-77.0282	7737002
limassol	Limassol	34.6841	33.0379	154000
limbe	Limbe	4.0236	9.2061	131381
limeira	Limeira	-22.5647	-47.4017	291869
limerick	Limerick	52.6647	-8.6231	102287
limoges	Limoges	45.8336	1.2476	141176
limuru	Limuru	-1.1136	36.642	159314
lincang	Lincang	23.8797	100.0945	323708
lincoln	Lincoln	40.8	-96.667	294757
linfen	Linfen	36.0889	111.5189	959198
lingyuan	Lingyuan	41.24	119.4011	646000
linhares	Linhares	-19.3911	-40.0722	183797
linkoeping	Linköping	58.4109	15.6216	166673
linköping	Linköping	58.4109	15.6216	166673
linqu	Linqu	36.5156	118.5397	299646
linshui	Linshui	36.4247	114.2047	109955
linxi	Linxi	39.7118	118.4495	100316
linxia chengguanzhen	Linxia Chengguanzhen	35.6003	103.2064	274466
linyi	Linyi	35.0631	118.3428	2743843
linz	Linz	48.3064	14.2861	204846
lipa city	Lipa City	13.9411	121.1631	212287
lipetsk	Lipetsk	52.5876	39.5515	509735
lira	Lira	2.2499	32.8999	119323
lisala	Lisala	2.1513	21.5167	117464
lisbon	Lisbon	38.7251	-9.1498	517802
lishui	Lishui	28.4604	119.9103	451418
little rock	Little Rock	34.7465	-92.2896	202591
liupanshui	Liupanshui	26.5944	104.8333	1320825
liuzhi	Liuzhi	26.2342	105.426	138826
liuzhou	Liuzhou	24.324	109.407	1436599
liverpool	Liverpool	53.4106	-2.9779	496770
livingstone	Livingstone	-17.8419	25.8543	178361
livoberezhnyi	Livoberezhnyi	47.1093	37.6431	122175
livorno	Livorno	43.5443	10.3262	157017
lizhi	Lizhi	29.7032	107.3952	156753
liège	Liège	50.6337	5.5675	195278
ljubljana	Ljubljana	46.0511	14.5051	272220
lleida	Lleida	41.6167	0.6222	140797
lo prado	Lo Prado	-33.4443	-70.7255	104316
loa janan	Loa Janan	-0.5829	117.095	212816
lobito	Lobito	-12.3644	13.536	393079
lodhran	Lodhran	29.5339	71.6324	144512
lodz	Łódź	51.7706	19.4739	639890
logan city	Logan City	-27.6392	153.1094	345098
logrono	Logroño	42.4661	-2.4512	151164
logroño	Logroño	42.4661	-2.4512	151164
loja	Loja	-3.9931	-79.2042	274112
lomas de zamora	Lomas de Zamora	-34.7574	-58.4028	111897
lome	Lomé	6.1287	1.2215	2188376
lomé	Lomé	6.1287	1.2215	2188376
london	London	51.5085	-0.1257	8961989
londrina	Londrina	-23.3103	-51.1628	581382
long beach	Long Beach	33.767	-118.1892	474140
long bien	Long Bien	21.0333	105.9	347829
long khanh	Long Khánh	10.9266	107.2478	171276
long khánh	Long Khánh	10.9266	107.2478	171276
long xuyen	Long Xuyên	10.3864	105.4352	286140
long xuyên	Long Xuyên	10.3864	105.4352	286140
longfeng	Longfeng	46.5317	125.1038	152074
longgang	Longgang	22.7229	114.2633	215273
longjiang	Longjiang	47.336	123.196	106384
longjing	Longjing	42.7713	129.4231	117185
longling county	Longling County	24.5866	98.6893	270000
longshan	Longshan	42.8854	125.1367	465249
longshui	Longshui	29.5656	105.7621	121609
longueuil	Longueuil	45.5152	-73.4682	229330
longyan	Longyan	25.0749	117.0178	1025087
loni	Loni	28.7514	77.2902	516082
los angeles	Los Angeles	34.0522	-118.2437	3820914
los banos	Los Baños	14.1702	121.2418	117030
los baños	Los Baños	14.1702	121.2418	117030
los mochis	Los Mochis	25.791	-108.9982	256613
los puertos de altagracia	Los Puertos de Altagracia	10.7149	-71.5217	101527
los rastrojos	Los Rastrojos	10.0259	-69.2417	100497
los teques	Los Teques	10.3495	-67.0427	252242
los ángeles	Los Ángeles	-37.4697	-72.3537	125430
loudi	Loudi	27.7344	111.9944	497171
louga	Louga	15.6187	-16.2244	113365
louisville	Louisville	38.2542	-85.7594	624444
lowell	Lowell	42.6334	-71.3162	110699
lower hutt	Lower Hutt	-41.2167	174.9167	114200
lu'an	Lu’an	31.7356	116.5169	1644344
luancheng	Luancheng	37.8845	114.6463	597130
luanda	Luanda	-8.8368	13.2343	2776168
luanshya	Luanshya	-13.1367	28.4166	193293
lubango	Lubango	-14.9172	13.4925	600751
lubbock	Lubbock	33.5779	-101.8552	249042
lublin	Lublin	51.2506	22.5701	336339
lubuklinggau	Lubuklinggau	-3.2945	102.8614	234166
lubumbashi	Lubumbashi	-11.6609	27.4794	2221925
lucapa	Lucapa	-8.4192	20.7447	110000
lucena	Lucena	13.9314	121.6172	228758
lucknow	Lucknow	26.8393	80.9231	2472011
ludhiana	Ludhiana	30.912	75.8538	1618879
ludwigshafen am rhein	Ludwigshafen am Rhein	49.4812	8.4464	163196
luebeck	Lübeck	53.8689	10.6873	212207
lueliang	Lüliang	37.5192	111.1444	3346500
luena	Luena	-11.7833	19.9167	273675
lueshun	Lüshun	38.8	121.2667	398579
lugazi	Lugazi	0.3679	32.9376	128400
luhansk	Luhansk	48.5681	39.3055	397677
luis eduardo magalhaes	Luis Eduardo Magalhães	-12.0909	-45.785	107909
luis eduardo magalhães	Luis Eduardo Magalhães	-12.0909	-45.785	107909
lumajang	Lumajang	-8.1335	113.2248	123626
luodian	Luodian	31.4156	121.3344	118323
luohe	Luohe	33.5742	114.0326	1294974
luohu district	Luohu District	22.5472	114.1315	1143801
luojiang	Luojiang	31.305	104.5048	212186
luoyang	Luoyang	34.6735	112.4368	1390581
lusail	Lusail	25.4175	51.5075	198600
lusaka	Lusaka	-15.4067	28.2871	2212301
lushui	Lushui	25.8232	98.8585	197000
luton	Luton	51.8797	-0.4175	225262
lutsk	Lutsk	50.7578	25.3502	215986
luxor	Luxor	25.6989	32.6421	422407
luzhou	Luzhou	28.8903	105.4257	998900
luziania	Luziânia	-16.2525	-47.9503	221262
luziânia	Luziânia	-16.2525	-47.9503	221262
lu’an	Lu’an	31.7356	116.5169	1644344
lviv	Lviv	49.8383	24.0232	717273
lyon	Lyon	45.7491	4.8479	520774
lyon 03	Lyon 03	45.7612	4.8518	102725
lyubertsy	Lyubertsy	55.6772	37.8932	154650
lyublino	Lyublino	55.6774	37.76	172000
lào cai	Lào Cai	22.4856	103.9707	130671
lárisa	Lárisa	39.6285	22.4211	146926
léogâne	Léogâne	18.5111	-72.6334	134190
lévis	Lévis	46.8033	-71.1779	143414
lübeck	Lübeck	53.8689	10.6873	212207
lüliang	Lüliang	37.5192	111.1444	3346500
lüshun	Lüshun	38.8	121.2667	398579
lāhījān	Lāhījān	37.2042	50.0092	101073
lạng sơn	Lạng Sơn	21.8526	106.761	200108
m'sila	M'Sila	35.7089	4.5372	132975
ma on shan	Ma On Shan	22.4061	114.2408	215200
ma'anshan	Ma’anshan	31.6858	118.5101	741531
maastricht	Maastricht	50.8483	5.6889	122378
maba	Maba	24.6841	113.5984	113609
mabalacat city	Mabalacat City	15.223	120.5712	188050
mabopane	Mabopane	-25.509	28.064	110972
macae	Macaé	-22.3848	-41.7832	264439
macapa	Macapá	0.0389	-51.0664	512902
macapá	Macapá	0.0389	-51.0664	512902
macau	Macau	22.2006	113.5461	649335
macaé	Macaé	-22.3848	-41.7832	264439
maceio	Maceió	-9.6658	-35.7353	1031597
maceió	Maceió	-9.6658	-35.7353	1031597
machala	Machala	-3.2589	-79.9588	289141
macheng	Macheng	31.1801	115.0221	893654
machida	Machida	35.5403	139.4508	431079
machilipatnam	Machilīpatnam	16.1875	81.1389	192827
machilīpatnam	Machilīpatnam	16.1875	81.1389	192827
machiques	Machiques	10.0608	-72.5521	132734
madanapalle	Madanapalle	13.5503	78.5029	180180
madhavaram	Madhavaram	13.1482	80.2314	119105
madhurampur dehri	Madhurampur Dehri	24.969	84.1964	137231
madhyamgram	Madhyamgram	22.6894	88.4459	161126
madhyapur thimi	Madhyapur Thimi	27.6806	85.3875	119955
madinah	Madinah	24.4686	39.6142	1300000
madinat an nasr	Madīnat an Naşr	30.0667	31.3	668413
madinat hamad	Madīnat Ḩamad	26.1153	50.5069	133550
madison	Madison	43.0731	-89.4012	280305
madiun	Madiun	-7.6298	111.5239	202544
madrid	Madrid	40.4165	-3.7026	3255944
madrid centro	Madrid Centro	40.4183	-3.7027	149718
madurai	Madurai	9.919	78.1195	1465625
madīnat an naşr	Madīnat an Naşr	30.0667	31.3	668413
madīnat ḩamad	Madīnat Ḩamad	26.1153	50.5069	133550
maebashi	Maebashi	36.4	139.0833	332149
magangue	Magangué	9.242	-74.7547	123982
magangué	Magangué	9.242	-74.7547	123982
magdalena contreras	Magdalena Contreras	19.3321	-99.2112	238431
magdeburg	Magdeburg	52.1313	11.6319	244329
mage	Magé	-22.6528	-43.0406	244142
magelang	Magelang	-7.4706	110.2178	128709
maghaghah	Maghāghah	28.6478	30.841	118223
maghāghah	Maghāghah	28.6478	30.841	118223
magnitogorsk	Magnitogorsk	53.3981	59.0066	413351
magugpo poblacion	Magugpo Poblacion	7.4475	125.8046	233254
magé	Magé	-22.6528	-43.0406	244142
mahabad	Mahābād	36.7631	45.7222	168393
mahajanga	Mahajanga	-15.7167	46.3167	260556
maharagama	Maharagama	6.848	79.9265	195355
mahbubnagar	Mahbūbnagar	16.7438	77.986	190400
mahbūbnagar	Mahbūbnagar	16.7438	77.986	190400
mahesana	Mahesāna	23.5986	72.3847	190753
maheshtala	Maheshtala	22.5086	88.2532	448317
mahesāna	Mahesāna	23.5986	72.3847	190753
mahilyow	Mahilyow	53.9088	30.3404	352896
mahābād	Mahābād	36.7631	45.7222	168393
maianga	Maianga	-8.8469	13.237	727681
maicao	Maicao	11.3784	-72.2395	166603
maidstone	Maidstone	51.2667	0.5167	107627
maiduguri	Maiduguri	11.8469	13.1571	1110000
maijdi	Maijdi	22.8667	91.1	132185
mailsi	Mailsi	29.8012	72.174	125431
mainz	Mainz	49.9819	8.2801	222889
maipu	Maipú	-33.5142	-70.7651	503635
maipú	Maipú	-33.5142	-70.7651	503635
mairipora	Mairiporã	-23.3186	-46.5867	101937
mairiporã	Mairiporã	-23.3186	-46.5867	101937
majie	Majie	25.0319	102.638	131696
makassar	Makassar	-5.1486	119.4319	1474393
makati city	Makati City	14.5503	121.0327	510383
makhachkala	Makhachkala	42.9778	47.5003	596356
makiyivka	Makiyivka	48.0478	37.9258	338968
makkah	Makkah	21.4266	39.8256	1578722
makumbako	Makumbako	-8.85	34.8333	116232
makurdi	Makurdi	7.7337	8.5214	390000
malabo	Malabo	3.7558	8.7817	155963
malabon	Malabon	14.6733	120.9397	365525
malacca	Malacca	2.196	102.2405	579000
malaga	Málaga	36.7202	-4.4203	592346
malakal	Malakal	9.5334	31.6605	160765
malambo	Malambo	10.8595	-74.7739	129148
malang	Malang	-7.9797	112.6304	889359
malanje	Malanje	-9.5402	16.341	455000
malappuram	Malappuram	11.042	76.0815	101386
malatia-sebastia	Malatia-Sebastia	40.174	44.4457	150500
malatya	Malatya	38.3502	38.3167	750491
malayer	Malāyer	34.3016	48.8217	170237
malda	Malda	25.0045	88.1457	170039
maldonado	Maldonado	-34.8979	-54.9502	102000
male	Male	4.1752	73.5092	103693
malegaon	Malegaon	20.5497	74.5346	481228
maler kotla	Māler Kotla	30.5309	75.8795	135424
malindi	Malindi	-3.218	40.1169	119859
malingao	Malingao	7.1608	124.475	1121974
malir cantonment	Malir Cantonment	24.9434	67.2059	300000
malita	Malita	6.415	125.6117	118438
malkajgiri	Malkajgiri	17.4478	78.5263	150000
mallawi	Mallawī	27.7326	30.8413	212628
mallawī	Mallawī	27.7326	30.8413	212628
malmoe	Malmö	55.6059	13.0007	362133
malmö	Malmö	55.6059	13.0007	362133
malolos	Malolos	14.8443	120.8104	269809
maltepe	Maltepe	40.9357	29.1551	427040
malāyer	Malāyer	34.3016	48.8217	170237
man	Man	7.4125	-7.5538	241969
man'gyongdae-ri	Man’gyŏngdae-ri	38.9918	125.6587	321690
manacapuru	Manacapuru	-3.2997	-60.6206	111751
manado	Manado	1.4822	124.8489	458582
managua	Managua	12.1328	-86.2504	973087
manama	Manama	26.2279	50.5857	147074
manas	Manas	40.945	72.9931	123239
manaus	Manaus	-3.1019	-60.025	2219580
manchester	Manchester	53.4809	-2.2374	568996
mandalay	Mandalay	21.9747	96.0836	1208099
mandaluyong	Mandaluyong	14.5784	121.0352	425000
mandaluyong city	Mandaluyong City	14.5832	121.0409	465902
mandaqui	Mandaqui	-23.4595	-46.6409	103665
mandaue city	Mandaue City	10.3236	123.9222	331320
mandera	Mandera	3.9373	41.8569	114718
mandi bahauddin	Mandi Bahauddin	32.587	73.4912	129733
mandimba	Mandimba	-14.3525	35.6506	118922
mandoli	Mandoli	28.7028	77.31	120417
mandsaur	Mandsaur	24.0718	75.0699	141667
mandurah	Mandurah	-32.5269	115.7217	107643
mandya	Mandya	12.5223	76.8975	137358
maneah	Manéah	9.7333	-13.4167	194297
manfalut	Manfalūţ	27.3126	30.9699	117925
manfalūţ	Manfalūţ	27.3126	30.9699	117925
mangalagiri	Mangalagiri	16.4308	80.5682	107197
mangaluru	Mangaluru	12.9172	74.856	499487
mango	Mango	22.8275	86.2164	223805
manhattan	New York City	40.7143	-74.006	8804190
manila	Manila	14.6042	120.9822	1600000
manisa	Manisa	38.612	27.4265	243971
manizales	Manizales	5.0668	-75.5068	434403
manjhand	Manjhand	25.9083	68.2368	140766
mannheim	Mannheim	49.4891	8.4669	307960
manokwari	Manokwari	-0.8629	134.064	132300
manolo fortich	Manolo Fortich	8.3697	124.8644	118075
manp'o	Manp’o	41.1547	126.2894	116760
manp’o	Manp’o	41.1547	126.2894	116760
mansa	Mansa	-11.1998	28.8943	170965
mansfield	Mansfield	53.1333	-1.2	171958
mansilingan	Mansilingan	10.6311	122.9789	454150
manta	Manta	-0.9494	-80.7314	264281
mantampay	Mantampay	8.1667	124.2167	265032
mantilla	Mantilla	23.0679	-82.3414	206918
manukau city	Manukau City	-36.9928	174.8799	362000
manzanillo	Manzanillo	19.1169	-104.3421	159853
manzini	Manzini	-26.4988	31.38	110537
manéah	Manéah	9.7333	-13.4167	194297
man’gyŏngdae-ri	Man’gyŏngdae-ri	38.9918	125.6587	321690
maoming	Maoming	21.6663	110.9136	1307802
maputo	Maputo	-25.9655	32.5832	1254837
mar del plata	Mar del Plata	-38.0004	-57.5562	593337
mar'ino	Mar’ino	55.65	37.7167	243000
maraba	Marabá	-5.3815	-49.1323	283542
marabá	Marabá	-5.3815	-49.1323	283542
maracaibo	Maracaibo	10.6423	-71.6109	1752602
maracanau	Maracanaú	-3.8767	-38.6256	251613
maracanaú	Maracanaú	-3.8767	-38.6256	251613
maracay	Maracay	10.2497	-67.5948	464700
maradi	Maradi	13.5	7.1017	361702
maragheh	Marāgheh	37.3921	46.2391	262604
maramag	Maramag	7.7633	125.0053	109864
maran	Maran	3.586	102.773	111056
marand	Marand	38.4329	45.7749	124191
maranguape	Maranguape	-3.8908	-38.6856	108622
marawi city	Marawi City	8.0034	124.284	259993
marbella	Marbella	36.5154	-4.8858	156295
marcory	Marcory	5.312	-3.9936	214061
mardan	Mardan	34.1979	72.0496	300424
mardin	Mardin	37.3131	40.7436	129864
marg'ilon	Marg‘ilon	40.4724	71.7246	253500
marg‘ilon	Marg‘ilon	40.4724	71.7246	253500
marianao	Marianao	23.0739	-82.4297	134057
mariara	Mariara	10.2953	-67.7177	116142
marica	Maricá	-22.9194	-42.8186	211986
maricá	Maricá	-22.9194	-42.8186	211986
marienthal	Marienthal	53.5667	10.0833	287101
marikina city	Marikina City	14.6481	121.1133	471323
marilia	Marília	-22.2139	-49.9458	237627
maringa	Maringá	-23.4253	-51.9386	409657
maringá	Maringá	-23.4253	-51.9386	409657
marituba	Marituba	-1.3553	-48.3419	119437
mariupol	Mariupol	47.0951	37.5413	230000
marivan	Marīvān	35.5183	46.183	136654
mariveles	Mariveles	14.4338	120.4857	156200
marka	Marka	1.7159	44.7717	230100
markham	Markham	43.8668	-79.2663	338503
marne la vallee	Marne La Vallée	48.8358	2.6424	318325
marne la vallée	Marne La Vallée	48.8358	2.6424	318325
maroua	Maroua	10.5909	14.3159	314122
marrakesh	Marrakesh	31.6342	-7.9999	995871
marsa matruh	Marsá Maţrūḩ	31.3529	27.2372	176498
marseille	Marseille	43.297	5.3811	877215
marsá maţrūḩ	Marsá Maţrūḩ	31.3529	27.2372	176498
martapura	Martapura	-3.4109	114.8642	131449
marugame	Marugame	34.2833	133.7833	109513
marvdasht	Marvdasht	29.8741	52.8026	148858
mary	Mary	37.5938	61.8303	167027
maryvale	Maryvale	33.502	-112.1776	208189
marzahn	Marzahn	52.5453	13.5698	111508
marília	Marília	-22.2139	-49.9458	237627
marāgheh	Marāgheh	37.3921	46.2391	262604
marīvān	Marīvān	35.5183	46.183	136654
mar’ino	Mar’ino	55.65	37.7167	243000
masai	Masai	1.4907	103.8788	141730
masaka	Masaka	-0.3338	31.7341	116600
masan	Masan	35.1272	126.8315	434371
masaya	Masaya	11.9732	-86.0959	130113
mascara	Mascara	35.3966	0.1403	108629
maseru	Maseru	-29.3167	27.4833	359753
mashhad	Mashhad	36.2981	59.6057	2307177
masina	Masina	-4.3836	15.3914	485167
masindi	Masindi	1.6744	31.715	110500
masjed soleyman	Masjed Soleymān	31.9364	49.3039	100497
masjed soleymān	Masjed Soleymān	31.9364	49.3039	100497
matadi	Matadi	-5.8386	13.4631	425662
matagalpa	Matagalpa	12.9279	-85.9191	109089
matanzas	Matanzas	23.0439	-81.5828	146733
mataram	Mataram	-8.5833	116.1167	441147
mataro	Mataró	41.5421	2.4445	126988
mataró	Mataró	41.5421	2.4445	126988
mathura	Mathura	27.5035	77.6722	330511
mati	Mati	6.9551	126.2165	105908
matola	Matola	-25.9622	32.4589	1198988
matsubara	Matsubara	34.5667	135.55	130855
matsudo	Matsudo	35.7799	139.9014	498575
matsue	Matsue	35.4833	133.05	203616
matsumoto	Matsumoto	36.2333	137.9667	241145
matsusaka	Matsusaka	34.5789	136.5371	159145
matsuto	Matsutō	36.5167	136.5667	110408
matsutō	Matsutō	36.5167	136.5667	110408
matsuyama	Matsuyama	33.8392	132.7657	511192
matuga	Matuga	-4.168	39.5707	194252
maturin	Maturín	9.7457	-63.1832	647459
maturín	Maturín	9.7457	-63.1832	647459
mau	Mau	25.9417	83.5611	246050
maua	Mauá	-23.6678	-46.4614	418261
mauá	Mauá	-23.6678	-46.4614	418261
mawlamyine	Mawlamyine	16.4905	97.6282	438861
maxixe	Maxixe	-23.8597	35.3472	126408
maykop	Maykop	44.6079	40.1024	141970
mazabuka	Mazabuka	-15.856	27.748	104412
mazar-e sharif	Mazār-e Sharīf	36.709	67.1109	523300
mazatlan	Mazatlán	23.2216	-106.4189	381583
mazatlán	Mazatlán	23.2216	-106.4189	381583
mazyr	Mazyr	52.0416	29.2163	104517
mazār-e sharīf	Mazār-e Sharīf	36.709	67.1109	523300
ma’anshan	Ma’anshan	31.6858	118.5101	741531
mbake	Mbaké	14.7903	-15.908	101451
mbaké	Mbaké	14.7903	-15.908	101451
mbale	Mbale	1.0821	34.175	111300
mbandaka	Mbandaka	0.0486	18.2603	455011
mbanza kongo	Mbanza Kongo	-6.2667	14.2383	148000
mbanza-ngungu	Mbanza-Ngungu	-5.2584	14.8584	142773
mbarara	Mbarara	-0.6047	30.6485	221300
mbeya	Mbeya	-8.9	33.45	541603
mbombela	Mbombela	-25.4751	30.9693	110159
mbour	Mbour	14.422	-16.9638	284189
mbuji-mayi	Mbuji-Mayi	-6.136	23.5898	2101332
mcallen	McAllen	26.2034	-98.23	140269
mckinney	McKinney	33.1976	-96.6153	162898
mdantsane	Mdantsane	-32.9332	27.7766	205504
meads	Meads	38.4126	-82.7091	288649
medan	Medan	3.5833	98.6667	2486283
medea	Médéa	36.2642	2.7539	145441
medellin	Medellín	6.245	-75.5715	1999979
medellín	Medellín	6.245	-75.5715	1999979
medina estates	Medina Estates	5.6658	-0.1631	101207
medinipur	Medinīpur	22.4211	87.3226	153349
medinīpur	Medinīpur	22.4211	87.3226	153349
meerut	Meerut	28.98	77.7064	1223184
meguro	Meguro	35.6322	139.7017	288088
meiktila	Meiktila	20.8778	95.8584	177442
meishan	Meishan	30.0439	103.837	1107742
meizhou	Meizhou	24.2886	116.1177	992351
mejicanos	Mejicanos	13.724	-89.188	160317
mek'ele	Mek'ele	13.4967	39.4753	457900
meknes	Meknes	33.8935	-5.5473	568295
melbourne	Melbourne	-37.814	144.9633	5435590
melitopol	Melitopol	46.8473	35.382	148851
memphis	Memphis	35.1495	-90.049	633104
mendip	Mendip	51.2372	-2.6266	110000
mendoza	Mendoza	-32.8895	-68.8458	114893
mengmao	Mengmao	24.0014	97.865	112578
mengzi	Mengzi	23.3678	103.3821	595100
menongue	Menongue	-14.6585	17.691	251178
mentougou	Mentougou	39.9382	116.0931	197772
merauke	Merauke	-8.4996	140.4061	116864
mercier-hochelaga-maisonneuve	Mercier–Hochelaga-Maisonneuve	45.5719	-73.5463	142753
mercier–hochelaga-maisonneuve	Mercier–Hochelaga-Maisonneuve	45.5719	-73.5463	142753
merida	Mérida	20.967	-89.6232	1201000
merkezefendi	Merkezefendi	37.8054	29.0424	280341
merlo	Merlo	-34.6654	-58.7274	268961
mersin	Mersin	36.812	34.6389	537842
mesa	Mesa	33.4223	-111.8226	471825
mesquite	Mesquite	32.7668	-96.5992	144788
messina	Messina	38.1939	15.5526	219948
mestre	Mestre	45.4917	12.2454	147662
metairie	Metairie	29.9841	-90.1529	138481
metairie terrace	Metairie Terrace	29.9785	-90.164	142489
metro	Metro	-5.1131	105.3067	182293
metz	Metz	49.1191	6.1727	123914
mexicali	Mexicali	32.6278	-115.4545	1032686
mexico city	Mexico City	19.4285	-99.1277	12294193
meycauayan	Meycauayan	14.7369	120.9608	228023
mezhdurechensk	Mezhdurechensk	53.6899	88.0622	101026
miami	Miami	25.7743	-80.1937	487014
miami gardens	Miami Gardens	25.942	-80.2456	113187
mian channun	Mian Channun	30.4407	72.3568	140112
miandoab	Mīāndoāb	36.9667	46.1096	134425
mianeh	Mīāneh	37.421	47.715	106291
mianwali	Mianwali	32.5776	71.5285	129500
mianyang	Mianyang	31.4678	104.6817	1550000
mianzhu, deyang, sichuan	Mianzhu, Deyang, Sichuan	31.3379	104.2206	510000
miass	Miass	55.0455	60.1076	167500
middelburg	Middelburg	-25.7751	29.4648	196263
middlesbrough	Middlesbrough	54.5762	-1.2348	142707
midland	Midland	31.9974	-102.0779	132524
midsayap	Midsayap	7.1908	124.5303	117365
miguel hidalgo	Miguel Hidalgo	19.4341	-99.2002	372889
milagro	Milagro	-2.134	-79.5934	133508
milan	Milan	45.4643	9.1895	1371498
milton	Milton	43.5168	-79.8829	132979
milton keynes	Milton Keynes	52.0417	-0.7558	256385
milwaukee	Milwaukee	43.0389	-87.9065	563531
minamirinkan	Minamirinkan	35.4953	139.4428	224015
minatitlan	Minatitlán	18.0001	-94.5569	112046
minatitlán	Minatitlán	18.0001	-94.5569	112046
minato	Minato	34.2152	135.1501	375339
minato city	Minato City	35.6581	139.7515	260486
mingachevir	Mingachevir	40.7642	47.0623	106048
mingala tangnyunt	Mingala Tangnyunt	16.7886	96.1723	132494
mingaladon	Mingaladon	16.9241	96.0977	136000
mingguang	Mingguang	32.7802	117.9638	645000
mingora	Mingora	34.7795	72.3627	361112
mingshui	Mingshui	36.7167	117.5	114858
minhang	Minhang	31.1088	121.3747	2716600
minna	Minna	9.6152	6.5478	425000
minneapolis	Minneapolis	44.98	-93.2638	410939
minoh	Minoh	34.8269	135.4706	136868
minsk	Minsk	53.9002	27.5665	1742124
minya	Minya	28.0919	30.7581	283605
miraflores	Miraflores	-12.1133	-77.0327	187401
miramar	Miramar	25.9873	-80.2323	137132
miri	Miri	4.3993	113.9916	300543
mirpur khas	Mirpur Khas	25.5276	69.0126	267833
mirpur model thana	Mirpur Model Thana	23.8093	90.3609	546503
miryalaguda	Miryalaguda	16.8722	79.5625	104918
mirzapur	Mirzāpur	25.1449	82.5653	220029
mirzāpur	Mirzāpur	25.1449	82.5653	220029
misato, saitama	Misato, Saitama	35.8437	139.8835	142145
mishima	Mishima	35.1167	138.9167	107851
miskolc	Miskolc	48.1033	20.7781	154521
misratah	Misratah	32.3753	15.0925	355657
mississauga	Mississauga	43.5789	-79.6583	717961
mit ghamr	Mīt Ghamr	30.7152	31.2592	153754
mito	Mito	36.35	140.45	270685
mitrovice	Mitrovicë	42.8833	20.8667	107045
mitrovicë	Mitrovicë	42.8833	20.8667	107045
mitte	Mitte	52.52	13.4049	102338
mityana	Mityana	0.4175	32.0228	105200
mixco	Mixco	14.6308	-90.6071	465773
miyakonojo	Miyakonojō	31.7333	131.0667	161137
miyakonojō	Miyakonojō	31.7333	131.0667	161137
miyazaki	Miyazaki	31.9167	131.4167	401339
mlolongo	Mlolongo	-1.3964	36.9403	136351
moanda	Moanda	-5.9275	12.3715	128804
mobile	Mobile	30.6944	-88.043	183289
mocuba	Mocuba	-16.8375	36.9856	196001
modakeke	Modakeke	7.383	4.2603	119529
model town	Model Town	31.481	74.3256	100000
modena	Modena	44.6478	10.9254	184732
modesto	Modesto	37.6391	-120.9969	211266
modinagar	Modīnagar	28.8306	77.573	475843
modīnagar	Modīnagar	28.8306	77.573	475843
moenchengladbach	Mönchengladbach	51.1854	6.4417	261742
moeng yang	Möng Yang	21.8478	99.6765	117108
moers	Moers	51.4534	6.6326	103487
moga	Moga	30.8138	75.1688	163397
mogadishu	Mogadishu	2.0371	45.3438	2587183
mogi das cruzes	Mogi das Cruzes	-23.5228	-46.1883	325746
mogi guacu	Mogi Guaçu	-22.3677	-46.9455	160318
mogi guaçu	Mogi Guaçu	-22.3677	-46.9455	160318
mohali	Mohali	30.68	76.7221	166864
mohammad shahr	Moḩammad Shahr	35.763	50.9171	119418
mohammadpur	Mohammadpur	24.8984	88.5284	527571
mohammedia	Mohammedia	33.6861	-7.383	227799
mojokerto	Mojokerto	-7.4664	112.4338	141785
mokopane	Mokopane	-24.1944	29.0097	101090
mokotow	Mokotów	52.1934	21.0349	217683
mokotów	Mokotów	52.1934	21.0349	217683
mokpo	Mokpo	34.8128	126.3918	268402
mombasa	Mombasa	-4.0547	39.6636	1208333
moncloa-aravaca	Moncloa-Aravaca	40.4355	-3.7317	116531
monclova	Monclova	26.9069	-101.4206	215271
mong cai	Móng Cái	21.5247	107.9662	108553
mongu	Mongu	-15.2484	23.1274	111450
monrovia	Monrovia	6.3005	-10.7969	1542549
monteria	Montería	8.7508	-75.8782	490935
monterrey	Monterrey	25.6843	-100.3172	1135512
montería	Montería	8.7508	-75.8782	490935
montes claros	Montes Claros	-16.735	-43.8617	437601
montevideo	Montevideo	-34.9033	-56.1882	1270737
montgomery	Montgomery	32.3668	-86.3	195287
montpellier	Montpellier	43.6109	3.8763	248252
montreal	Montréal	45.5088	-73.5878	1762949
montreuil	Montreuil	48.8642	2.4432	111240
montréal	Montréal	45.5088	-73.5878	1762949
monywa	Monywa	22.1086	95.1358	182011
monza	Monza	45.58	9.2725	124398
mopti	Mopti	14.4843	-4.183	186187
moradabad	Morādābād	28.8389	78.7768	721139
moratalaz	Moratalaz	40.4074	-3.6494	104923
moratuwa	Moratuwa	6.773	79.8816	168280
morelia	Morelia	19.7008	-101.1844	743275
morena	Morena	26.4989	77.9953	200482
moreno	Moreno	-34.634	-58.7914	148290
moreno valley	Moreno Valley	33.9375	-117.2306	204198
moriguchi	Moriguchi	34.7333	135.5667	143096
morioka	Morioka	39.7	141.15	290700
mormugao	Mormugao	15.3891	73.8149	102345
moro	Moro	26.6632	68.0002	142685
morogoro	Morogoro	-6.821	37.6612	471409
morvi	Morvi	22.8173	70.8377	210451
morādābād	Morādābād	28.8389	78.7768	721139
moscow	Moscow	55.752	37.6178	10381222
moshi	Moshi	-3.35	37.3333	221733
mosquera	Mosquera	4.7059	-74.2302	128012
mossamedes	Mossamedes	-15.1961	12.1522	255000
mossoro	Mossoró	-5.1875	-37.3442	264577
mossoró	Mossoró	-5.1875	-37.3442	264577
mostaganem	Mostaganem	35.9312	0.0892	162885
mostar	Mostar	43.3433	17.8081	104518
mostoles	Móstoles	40.3223	-3.865	207095
mosul	Mosul	36.335	43.1189	1683000
mothihari	Mothīhāri	26.6486	84.9166	126158
mothīhāri	Mothīhāri	26.6486	84.9166	126158
motijheel	Motijheel	23.7277	90.4192	202308
moundou	Moundou	8.5744	16.0772	196124
moḩammad shahr	Moḩammad Shahr	35.763	50.9171	119418
mpanda	Mpanda	-6.3438	31.0695	204338
mpumalanga	Mpumalanga	-29.8129	30.6365	140121
mthatha	Mthatha	-31.5889	28.7844	164848
mtwara	Mtwara	-10.2667	40.1833	140793
mu-se	Mu-se	23.9974	97.9011	165022
muar	Muar	2.0442	102.5689	314776
mubende	Mubende	0.5585	31.3949	121600
mubi	Mubi	10.2686	13.267	225705
mudanjiang	Mudanjiang	44.548	129.6259	665915
mueang nonthaburi	Mueang Nonthaburi	13.8607	100.5148	254375
muelheim	Mülheim	51.4322	6.8797	173050
muenster	Münster	51.9624	7.6257	308258
mufulira	Mufulira	-12.5498	28.2407	169136
mukalla	Mukalla	14.5425	49.1242	594951
mukim pulai	Mukim Pulai	1.5333	103.6667	505661
mukono	Mukono	0.3533	32.7553	191300
muktsar	Muktsar	30.4743	74.5166	116747
mulenvos	Mulenvos	-8.8669	13.3344	882014
mulhouse	Mulhouse	47.752	7.3287	111430
multan	Multan	30.1968	71.4782	2169915
mulugu	Mulugu	18.191	79.943	297671
mumbai	Mumbai	19.0728	72.8826	12691836
munger	Munger	25.3746	86.4745	213303
munich	Munich	48.1374	11.5755	1505005
muntinlupa	Muntinlupa	14.3903	121.0475	552225
munuf	Munūf	30.466	30.932	125707
munūf	Munūf	30.466	30.932	125707
muratpasa	Muratpaşa	36.8916	30.765	450000
muratpaşa	Muratpaşa	36.8916	30.765	450000
murcia	Murcia	37.987	-1.13	471982
murfreesboro	Murfreesboro	35.8456	-86.3903	165430
muriae	Muriaé	-21.1306	-42.3664	108447
muriaé	Muriaé	-21.1306	-42.3664	108447
muricay	Muricay	7.8275	123.4782	132094
muridke	Muridke	31.8026	74.2577	254291
murmansk	Murmansk	68.9678	33.0992	295374
murom	Murom	55.5685	42.0239	126931
murrieta	Murrieta	33.5539	-117.2139	109830
murwara	Murwāra	23.8378	80.394	221883
murwāra	Murwāra	23.8378	80.394	221883
musaffah	Musaffah	24.3589	54.4827	243341
musanze	Musanze	-1.4998	29.635	153368
musashino	Musashino	35.7061	139.5594	150149
muscat	Muscat	23.5841	58.4078	797000
mushin	Mushin	6.528	3.3541	199000
musoma	Musoma	-1.5	33.8	164172
mustafabad	Mustafābād	28.7197	77.2678	127167
mustafakemalpasa	Mustafakemalpaşa	40.0382	28.4087	101412
mustafakemalpaşa	Mustafakemalpaşa	40.0382	28.4087	101412
mustafābād	Mustafābād	28.7197	77.2678	127167
mutare	Mutare	-18.9707	32.6709	224802
muzaffarabad	Muzaffarābād	34.37	73.4708	725000
muzaffargarh	Muzaffargarh	30.0726	71.1938	235541
muzaffarnagar	Muzaffarnagar	29.4709	77.7033	349706
muzaffarpur	Muzaffarpur	26.1226	85.3906	354462
muzaffarābād	Muzaffarābād	34.37	73.4708	725000
mwala	Mwala	-1.3525	37.4548	181896
mwanza	Mwanza	-2.5167	32.9	1104521
mwene	Mwene	-9.817	22.8702	295683
mwene-ditu	Mwene-Ditu	-7.0091	23.4528	189177
my hao	Mỹ Hào	20.9167	106.0833	115608
my tho	Mỹ Tho	10.36	106.36	270700
myeik	Myeik	12.4395	98.6003	173298
myingyan	Myingyan	21.46	95.3884	141713
mykilska borshchahivka	Mykilska Borshchahivka	50.4264	30.3744	127400
mykolayiv	Mykolayiv	46.9763	31.993	470011
mymensingh	Mymensingh	24.7564	90.4065	225126
mysuru	Mysuru	12.2979	76.6393	920550
mytishchi	Mytishchi	55.911	37.7296	160542
mzuzu	Mzuzu	-11.4656	34.0207	249564
málaga	Málaga	36.7202	-4.4203	592346
médéa	Médéa	36.2642	2.7539	145441
mérida	Mérida	20.967	-89.6232	1201000
móng cái	Móng Cái	21.5247	107.9662	108553
móstoles	Móstoles	40.3223	-3.865	207095
mönchengladbach	Mönchengladbach	51.1854	6.4417	261742
möng yang	Möng Yang	21.8478	99.6765	117108
mülheim	Mülheim	51.4322	6.8797	173050
münster	Münster	51.9624	7.6257	308258
māler kotla	Māler Kotla	30.5309	75.8795	135424
mīt ghamr	Mīt Ghamr	30.7152	31.2592	153754
mīāndoāb	Mīāndoāb	36.9667	46.1096	134425
mīāneh	Mīāneh	37.421	47.715	106291
mỹ hào	Mỹ Hào	20.9167	106.0833	115608
mỹ tho	Mỹ Tho	10.36	106.36	270700
n'dalatando	N'dalatando	-9.2978	14.9116	161584
n'djamena	N'Djamena	12.1067	15.0444	1359526
nabatiye et tahta	Nabatîyé et Tahta	33.3789	35.4839	120000
nabatîyé et tahta	Nabatîyé et Tahta	33.3789	35.4839	120000
naberezhnyye chelny	Naberezhnyye Chelny	55.7372	52.4196	509870
nablus	Nablus	32.2211	35.2544	130326
nacala	Nacala	-14.5626	40.6854	239808
nada	Nada	19.5213	109.579	256652
nadiad	Nadiād	22.6939	72.8616	225071
nadiād	Nadiād	22.6939	72.8616	225071
nador	Nador	35.1681	-2.9335	176600
naga	Naga	13.6192	123.1814	174931
nagahama	Nagahama	35.3833	136.2667	113636
nagano	Nagano	36.65	138.1833	372760
nagaoka	Nagaoka	37.45	138.85	266936
nagaon	Nagaon	26.35	92.6667	121628
nagapattinam	Nagapattinam	10.7638	79.8431	102905
nagar naluakot	Nagar Naluākot	24.1561	90.7728	273000
nagar naluākot	Nagar Naluākot	24.1561	90.7728	273000
nagareyama	Nagareyama	35.8563	139.9027	200136
nagarpur	Nāgarpur	24.0578	89.877	238422
nagasaki	Nagasaki	32.75	129.8833	409118
nagaur	Nāgaur	27.202	73.7339	105218
nagda	Nagda	23.4583	75.4176	103501
nagercoil	Nāgercoil	8.179	77.4323	224849
nagoya	Nagoya	35.1815	136.9064	2332176
nagpur	Nagpur	21.1463	79.0849	2405665
naha	Naha	26.213	127.6785	317625
nahiyat al iskandariyah	Nāḩiyat al Iskandarīyah	32.8873	44.3462	100600
naihati	Naihāti	22.894	88.4152	253221
naihāti	Naihāti	22.894	88.4152	253221
nairobi	Nairobi	-1.2833	36.8167	4397073
naivasha	Naivasha	-0.7138	36.4326	198444
najaf	Najaf	32.0259	44.3462	482576
najafabad	Najafābād	32.6346	51.3653	235281
najafgarh	Najafgarh	28.6092	76.9798	1365000
najafābād	Najafābād	32.6346	51.3653	235281
najran	Najrān	17.4933	44.1277	505652
najrān	Najrān	17.4933	44.1277	505652
nakano	Nakano	35.7045	139.6695	344880
nakhodka	Nakhodka	42.8436	132.9183	146920
nakhon pathom	Nakhon Pathom	13.8196	100.0443	117927
nakhon ratchasima	Nakhon Ratchasima	14.9707	102.102	126391
nakhon si thammarat	Nakhon Si Thammarat	8.4333	99.9667	102152
nakuru	Nakuru	-0.3072	36.0722	570674
nalchik	Nalchik	43.4981	43.6189	239300
nalgonda	Nalgonda	17.0544	79.2671	154326
nam gjinh	Nam Định	20.4339	106.1773	448225
nam định	Nam Định	20.4339	106.1773	448225
namangan	Namangan	40.9983	71.6726	713220
namp'o	Namp’o	38.7375	125.4078	455000
nampula	Nampula	-15.1165	39.2666	770379
namp’o	Namp’o	38.7375	125.4078	455000
namur	Namur	50.4669	4.8675	110939
nanbin	Nanbin	29.9994	108.1091	118597
nanchang	Nanchang	28.684	115.8531	2357839
nanchong	Nanchong	30.7951	106.0847	1858875
nanchuan	Nanchuan	29.152	107.1034	204775
nancun	Nancun	36.5328	120.1339	124210
nancy	Nancy	48.6844	6.185	105058
nanded	Nanded	19.1602	77.315	550564
nandurbar	Nandurbar	21.3667	74.2405	111037
nandyal	Nandyāl	15.478	78.4836	211424
nandyāl	Nandyāl	15.478	78.4836	211424
nangloi jat	Nāngloi Jāt	28.6796	77.068	205596
nanhai	Nanhai	23.0219	113.1428	3667247
nanjin	Nanjin	29.985	106.2653	143766
nanjing	Nanjing	32.0617	118.7778	9314685
nankana sahib	Nankana Sahib	31.4501	73.7065	130041
nanning	Nanning	22.8167	108.3167	8741584
nanpiao	Nanpiao	41.0982	120.7479	157044
nanping	Nanping	26.645	118.1736	467875
nanqiao	Nanqiao	30.9161	121.4494	361185
nansana	Nansana	0.3639	32.5286	532800
nanshan residential	Nanshan Residential	22.5333	113.9298	1795826
nantes	Nantes	47.2172	-1.5534	325070
nantong	Nantong	32.0303	120.8747	2273326
nantou	Nantou	22.7217	113.2926	130370
nanyang	Nanyang	33.0052	112.5466	1811812
naperville	Naperville	41.7859	-88.1473	147100
naples	Naples	40.8522	14.2681	909048
nara-shi	Nara-shi	34.685	135.8048	367353
narasaraopet	Narasaraopet	16.2349	80.0493	117489
narashino	Narashino	35.6818	140.0415	176197
narayanganj	Narayanganj	23.6135	90.503	223622
narela	Narela	28.8527	77.0929	800000
narita	Narita	35.7833	140.3167	132906
narmadapuram	Narmadapuram	22.7475	77.7274	117988
narowal	Narowal	32.102	74.873	130692
narsingdi	Narsingdi	23.923	90.7177	281080
nashik	Nashik	19.9973	73.791	1486053
nashville	Nashville	36.1659	-86.7844	689447
nasim shahr	Nasīm Shahr	35.565	51.1633	200393
nasimshahr	Nasimshahr	35.5653	51.1583	200393
nasiriyah	Nasiriyah	31.058	46.2573	558400
nassau	Nassau	25.0582	-77.3431	227940
nasushiobara	Nasushiobara	36.9768	140.0664	115794
nasīm shahr	Nasīm Shahr	35.565	51.1633	200393
natal	Natal	-5.795	-35.2094	896708
natore	Natore	24.4111	88.9867	369138
naucalpan de juarez	Naucalpan de Juárez	19.4785	-99.2396	834434
naucalpan de juárez	Naucalpan de Juárez	19.4785	-99.2396	834434
navadwip	Navadwīp	23.4067	88.3686	111123
navadwīp	Navadwīp	23.4067	88.3686	111123
navegantes	Navegantes	-12.59	13.3912	240075
navi mumbai	Navi Mumbai	19.0368	73.0158	2600000
navoiy	Navoiy	40.0844	65.3792	144158
navojoa	Navojoa	27.0706	-109.4434	113836
navotas	Navotas	14.6667	120.95	249463
navsari	Navsari	20.9424	72.9247	171109
nawabganj	Nawābganj	24.5903	88.2744	142361
nawabshah	Nawabshah	26.2394	68.4037	363138
nawābganj	Nawābganj	24.5903	88.2744	142361
nay pyi taw	Nay Pyi Taw	19.745	96.1297	925000
nazarabad	Naz̧arābād	35.9541	50.6061	213388
nazilli	Nazilli	37.9163	28.3223	119370
nazran	Nazran	43.226	44.7732	164131
nazret	Nazrēt	8.55	39.2667	456900
nazrēt	Nazrēt	8.55	39.2667	456900
naz̧arābād	Naz̧arābād	35.9541	50.6061	213388
ndola	Ndola	-12.9587	28.6366	627503
neftekamsk	Neftekamsk	56.0888	54.2638	126805
nefteyugansk	Nefteyugansk	61.0998	72.6035	112632
negara	Negara	-8.3569	114.6169	100074
negombo	Negombo	7.2083	79.8358	137223
nehe	Nehe	48.4793	124.8702	108253
neihu	Neihu	25.0815	121.5881	274538
neijiang	Neijiang	29.5835	105.0622	1251095
neili	Neili	24.9725	121.2614	112845
neiva	Neiva	2.93	-75.2797	357392
nek'emte	Nek’emtē	9.0833	36.55	156000
nek’emtē	Nek’emtē	9.0833	36.55	156000
nellore	Nellore	14.4499	79.987	547621
nemyshlyanskyi	Nemyshlyanskyi	49.9644	36.3338	144200
nepalgunj	Nepalgunj	28.05	81.6167	166258
nepean	Nepean	45.3362	-75.7225	180000
netanya	Netanya	32.3329	34.8592	228204
neue neustadt	Neue Neustadt	52.15	11.6333	226851
neukoelln	Neukölln	52.4772	13.4313	164636
neukölln	Neukölln	52.4772	13.4313	164636
neuquen	Neuquén	-38.9508	-68.0592	231198
neuquén	Neuquén	-38.9508	-68.0592	231198
neuss	Neuss	51.1981	6.685	152457
nevinnomyssk	Nevinnomyssk	44.6333	41.9444	134345
new bedford	New Bedford	41.6353	-70.927	101079
new cairo	New Cairo	30.03	31.47	313139
new delhi	New Delhi	28.6214	77.2148	317797
new haven	New Haven	41.3081	-72.9282	130322
new kingston	New Kingston	18.0075	-76.7832	583958
new mirpur city	New Mirpur City	33.1478	73.7519	124352
new orleans	New Orleans	29.9547	-90.0751	362701
new south memphis	New South Memphis	35.0868	-90.0568	641608
new taipei city	New Taipei City	25.062	121.457	4004367
new territories	New Territories	22.4244	114.111	3984077
new york	New York City	40.7143	-74.006	8804190
new york city	New York City	40.7143	-74.006	8804190
newark	Newark	40.7357	-74.1724	281944
newcastle	Newcastle	-32.9295	151.7801	508437
newcastle under lyme	Newcastle under Lyme	53.0	-2.2333	127727
newcastle upon tyne	Newcastle upon Tyne	54.9733	-1.614	300125
newport	Newport	51.5877	-2.9983	161506
newport news	Newport News	36.9804	-76.4297	186247
newton	Newton	49.1333	-122.85	159390
neyagawa	Neyagawa	34.7662	135.6276	238549
neyshabur	Neyshābūr	36.2133	58.7957	220929
neyshābūr	Neyshābūr	36.2133	58.7957	220929
neyveli	Neyveli	11.6088	79.4994	179150
nga bay	Ngã Bảy	9.8137	105.821	101192
ngaoundere	Ngaoundéré	7.3277	13.5847	238196
ngaoundéré	Ngaoundéré	7.3277	13.5847	238196
nghi son	Nghi Sơn	19.3275	105.8214	302210
nghi sơn	Nghi Sơn	19.3275	105.8214	302210
ngong	Ngong	-1.3527	36.6699	102323
nguru	Nguru	12.877	10.4554	111014
ngã bảy	Ngã Bảy	9.8137	105.821	101192
nha trang	Nha Trang	12.2451	109.1943	579000
nia valencia	NIA Valencia	7.9064	125.0942	223620
niamey	Niamey	13.5137	2.1098	1323691
nianbo	Nianbo	36.48	102.4164	260184
nice	Nice	43.7031	7.2661	342669
nicolas romero	Nicolás Romero	19.6418	-99.3068	281799
nicolás romero	Nicolás Romero	19.6418	-99.3068	281799
nicosia	Nicosia	35.1728	33.354	200452
nigel	Nigel	-26.4314	28.4771	140644
niigata	Niigata	37.9226	139.0412	797591
niihama	Niihama	33.9605	133.3052	123059
niiza	Niiza	35.8209	139.5579	166017
nijmegen	Nijmegen	51.8425	5.8528	177359
nikopol	Nikopol	47.5683	34.3913	105160
nilopolis	Nilópolis	-22.8075	-43.4139	155500
niluefer	Nilüfer	40.214	28.9157	536365
nilópolis	Nilópolis	-22.8075	-43.4139	155500
nilüfer	Nilüfer	40.214	28.9157	536365
nimach	Nimach	24.4595	74.8662	128561
nimes	Nîmes	43.8366	4.3579	148236
ning'er	Ning’er	23.0405	101.0368	162711
ningbo	Ningbo	29.8782	121.5494	3731203
ningde	Ningde	26.6617	119.5228	429260
ning’er	Ning’er	23.0405	101.0368	162711
ninh hoa	Ninh Hòa	12.4919	109.1249	230566
ninh hòa	Ninh Hòa	12.4919	109.1249	230566
nippes	Nippes	50.9654	6.9531	113487
nis	Niš	43.3247	21.9033	250000
nishi-tokyo-shi	Nishi-Tokyo-shi	35.7253	139.5383	207388
nishinomiya	Nishinomiya	34.7156	135.332	485587
nishio	Nishio	34.8667	137.05	169984
niteroi	Niterói	-22.8833	-43.1036	515317
niterói	Niterói	-22.8833	-43.1036	515317
nizamabad	Nizāmābād	18.6715	78.0988	311152
nizhnekamsk	Nizhnekamsk	55.6379	51.815	234297
nizhnevartovsk	Nizhnevartovsk	60.9344	76.5531	244937
nizhniy novgorod	Nizhniy Novgorod	56.3287	44.002	1259013
nizhny tagil	Nizhny Tagil	57.9194	59.965	381116
nizāmābād	Nizāmābād	18.6715	78.0988	311152
niš	Niš	43.3247	21.9033	250000
njeru	Njeru	0.4417	33.1792	178800
nkayi	Nkayi	-4.184	13.2859	103000
nkongsamba	Nkongsamba	4.9547	9.9404	162309
nkpor	Nkpor	6.1504	6.8304	103733
nnewi	Nnewi	6.0196	6.9173	193987
nobeoka	Nobeoka	32.5833	131.6667	119521
noda	Noda	35.949	139.8679	154114
nogales	Nogales	31.3086	-110.9422	264782
noginsk	Noginsk	55.8649	38.4485	115979
noida	Noida	28.58	77.33	293908
nola	New Orleans	29.9547	-90.0751	362701
nong chok	Nong Chok	13.8559	100.8622	157138
nong khaem	Nong Khaem	13.7059	100.3492	150218
noord	Noord	52.3908	4.9099	116777
nor nork	Nor Nork	40.1966	44.5669	137300
norfolk	Norfolk	36.8468	-76.2852	238005
norilsk	Norilsk	69.3535	88.2027	140800
norman	Norman	35.2226	-97.4395	128026
north charleston	North Charleston	32.8546	-79.9748	108304
north las vegas	North Las Vegas	36.1989	-115.1175	234807
north peoria	North Peoria	40.7175	-89.5843	113004
north shore	North Shore	-36.8	174.75	258697
north stamford	North Stamford	41.1382	-73.5435	121230
northampton	Northampton	52.25	-0.8833	245899
norwalk	Norwalk	33.9022	-118.0817	107140
norwich	Norwich	52.6278	1.2983	143135
norzagaray	Norzagaray	14.9109	121.0493	140697
nossa senhora de fatima	Nossa Senhora de Fátima	22.2077	113.5483	126000
nossa senhora de fátima	Nossa Senhora de Fátima	22.2077	113.5483	126000
nossa senhora do socorro	Nossa Senhora do Socorro	-10.855	-37.1261	204081
nottingham	Nottingham	52.9536	-1.1505	323632
nou barris	Nou Barris	41.4416	2.1773	166310
nouadhibou	Nouadhibou	20.9419	-17.0384	146048
nouakchott	Nouakchott	18.0858	-15.9785	1184530
nova friburgo	Nova Friburgo	-22.2819	-42.5311	189939
nova iguacu	Nova Iguaçu	-22.7592	-43.4511	843046
nova iguaçu	Nova Iguaçu	-22.7592	-43.4511	843046
nova lima	Nova Lima	-19.9856	-43.8467	120959
nova serrana	Nova Serrana	-19.8761	-44.9836	114791
nova vida	Nova Vida	-8.9055	13.2221	464985
novara	Novara	45.4469	8.6212	101916
novi beograd	Novi Beograd	44.8056	20.4242	209763
novi sad	Novi Sad	45.2517	19.8369	215400
novo gama	Novo Gama	-16.0592	-48.0394	107663
novo hamburgo	Novo Hamburgo	-29.6783	-51.1306	253841
novo-peredelkino	Novo-Peredelkino	55.6453	37.3358	115536
novobavarskyi	Novobavarskyi	49.9514	36.165	108100
novocheboksarsk	Novocheboksarsk	56.111	47.4776	128468
novocherkassk	Novocherkassk	47.4222	40.0937	166974
novokuybyshevsk	Novokuybyshevsk	53.0971	49.94	111800
novokuznetsk	Novokuznetsk	53.7575	87.136	539616
novomoskovsk	Novomoskovsk	54.011	38.2908	130982
novorossiysk	Novorossiysk	44.7319	37.7618	241856
novosibirsk	Novosibirsk	55.0226	82.9317	1612833
novotroitsk	Novotroitsk	51.201	58.3132	106186
novozavodskyi	Novozavodskyi	51.4893	31.2563	179600
novyye cheremushki	Novyye Cherëmushki	55.7	37.5833	101000
novyye cherëmushki	Novyye Cherëmushki	55.7	37.5833	101000
novyye kuz'minki	Novyye Kuz’minki	55.7	37.75	143000
novyye kuz’minki	Novyye Kuz’minki	55.7	37.75	143000
nowrangapur	Nowrangapur	19.2311	82.5483	1220946
noyabrsk	Noyabrsk	63.1931	75.4373	110000
nsukka	Nsukka	6.8578	7.3958	111017
ntuzuma	Ntuzuma	-29.739	30.949	125394
nuevo laredo	Nuevo Laredo	27.4763	-99.5164	416055
nukus	Nukus	42.4586	59.6058	332500
numazu	Numazu	35.1	138.8667	189486
nunoa	Ñuñoa	-33.4474	-70.5828	255823
nuremberg	Nuremberg	49.4542	11.0775	515543
nusantara	Nusantara	-0.9731	116.7086	147430
nyagatare	Nyagatare	-1.2952	30.3226	100000
nyala	Nyala	12.0489	24.8807	565734
nyc	New York City	40.7143	-74.006	8804190
nyingchi	Nyingchi	29.6488	94.3551	200000
nyiregyhaza	Nyíregyháza	47.9554	21.7167	117689
nyzhnodniprovsk	Nyzhnodniprovsk	48.4755	35.1167	160123
nyíregyháza	Nyíregyháza	47.9554	21.7167	117689
nzega	Nzega	-4.2167	33.1833	125193
nzerekore	Nzérékoré	7.7562	-8.8179	226426
nzérékoré	Nzérékoré	7.7562	-8.8179	226426
nîmes	Nîmes	43.8366	4.3579	148236
nāgarpur	Nāgarpur	24.0578	89.877	238422
nāgaur	Nāgaur	27.202	73.7339	105218
nāgercoil	Nāgercoil	8.179	77.4323	224849
nāngloi jāt	Nāngloi Jāt	28.6796	77.068	205596
nāḩiyat al iskandarīyah	Nāḩiyat al Iskandarīyah	32.8873	44.3462	100600
o mon	Ô Môn	10.1097	105.6232	129683
oakland	Oakland	37.8044	-122.2708	419267
oakville	Oakville	43.4501	-79.6829	213759
oaxaca	Oaxaca	17.0602	-96.7254	255029
obalende	Obalende	6.4469	3.4153	342000
oberhausen	Oberhausen	51.4781	6.8625	219176
obihiro	Obihiro	42.9172	143.2044	166536
obninsk	Obninsk	55.1099	36.6124	107392
obolon	Obolon	50.5132	30.5055	239500
obuase	Obuase	6.2023	-1.668	179604
ocana	Ocaña	8.2377	-73.356	101158
ocaña	Ocaña	8.2377	-73.356	101158
oceanside	Oceanside	33.1959	-117.3795	175691
ochakovo-matveyevskoye	Ochakovo-Matveyevskoye	55.6843	37.4465	114000
ocumare del tuy	Ocumare del Tuy	10.1182	-66.7751	166072
odawara	Odawara	35.2556	139.1597	188856
odense	Odense	55.3959	10.3883	180863
odesa	Odesa	46.4857	30.7438	1010537
odessa	Odessa	31.8457	-102.3676	114428
odintsovo	Odintsovo	55.6698	37.2772	137041
oerebro	Örebro	59.2741	15.2066	155989
offa	Offa	8.1491	4.7207	113830
offenbach	Offenbach	50.1006	8.7665	119192
ogaki	Ōgaki	35.35	136.6167	161539
ogbomoso	Ogbomoso	8.1337	4.2401	433030
oita	Ōita	33.2333	131.6	477715
ojo de agua	Ojo de Agua	19.6803	-99.01	386290
okara	Okara	30.8103	73.4515	533693
okayama	Okayama	34.65	133.9333	724691
okazaki	Okazaki	34.95	137.1667	384654
okene	Okene	7.5512	6.2359	479178
okigwe	Okigwe	5.8292	7.3506	115499
okinawa	Okinawa	26.3358	127.8014	142752
oklahoma city	Oklahoma City	35.4676	-97.5164	681054
okrika	Okrika	4.7421	7.0837	133271
oktyabrsky	Oktyabrsky	54.4815	53.471	108200
olanchito	Olanchito	15.4813	-86.5742	124286
olathe	Olathe	38.8814	-94.8191	134305
oldenburg	Oldenburg	53.1404	8.2148	159218
oldham	Oldham	53.5405	-2.1183	237110
oleksandrivskyi	Oleksandrivskyi	47.9679	37.8034	100330
oleksiyivka	Oleksiyivka	50.0452	36.1932	100500
olinda	Olinda	-8.0089	-34.8553	364717
olmaliq	Olmaliq	40.8447	69.5983	133400
olongapo	Olongapo	14.8292	120.2828	221178
olsztyn	Olsztyn	53.7838	20.4927	169793
omaha	Omaha	41.2563	-95.9404	486051
omdurman	Omdurman	15.6445	32.4777	1849659
ome	Ōme	35.7839	139.2431	133535
omsk	Omsk	54.9924	73.3686	1172070
omuta	Ōmuta	33.0333	130.45	131974
ondjiva	Ondjiva	-17.0667	15.7333	121537
ondo	Ondo	7.0932	4.8353	375000
ongata rongai	Ongata Rongai	-1.3953	36.764	172569
ongole	Ongole	15.5036	80.0445	208344
onitsha	Onitsha	6.1498	6.7857	1553000
onojo	Ōnojō	33.5357	130.4786	102085
onomichi	Onomichi	34.4167	133.2	131170
ontario	Ontario	34.0633	-117.6509	171214
ooty	Ooty	11.4134	76.6952	233426
opole	Opole	50.6712	17.926	127676
oradea	Oradea	47.0458	21.9183	183105
orai	Orai	25.9902	79.4533	158265
oral	Oral	51.246	51.4256	330000
oran	Oran	35.6991	-0.6359	803329
orange	Orange	33.7878	-117.8531	140992
ordos	Ordos	39.6086	109.7816	2153638
ordu	Ordu	40.9778	37.8905	229214
orekhovo-borisovo	Orekhovo-Borisovo	55.6125	37.7264	144000
orekhovo-borisovo severnoye	Orekhovo-Borisovo Severnoye	55.6167	37.6833	128000
orekhovo-zuyevo	Orekhovo-Zuyevo	55.8124	38.9915	120000
orel	Orël	52.9688	36.0791	303696
orenburg	Orenburg	51.7671	55.0988	564773
orihuela	Orihuela	38.0848	-0.944	101321
orizaba	Orizaba	18.8519	-97.0996	123182
orkney	Orkney	-26.9802	26.6727	110052
orlando	Orlando	28.5383	-81.3792	334854
orleans	Orléans	45.4573	-75.5043	125937
orléans	Orléans	45.4573	-75.5043	125937
ormoc	Ormoc	11.0064	124.6075	238545
orsha	Orsha	54.5136	30.4036	101662
orsk	Orsk	51.2321	58.488	246836
orumiyeh	Orūmīyeh	37.5527	45.0761	577307
oruro	Oruro	-17.9715	-67.0932	208684
orël	Orël	52.9688	36.0791	303696
orūmīyeh	Orūmīyeh	37.5527	45.0761	577307
osaka	Osaka	34.6938	135.5011	2753862
osaki	Ōsaki	38.5887	140.973	128763
osan	Osan	37.1522	127.0706	238788
osasco	Osasco	-23.5325	-46.7917	728615
osh	Osh	40.5283	72.7985	322164
oshawa	Oshawa	43.9001	-78.8496	175383
oshodi	Oshodi	6.555	3.3436	170870
oshu	Ōshū	39.1393	141.1685	112937
oslo	Oslo	59.9127	10.7461	1082575
osmaniye	Osmaniye	37.0742	36.2478	202837
osnabrueck	Osnabrück	52.2726	8.0498	166462
osnabrück	Osnabrück	52.2726	8.0498	166462
osogbo	Osogbo	7.771	4.557	645000
osorno	Osorno	-40.574	-73.1335	135773
ostrava	Ostrava	49.8347	18.282	279791
ota	Ōta	35.5613	139.716	748081
otaru	Otaru	43.1894	141.0022	115333
otsu	Ōtsu	35.0	135.8667	345070
ottakring	Ottakring	48.2167	16.3	104627
ottawa	Ottawa	45.4112	-75.6981	1017449
ottawa south	Ottawa South	45.3921	-75.6873	125090
ouagadougou	Ouagadougou	12.3657	-1.5339	2415266
ouahigouya	Ouahigouya	13.5769	-2.4179	124587
ouargla	Ouargla	31.9493	5.325	169928
oued zem	Oued Zem	32.8627	-6.5736	104029
oujda	Oujda	34.6814	-1.9086	539711
oulu	Oulu	65.0124	25.4682	216066
ourense	Ourense	42.3367	-7.8641	105233
ourinhos	Ourinhos	-22.9789	-49.8706	103970
overland park	Overland Park	38.9822	-94.6708	186515
oviedo	Oviedo	43.3603	-5.8448	220027
owerri	Owerri	5.4836	7.0332	545000
owo	Owo	7.1962	5.5868	276574
oxford	Oxford	51.7522	-1.256	162100
oxnard	Oxnard	34.1975	-119.177	207254
oyama	Oyama	36.3	139.8	167647
oyo	Oyo	7.8537	3.9324	736072
p'yongsong	P’yŏngsŏng	39.2464	125.8719	100000
paarl	Paarl	-33.7338	18.9752	236910
pabna	Pābna	24.0064	89.2372	186781
pachuca de soto	Pachuca de Soto	20.117	-98.7333	256584
paco do lumiar	Paço do Lumiar	-2.5322	-44.1075	155307
padalarang	Padalarang	-6.8378	107.4728	193114
padang	Padang	-0.9492	100.3543	942938
padangsidempuan	Padangsidempuan	1.3795	99.2715	243843
paderborn	Paderborn	51.7191	8.7544	142161
padua	Padua	45.408	11.8859	203725
paech'on-up	Paech’ŏn-ŭp	37.9931	126.3014	159825
paech’ŏn-ŭp	Paech’ŏn-ŭp	37.9931	126.3014	159825
paek'ak	Paek'ak	39.4627	125.6059	125924
pagadian	Pagadian	7.8257	123.437	206483
pailou	Pailou	30.7964	108.3858	104351
pak kret	Pak Kret	13.9118	100.4977	190272
pakdasht	Pākdasht	35.4785	51.6834	236319
pakokku	Pakokku	21.3349	95.0844	126938
pakpattan	Pakpattan	30.3431	73.3894	126706
palakkad	Palakkad	10.7732	76.6537	132728
palangkaraya	Palangkaraya	-2.2083	113.9167	318247
palanpur	Pālanpur	24.1713	72.4383	141592
palembang	Palembang	-2.9167	104.7458	1801367
palermo	Palermo	38.1166	13.3636	648260
palhoca	Palhoça	-27.6453	-48.6678	222598
palhoça	Palhoça	-27.6453	-48.6678	222598
pali	Pāli	25.7728	73.3234	230075
pallabi	Pallabi	23.825	90.37	597574
pallavaram	Pallāvaram	12.968	80.1502	233984
pallāvaram	Pallāvaram	12.968	80.1502	233984
palm bay	Palm Bay	28.0345	-80.5887	119760
palma	Palma	39.5694	2.6502	438234
palma soriano	Palma Soriano	20.2115	-75.9944	102826
palmas	Palmas	-10.1675	-48.3277	306296
palmdale	Palmdale	34.5794	-118.1165	158351
palmira	Palmira	3.5394	-76.3036	312519
palo negro	Palo Negro	10.1739	-67.5419	128875
palopo	Palopo	-2.9925	120.1969	184961
paltan	Paltan	23.7362	90.4143	184492
palu	Palu	-0.9083	119.8708	389959
palwal	Palwal	28.1447	77.3255	131926
pamanukan	Pamanukan	-6.2842	107.8106	114290
pamplona	Pamplona	42.8169	-1.6432	208243
pamulang	Pamulang	-6.3428	106.7383	174557
panabo	Panabo	7.3081	125.6842	211242
panalanoy	Panalanoy	11.2511	125.0064	189090
panama city	Panama City	8.9936	-79.5197	408168
panchkula	Panchkula	30.6946	76.8504	211355
pandi	Pandi	14.865	120.9572	162725
pandit deen dayal upadhyaya nagar	Pandit Deen Dayal Upadhyaya Nagar	25.2831	83.1197	109650
pangkalanbuun	Pangkalanbuun	-2.6832	111.6259	108814
pangkalpinang	Pangkalpinang	-2.1291	106.1138	226297
panguila	Panguíla	-8.6934	13.4491	158068
panguíla	Panguíla	-8.6934	13.4491	158068
panihati	Pānihāti	22.6909	88.374	378705
panipat	Panipat	29.3875	76.9682	295970
paniqui	Paniqui	15.6689	120.5806	106190
panjin	Panjin	41.121	122.0739	1166481
pano aqil	Pano Aqil	27.8562	69.1111	102701
panshan	Panshan	41.1881	122.0494	625040
panvel	Panvel	18.9888	73.1101	195373
panzhihua	Panzhihua	26.5851	101.7128	787177
par naogaon	Pār Naogaon	24.8042	88.9488	192464
paradise	Paradise	36.0972	-115.1467	223167
paragominas	Paragominas	-2.9956	-47.3549	105550
parakou	Parakou	9.3372	2.6303	255478
paramaribo	Paramaribo	5.8664	-55.1668	223757
parana	Paraná	-31.7327	-60.529	247139
paranagua	Paranaguá	-25.5163	-48.5254	150104
paranaguá	Paranaguá	-25.5163	-48.5254	150104
paranaque city	Paranaque City	14.4816	121.0175	703245
paraná	Paraná	-31.7327	-60.529	247139
parauapebas	Parauapebas	-6.0675	-49.9022	305771
parbhani	Parbhani	19.2686	76.7708	307170
pardis	Pardīs	35.7469	51.8122	114249
pardīs	Pardīs	35.7469	51.8122	114249
pare	Pare	-7.7679	112.198	106007
parelheiros	Parelheiros	-23.8275	-46.7269	153695
parepare	Parepare	-4.0135	119.6255	160309
parintins	Parintins	-2.6283	-56.7358	101855
paris	Paris	48.8534	2.3488	2138551
paris 11 popincourt	Paris 11 Popincourt	48.8574	2.3795	138170
paris 11e arrondissement	Paris 11e Arrondissement	48.8583	2.3795	144292
paris 12 reuilly	Paris 12 Reuilly	48.8412	2.3876	138024
paris 12e arrondissement	Paris 12e Arrondissement	48.8352	2.435	140311
paris 13 gobelins	Paris 13 Gobelins	48.8322	2.3561	181271
paris 13e arrondissement	Paris 13e Arrondissement	48.8262	2.3599	177833
paris 14 observatoire	Paris 14 Observatoire	48.8331	2.3264	136455
paris 15 vaugirard	Paris 15 Vaugirard	48.8412	2.3003	229713
paris 16 passy	Paris 16 Passy	48.8637	2.2769	159386
paris 17 batignolles-monceau	Paris 17 Batignolles-Monceau	48.8835	2.3219	159212
paris 18 buttes-montmartre	Paris 18 Buttes-Montmartre	48.8925	2.3444	183127
paris 19 buttes-chaumont	Paris 19 Buttes-Chaumont	48.8817	2.3822	178691
paris 20 menilmontant	Paris 20 Ménilmontant	48.8646	2.3984	185140
paris 20 ménilmontant	Paris 20 Ménilmontant	48.8646	2.3984	185140
parla	Parla	40.236	-3.7675	115611
parma	Parma	44.7993	10.3262	198292
parnaiba	Parnaíba	-2.9047	-41.7767	170491
parnamirim	Parnamirim	-5.9156	-35.2628	271713
parnaíba	Parnaíba	-2.9047	-41.7767	170491
parsabad	Pārsābād	39.6482	47.9174	102996
parung	Parung	-6.4214	106.7331	128905
pasadena	Pasadena	29.6911	-95.2091	153784
pasarkemis	Pasarkemis	-6.1703	106.5303	263289
pasay	Pasay	14.5375	121.0014	416522
paseh	Paseh	-7.068	107.794	126181
pasig city	Pasig City	14.5869	121.0614	853050
pasir gudang	Pasir Gudang	1.462	103.9053	534659
pasir mas	Pasir Mas	6.0493	102.1399	230424
pasir puteh	Pasir Puteh	5.8333	102.4	137400
pasrur	Pasrur	32.2629	74.6633	102717
passo fundo	Passo Fundo	-28.2628	-52.4067	214811
passos	Passos	-20.7189	-46.6097	116951
pasto	Pasto	1.2146	-77.2785	392930
pasuruan	Pasuruan	-7.6453	112.9075	213469
patan	Pātan	27.6766	85.3142	299283
paterson	Paterson	40.9168	-74.1718	147754
pathankot	Pathānkot	32.2748	75.6529	174306
pathein	Pathein	16.7792	94.7321	237089
pathānkot	Pathānkot	32.2748	75.6529	174306
pati	Pati	-6.7559	111.038	107028
patiala	Patiāla	30.3362	76.3922	446246
patiāla	Patiāla	30.3362	76.3922	446246
patna	Patna	25.5941	85.1356	1684297
patos de minas	Patos de Minas	-18.5789	-46.5181	159235
patra	Pátra	38.2462	21.7351	168034
pattaya	Pattaya	12.9333	100.8833	116417
pattoki	Pattoki	31.0202	73.8533	113735
paulinia	Paulínia	-22.7611	-47.1542	110537
paulista	Paulista	-7.9408	-34.8731	342167
paulo afonso	Paulo Afonso	-9.4061	-38.2147	119418
paulínia	Paulínia	-22.7611	-47.1542	110537
pavlodar	Pavlodar	52.276	76.9688	329002
pavlohrad	Pavlohrad	48.5321	35.8688	101430
paya terubong	Paya Terubong	5.3728	100.2797	226712
payakumbuh	Payakumbuh	-0.2159	100.6334	139576
paço do lumiar	Paço do Lumiar	-2.5322	-44.1075	155307
pearland	Pearland	29.5636	-95.2861	108821
pechersk	Pechersk	50.4444	30.5235	100900
pecs	Pécs	46.0762	18.2281	145347
pedreira	Pedreira	-23.7067	-46.6498	163586
peicheng	Peicheng	34.7361	116.9247	195363
pekalongan	Pekalongan	-6.8886	109.6753	324564
pekanbaru	Pekanbaru	0.5167	101.4417	1167599
peking	Beijing	39.9075	116.3972	18960744
pelabuhanratu	Pelabuhanratu	-6.9875	106.5514	109523
pelentong	Pelentong	1.5243	103.824	583640
pelotas	Pelotas	-31.77	-52.341	336150
pemalang	Pemalang	-6.8919	109.3826	184149
pematangsiantar	Pematangsiantar	2.9595	99.0687	279198
pemba	Pemba	-12.974	40.5177	232932
pembroke pines	Pembroke Pines	26.0032	-80.2239	166611
penalolen	Peñalolén	-33.4684	-70.5341	241599
pengpu	Pengpu	31.2855	121.4367	152725
pengze	Pengze	29.8988	116.5457	350000
penza	Penza	53.1957	45.0108	523553
peoria	Peoria	33.5806	-112.2374	190985
perbaungan	Perbaungan	3.5679	98.956	157174
percut	Percut	3.6253	98.864	311063
perdizes	Perdizes	-23.5387	-46.6809	102391
pereira	Pereira	4.8143	-75.6949	467269
peristeri	Peristéri	38.0154	23.6919	139981
peristéri	Peristéri	38.0154	23.6919	139981
perling	Perling	1.4806	103.6838	101263
perm	Perm	58.0105	56.2502	982419
perpignan	Perpignan	42.6976	2.8954	110706
perth	Perth	-31.9522	115.8614	2384371
perugia	Perugia	43.1122	12.3888	120137
pervouralsk	Pervouralsk	56.9053	59.9436	133600
pescara	Pescara	42.4584	14.2028	119554
peshawar	Peshawar	34.008	71.5785	4758762
pest	Pest	47.5	19.0833	1001748
petah tiqva	Petaẖ Tiqva	32.0871	34.8875	253529
petaling jaya	Petaling Jaya	3.1073	101.6067	807879
petapa	Petapa	14.5019	-90.562	135447
petare	Petare	10.4768	-66.8079	364684
petaẖ tiqva	Petaẖ Tiqva	32.0871	34.8875	253529
peterborough	Peterborough	52.5736	-0.2478	163379
petionville	Pétionville	18.5125	-72.2853	376834
petrogradka	Petrogradka	59.9657	30.3115	130455
petrolina	Petrolina	-9.3986	-40.5008	418444
petropavl	Petropavl	54.8734	69.1506	200920
petropavlovsk-kamchatsky	Petropavlovsk-Kamchatsky	53.0639	158.6275	181216
petropolis	Petrópolis	-22.505	-43.1786	294926
petrozavodsk	Petrozavodsk	61.7849	34.3469	279190
petrzalka	Petržalka	48.1233	17.1287	112380
petrópolis	Petrópolis	-22.505	-43.1786	294926
petržalka	Petržalka	48.1233	17.1287	112380
peñalolén	Peñalolén	-33.4684	-70.5341	241599
pforzheim	Pforzheim	48.8844	8.6989	119313
phagwara	Phagwāra	31.2245	75.7739	100146
phagwāra	Phagwāra	31.2245	75.7739	100146
phalaborwa	Phalaborwa	-23.943	31.1411	109468
phan rang-thap cham	Phan Rang-Tháp Chàm	11.5643	108.9886	207998
phan rang-tháp chàm	Phan Rang-Tháp Chàm	11.5643	108.9886	207998
phan thiet	Phan Thiết	10.9289	108.1021	228536
phan thiết	Phan Thiết	10.9289	108.1021	228536
phasi charoen	Phasi Charoen	13.7147	100.4369	122070
philadelphia	Philadelphia	39.9524	-75.1636	1573916
philly	Philadelphia	39.9524	-75.1636	1573916
phnom penh	Phnom Penh	11.5625	104.916	1573544
pho yen	Phổ Yên	21.4198	105.8899	231363
phoenix	Phoenix	33.4484	-112.074	1650070
phong gjien	Phong Điền	16.5832	107.3644	114820
phong điền	Phong Điền	16.5832	107.3644	114820
phool nagar	Phool Nagar	31.2024	73.9486	114530
phra pradaeng	Phra Pradaeng	13.6585	100.5336	196129
phu ly	Phủ Lý	20.5453	105.9122	136654
phu my	Phú Mỹ	10.6333	107.0667	287055
phu quoc	Phu Quoc	10.2241	103.9716	294419
phuc yen	Phúc Yên	21.237	105.7048	180000
phusro	Phusro	23.7564	86.0051	185555
phú mỹ	Phú Mỹ	10.6333	107.0667	287055
phú quốc	Phú Quốc	10.2872	104.0105	179480
phúc yên	Phúc Yên	21.237	105.7048	180000
phổ yên	Phổ Yên	21.4198	105.8899	231363
phủ lý	Phủ Lý	20.5453	105.9122	136654
piacenza	Piacenza	45.0524	9.6934	103607
piatra neamt	Piatra Neamţ	46.9167	26.3333	102688
piatra neamţ	Piatra Neamţ	46.9167	26.3333	102688
piedecuesta	Piedecuesta	6.9879	-73.0495	163362
piedras negras	Piedras Negras	28.7001	-100.5235	150178
pietermaritzburg	Pietermaritzburg	-29.6168	30.3928	839327
pikine	Pikine	14.7646	-17.3907	1170791
pilibhit	Pīlibhīt	28.6312	79.8044	131008
pilsen	Pilsen	49.7475	13.3776	168733
pimpri	Pimpri	18.6229	73.807	1284606
pimpri-chinchwad	Pimpri-Chinchwad	18.6187	73.8037	1727692
pinar del rio	Pinar del Río	22.4165	-83.6966	186990
pinar del río	Pinar del Río	22.4165	-83.6966	186990
pindamonhangaba	Pindamonhangaba	-22.9239	-45.4617	172681
pindi bhattian	Pindi Bhattian	31.8984	73.2734	493222
pindiga	Pindiga	9.9843	10.9523	106322
pinetown	Pinetown	-29.8207	30.8867	144026
pingdingshan	Pingdingshan	33.7309	113.3155	979130
pingdu	Pingdu	36.7844	119.9464	542234
pingliang	Pingliang	35.5392	106.6861	504848
pingshan	Pingshan	22.9938	114.7131	113631
pingwu county	Pingwu County	32.4073	104.5274	180000
pingxiang	Pingxiang	27.6167	113.8535	893550
pingyin	Pingyin	36.2831	116.4453	374900
pinhais	Pinhais	-25.4447	-49.1925	117000
pinsk	Pinsk	52.1215	26.0673	123283
piracicaba	Piracicaba	-22.7253	-47.6492	440835
piraeus	Piraeus	37.942	23.6462	163688
piranshahr	Piranshahr	36.701	45.1413	168393
piraquara	Piraquara	-25.4423	-49.068	118730
pirituba	Pirituba	-23.4898	-46.7322	179724
pisa	Pisa	43.7085	10.4036	109960
pita kotte	Pita Kotte	6.8905	79.9015	118179
pitalito	Pitalito	1.8537	-76.0507	135711
pitesti	Piteşti	44.85	24.8667	141275
piteşti	Piteşti	44.85	24.8667	141275
pithampur	Pithampur	22.602	75.6965	126200
pittsburgh	Pittsburgh	40.4406	-79.9959	304391
piura	Piura	-5.1819	-80.6572	630000
pizhou	Pizhou	34.3114	117.9503	343421
planaltina	Planaltina	-15.6179	-47.6487	189412
plano	Plano	33.0198	-96.6989	283558
plano piloto	Plano Piloto	-15.7941	-47.8825	198697
plaridel	Plaridel	14.8872	120.8572	120939
playa del carmen	Playa del Carmen	20.6274	-87.0799	149923
plaza de la revolucion	Plaza de la Revolución	23.1194	-82.392	139135
plaza de la revolución	Plaza de la Revolución	23.1194	-82.392	139135
pleiku	Pleiku	13.9833	108.0	114225
plock	Płock	52.5468	19.7064	127474
ploiesti	Ploieşti	44.95	26.0167	180540
ploieşti	Ploieşti	44.95	26.0167	180540
plovdiv	Plovdiv	42.1539	24.75	329489
plumbon	Plumbon	-6.705	108.4728	167105
plymouth	Plymouth	50.3715	-4.143	260203
poa	Poá	-23.5281	-46.3447	103765
poblacion	Poblacion	14.3787	121.025	124554
pocos de caldas	Poços de Caldas	-21.7878	-46.5614	172339
podgorica	Podgorica	42.4412	19.2631	236852
podolsk	Podolsk	55.4242	37.5547	179400
pohang	Pohang	36.0292	129.3648	492041
pointe-noire	Pointe-Noire	-4.7761	11.8635	1032000
pokhara	Pokhara	28.2669	83.9685	600051
polokwane	Polokwane	-23.9045	29.4688	272461
poltava	Poltava	49.5892	34.5537	279593
pomona	Pomona	34.0553	-117.7523	153266
pompano beach	Pompano Beach	26.2379	-80.1248	107762
ponce	Ponce	18.0103	-66.624	137491
ponnani	Ponnāni	10.7669	75.9252	105512
ponnāni	Ponnāni	10.7669	75.9252	105512
ponta grossa	Ponta Grossa	-25.095	-50.1619	292177
pontianak	Pontianak	-0.0319	109.325	686019
poole	Poole	50.7143	-1.9846	151500
popayan	Popayán	2.4382	-76.6132	318059
popayán	Popayán	2.4382	-76.6132	318059
por do sol	Pôr do Sol	-15.855	-48.1243	101866
porbandar	Porbandar	21.6422	69.6093	152760
porlamar	Porlamar	10.9577	-63.8697	216234
port blair	Port Blair	11.6661	92.7464	112050
port dickson	Port Dickson	2.5246	101.7965	119300
port harcourt	Port Harcourt	4.7774	7.0134	2120000
port louis	Port Louis	-20.1619	57.4989	155226
port moresby	Port Moresby	-9.4772	147.1509	283733
port said	Port Said	31.2653	32.3019	780515
port saint lucie	Port Saint Lucie	27.2939	-80.3503	164603
port sudan	Port Sudan	19.6175	37.2164	489725
port-au-prince	Port-au-Prince	18.5435	-72.3388	1234742
port-de-paix	Port-de-Paix	19.9398	-72.8304	306217
port-gentil	Port-Gentil	-0.7193	8.7815	164018
portland	Portland	45.5234	-122.6762	652503
portmore	Portmore	17.971	-76.8869	102861
porto	Porto	41.1485	-8.611	252687
porto alegre	Porto Alegre	-30.0328	-51.2302	1488252
porto seguro	Porto Seguro	-16.4497	-39.0647	182630
porto velho	Porto Velho	-8.7619	-63.9039	548952
porto-novo	Porto-Novo	6.4965	2.6036	264320
portoviejo	Portoviejo	-1.0576	-80.4514	321800
portsmouth	Portsmouth	50.799	-1.0913	208100
porz am rhein	Porz am Rhein	50.8864	7.0583	113415
posadas	Posadas	-27.3918	-55.9238	305874
potchefstroom	Potchefstroom	-26.7167	27.1	178285
potosi	Potosí	-19.5836	-65.7531	141251
potosí	Potosí	-19.5836	-65.7531	141251
potsdam	Potsdam	52.3989	13.0657	184754
pouso alegre	Pouso Alegre	-22.23	-45.9364	162133
poza rica de hidalgo	Poza Rica de Hidalgo	20.5331	-97.4595	185242
poznan	Poznań	52.4069	16.9299	536151
poznań	Poznań	52.4069	16.9299	536151
pozniaky	Pozniaky	50.4026	30.6235	104400
poá	Poá	-23.5281	-46.3447	103765
poços de caldas	Poços de Caldas	-21.7878	-46.5614	172339
prabumulih	Prabumulih	-3.4345	104.2306	103470
praga poludnie	Praga Południe	52.2442	21.0855	179836
praga południe	Praga Południe	52.2442	21.0855	179836
prague	Prague	50.088	14.4208	1165581
praia	Praia	14.9315	-23.5125	137868
praia grande	Praia Grande	-24.0058	-46.4028	367400
prato	Prato	43.8805	11.097	195089
pravyi bereh	Pravyi Bereh	47.115	37.5852	352088
prayagraj	Prayagraj	25.4448	81.8432	1073438
prenzlauer berg	Prenzlauer Berg	52.5388	13.4244	148878
prenzlauer berg bezirk	Prenzlauer Berg	52.5388	13.4244	148878
presidente prudente	Presidente Prudente	-22.1256	-51.3889	234706
presnenskiy	Presnenskiy	55.7589	37.5582	122000
preston	Preston	53.7628	-2.7045	313332
pretoria	Pretoria	-25.7449	28.1878	2112693
pristina	Pristina	42.6727	21.1669	550000
prizren	Prizren	42.2139	20.7397	171464
probolinggo	Probolinggo	-7.7543	113.2159	243746
proddatur	Proddatūr	14.7502	78.5481	177797
proddatūr	Proddatūr	14.7502	78.5481	177797
prokop'yevsk	Prokop’yevsk	53.9152	86.7189	219000
prokop’yevsk	Prokop’yevsk	53.9152	86.7189	219000
providence	Providence	41.824	-71.4128	190934
provo	Provo	40.2338	-111.6585	115162
pskov	Pskov	57.8192	28.3318	210501
pu'er	Pu'er	22.7886	100.9748	296565
pucallpa	Pucallpa	-8.3791	-74.5539	326040
puchong	Puchong	3.0	101.6167	375181
pudong	Pudong	31.24	121.5009	5681512
puducherry	Puducherry	11.9338	79.8298	657209
pudukkottai	Pudukkottai	10.3813	78.8214	117630
puebla	Puebla	19.0478	-98.2072	1692181
pueblo	Pueblo	38.2544	-104.6091	109412
puente alto	Puente Alto	-33.6117	-70.5758	568106
puente de vallecas	Puente de Vallecas	40.3935	-3.662	244151
puerto ayacucho	Puerto Ayacucho	5.6605	-67.5834	125840
puerto barrios	Puerto Barrios	15.7272	-88.5979	100593
puerto cabello	Puerto Cabello	10.4731	-68.0125	174000
puerto cortez	Puerto Cortez	15.8256	-87.9297	142311
puerto la cruz	Puerto La Cruz	10.2138	-64.6328	370000
puerto montt	Puerto Montt	-41.4693	-72.9424	245902
puerto plata	Puerto Plata	19.7934	-70.6884	146000
puerto princesa	Puerto Princesa	9.7392	118.7353	222673
puerto vallarta	Puerto Vallarta	20.617	-105.2302	224166
pulandian	Pulandian	39.3953	121.9669	741230
pulilan	Pulilan	14.9017	120.8492	111384
pulong santa cruz	Pulong Santa Cruz	14.2732	121.0764	126844
punasa	Punāsa	22.2351	76.3933	350000
pune	Pune	18.5196	73.8554	3124458
punggol	Punggol	1.4144	103.9069	204150
puning	Puning	23.3107	116.1687	1998619
puno	Puno	-15.84	-70.022	128637
punta arenas	Punta Arenas	-53.1628	-70.9092	117430
punta cana	Punta Cana	18.5818	-68.4043	100023
punta cardon	Punta Cardón	11.6581	-70.215	113999
punta cardón	Punta Cardón	11.6581	-70.215	113999
punto fijo	Punto Fijo	11.6915	-70.1992	141729
punāsa	Punāsa	22.2351	76.3933	350000
puqi	Puqi	29.7167	113.8833	132891
puri	Puri	19.7982	85.8249	200564
purnia	Purnia	25.7789	87.4742	282248
puruliya	Puruliya	23.3306	86.363	122533
purwakarta	Purwakarta	-6.5569	107.4433	179233
purwodadi	Purwodadi	-7.0868	110.9158	139387
purwokerto	Purwokerto	-7.4214	109.2344	230235
pushkino	Pushkino	55.9946	37.829	102816
putatan	Putatan	14.3986	121.0503	102146
puthia	Puthia	24.3654	88.8343	159406
putian	Putian	25.4394	119.0103	1539389
putuo	Putuo	31.251	121.3897	1239100
puxi	Puxi	31.2441	121.4659	6683712
puyang	Puyang	29.4568	119.8887	3590000
puyang chengguanzhen	Puyang Chengguanzhen	35.7062	115.0279	104994
pyatigorsk	Pyatigorsk	44.05	43.0504	142865
pyay	Pyay	18.82	95.2156	135308
pyeongtaek	Pyeongtaek	36.9947	127.0889	364694
pyin oo lwin	Pyin Oo Lwin	22.035	96.4568	117303
pyongyang	Pyongyang	39.0339	125.7543	3222000
pátra	Pátra	38.2462	21.7351	168034
pécs	Pécs	46.0762	18.2281	145347
pétionville	Pétionville	18.5125	-72.2853	376834
pôr do sol	Pôr do Sol	-15.855	-48.1243	101866
pābna	Pābna	24.0064	89.2372	186781
pākdasht	Pākdasht	35.4785	51.6834	236319
pālanpur	Pālanpur	24.1713	72.4383	141592
pāli	Pāli	25.7728	73.3234	230075
pānihāti	Pānihāti	22.6909	88.374	378705
pār naogaon	Pār Naogaon	24.8042	88.9488	192464
pārsābād	Pārsābād	39.6482	47.9174	102996
pātan	Pātan	27.6766	85.3142	299283
pīlibhīt	Pīlibhīt	28.6312	79.8044	131008
płock	Płock	52.5468	19.7064	127474
p’yŏngsŏng	P’yŏngsŏng	39.2464	125.8719	100000
qa'em shahr	Qā’em Shahr	36.4667	52.8676	204953
qadirpur ran	Qadirpur Ran	30.2918	71.6716	200000
qal'at sukkar	Qal‘at Sukkar	31.8632	46.0732	110000
qalyub	Qalyub	30.1792	31.2056	156363
qal‘at sukkar	Qal‘at Sukkar	31.8632	46.0732	110000
qarchak	Qarchak	35.4287	51.5776	251834
qarshi	Qarshi	38.8606	65.7891	278300
qasr bin ghashir	Qaşr Bin Ghashīr	32.6833	13.1833	100069
qazvin	Qazvin	36.2688	50.0041	333635
qaşr bin ghashīr	Qaşr Bin Ghashīr	32.6833	13.1833	100069
qeladize	Qeładizê	36.1825	45.1302	140688
qeładizê	Qeładizê	36.1825	45.1302	140688
qianjiang	Qianjiang	30.421	112.8919	179079
qiaotou	Qiaotou	36.935	101.6736	114712
qibao	Qibao	31.1527	121.3569	283352
qina	Qina	26.1642	32.7267	252883
qingdao	Qingdao	36.0649	120.3804	7172451
qingnian	Qingnian	36.8409	115.7109	110046
qingpu	Qingpu	31.1539	121.1141	1271424
qingshan	Qingshan	40.6631	109.8817	719255
qingyang	Qingyang	35.7098	107.6445	2125400
qingyuan	Qingyuan	23.7	113.0333	1738424
qingzhou	Qingzhou	36.6967	118.4797	963600
qinhuangdao	Qinhuangdao	39.941	119.5894	759718
qinzhou	Qinzhou	21.9825	108.6506	1296300
qionghai	Qionghai	19.2425	110.4642	528238
qiqihar	Qiqihar	47.3392	123.9615	882364
qitaihe	Qitaihe	45.768	130.9953	345033
qo'qon	Qo‘qon	40.5286	70.9425	259700
qods	Qods	35.7214	51.109	309605
qom	Qom	34.6401	50.8764	900000
qo‘qon	Qo‘qon	40.5286	70.9425	259700
quan ba	Quận Ba	10.7749	106.6863	220375
quan bon	Quận Bốn	10.7668	106.7057	199329
quan gjuc thinh	Quận Đức Thịnh	10.3099	105.7386	132000
quan muoi	Quận Mười	10.7682	106.6663	399000
quan muoi mot	Quận Mười Một	10.7638	106.6436	332536
quan nam	Quận Năm	10.7557	106.6675	187510
quan sau	Quận Sáu	10.7468	106.649	271050
quang ngai	Quảng Ngãi	15.1205	108.7923	278496
quanzhou	Quanzhou	24.9139	118.5858	1469157
quarto oggiaro	Quarto Oggiaro	45.5131	9.1434	182118
quchan	Qūchān	37.106	58.5095	111752
quebec	Québec	46.8123	-71.2145	531902
queens	Queens	40.6815	-73.8365	2316841
queenstown	Queenstown	-31.8976	26.8753	118599
queenstown estate	Queenstown Estate	1.2942	103.8025	101480
queimados	Queimados	-22.7161	-43.5553	149093
quelimane	Quelimane	-17.8786	36.8883	349842
queluz	Queluz	38.7566	-9.2545	103399
quetta	Quetta	30.1841	67.0014	1565546
quetzaltenango	Quetzaltenango	14.8446	-91.5232	180706
quevedo	Quevedo	-1.0288	-79.4626	213842
quezon	Quezon	7.7303	125.0989	114521
quezon city	Quezon City	14.6488	121.0509	3084270
qui nhon	Qui Nhon	13.7765	109.2237	519208
quibdo	Quibdó	5.6919	-76.6583	129237
quibdó	Quibdó	5.6919	-76.6583	129237
quilicura	Quilicura	-33.368	-70.7139	210410
quillacollo	Quillacollo	-17.3923	-66.2784	172405
quilmes	Quilmes	-34.7206	-58.2545	262379
quilpue	Quilpué	-33.0475	-71.4425	130263
quilpué	Quilpué	-33.0475	-71.4425	130263
quito	Quito	-0.2298	-78.525	2781641
qujing	Qujing	25.4833	103.7833	1408500
qurayyat	Qurayyat	31.3318	37.3428	102903
quthbullapur	Quthbullapur	17.5011	78.4582	225816
quzhou	Quzhou	28.9594	118.8686	902767
québec	Québec	46.8123	-71.2145	531902
quảng ngãi	Quảng Ngãi	15.1205	108.7923	278496
quận ba	Quận Ba	10.7749	106.6863	220375
quận bốn	Quận Bốn	10.7668	106.7057	199329
quận mười	Quận Mười	10.7682	106.6663	399000
quận mười một	Quận Mười Một	10.7638	106.6436	332536
quận năm	Quận Năm	10.7557	106.6675	187510
quận sáu	Quận Sáu	10.7468	106.649	271050
quận đức thịnh	Quận Đức Thịnh	10.3099	105.7386	132000
qā’em shahr	Qā’em Shahr	36.4667	52.8676	204953
qūchān	Qūchān	37.106	58.5095	111752
ra's bayrut	Ra’s Bayrūt	33.9	35.4833	1251739
rabak	Rabak	13.1809	32.74	135281
rabat	Rabat	34.0132	-6.8326	1655753
rach gia	Rạch Giá	10.0124	105.0809	459860
radom	Radom	51.4025	21.1471	226794
raebareli	Raebareli	26.2309	81.2331	186433
rafah	Rafaḩ	31.2972	34.2436	126305
rafaḩ	Rafaḩ	31.2972	34.2436	126305
rafsanjan	Rafsanjān	30.4067	55.9939	147680
rafsanjān	Rafsanjān	30.4067	55.9939	147680
rahim yar khan	Rahim Yar Khan	28.4199	70.3034	517000
raichur	Rāichūr	16.2055	77.3557	234073
raiganj	Rāiganj	25.6128	88.1245	170252
raigarh	Raigarh	21.8976	83.3966	150019
raipur	Raipur	21.2333	81.6333	1027264
raj-nandgaon	Rāj-Nāndgaon	21.0969	81.0289	163114
raja jang	Raja Jang	31.2208	74.2548	100000
rajamahendravaram	Rajamahendravaram	17.0052	81.7778	376333
rajapalayam	Rajapalayam	9.453	77.5533	130442
rajkot	Rājkot	22.2916	70.7932	1390640
rajpur sonarpur	Rajpur Sonarpur	22.4382	88.4321	424368
rajshahi	Rajshahi	24.374	88.6011	763580
raleigh	Raleigh	35.7721	-78.6386	482295
ramadi	Ramadi	33.4206	43.3078	223500
ramagundam	Ramagundam	18.755	79.474	242979
ramat gan	Ramat Gan	32.0823	34.8107	170822
ramenki	Ramenki	55.7	37.5	130000
ramgundam	Rāmgundam	18.8008	79.4521	452261
ramiros	Ramiros	-9.0626	13.0456	323576
ramna maidan	Ramna Maidan	23.7333	90.4	143677
rampur	Rāmpur	28.8101	79.027	296418
rancagua	Rancagua	-34.1691	-70.7405	212695
ranchi	Ranchi	23.3432	85.3094	1120374
rancho cucamonga	Rancho Cucamonga	34.1064	-117.5931	175236
randburg	Randburg	-26.0941	28.0012	337053
randfontein	Randfontein	-26.1844	27.702	133654
ranebennur	Ranebennur	14.6224	75.6295	106406
rangamati	Rangamati	22.6432	92.1919	106069
rangel	Rangel	-8.8264	13.2629	190569
rangkasbitung	Rangkasbitung	-6.3591	106.2494	137041
rangpur	Rangpur	25.7466	89.2517	1031388
raniganj	Rāniganj	17.4284	78.4936	217910
ranipet	Rānipet	12.9247	79.3333	264330
rantauprapat	Rantauprapat	2.1	99.8333	103009
ranyah	Rānyah	36.2551	44.8824	114173
raposo tavares	Raposo Tavares	-23.5924	-46.7856	117738
ras al khaimah	Ras Al Khaimah	25.7895	55.9432	351943
rasapudipalem	Rasapūdipalem	17.7331	83.3162	1728128
rasapūdipalem	Rasapūdipalem	17.7331	83.3162	1728128
rasht	Rasht	37.2761	49.5886	594590
ratlam	Ratlām	23.3303	75.0403	264914
ratlām	Ratlām	23.3303	75.0403	264914
raurkela industrial township	Raurkela Industrial Township	22.1999	84.8618	216410
rawalpindi	Rawalpindi	33.5973	73.0479	3357612
rawang	Rawang	3.3213	101.5767	199095
rawson	Rawson	-31.5819	-68.5421	130258
rayon khtz	Rayon KhTZ	49.9435	36.3696	131000
rayong	Rayong	12.6809	101.258	106737
ra’s bayrūt	Ra’s Bayrūt	33.9	35.4833	1251739
reading	Reading	51.4562	-0.9711	318014
recanto das emas	Recanto das Emas	-15.9086	-48.0645	115550
recife	Recife	-8.0539	-34.8811	1653461
recklinghausen	Recklinghausen	51.6138	7.1974	122438
red deer	Red Deer	52.2668	-113.802	100844
regensburg	Regensburg	49.0151	12.1016	151389
reggio calabria	Reggio Calabria	38.1105	15.6613	182455
reggio nell'emilia	Reggio nell'Emilia	44.6983	10.6312	171944
regina	Regina	50.4501	-104.6178	226404
rehovot	Reẖovot	31.8942	34.812	149392
reims	Reims	49.2653	4.0285	196565
relizane	Relizane	35.7373	0.556	123255
remscheid	Remscheid	51.1798	7.1925	117118
renala khurd	Renala Khurd	30.8788	73.5986	100054
renca	Renca	-33.4019	-70.7062	147151
rengasdengklok	Rengasdengklok	-6.1592	107.2981	201463
rennes	Rennes	48.1111	-1.6743	227830
reno	Reno	39.5296	-119.8138	264165
renton	Renton	47.4829	-122.2171	100242
resende	Resende	-22.4689	-44.4467	137697
resistencia	Resistencia	-27.4636	-58.9866	290793
ressano garcia	Ressano Garcia	-25.4428	31.9953	110000
retiro	Retiro	40.4132	-3.6831	126058
reus	Reus	41.1561	1.1069	103477
reutlingen	Reutlingen	48.4914	9.2043	112627
rewa	Rewa	24.5326	81.2923	235654
rewari	Rewāri	28.199	76.6183	143021
rewāri	Rewāri	28.199	76.6183	143021
reykjavik	Reykjavík	64.1355	-21.8954	118918
reykjavík	Reykjavík	64.1355	-21.8954	118918
reynosa	Reynosa	26.08	-98.2846	589466
reẖovot	Reẖovot	31.8942	34.812	149392
riacho fundo ii	Riacho Fundo II	-15.8981	-48.0467	105210
rialto	Rialto	34.1064	-117.3703	103132
ribeirao das neves	Ribeirão das Neves	-19.7669	-44.0867	346971
ribeirao pires	Ribeirão Pires	-23.7106	-46.4133	115559
ribeirao preto	Ribeirão Preto	-21.1775	-47.8103	698642
ribeirão das neves	Ribeirão das Neves	-19.7669	-44.0867	346971
ribeirão pires	Ribeirão Pires	-23.7106	-46.4133	115559
ribeirão preto	Ribeirão Preto	-21.1775	-47.8103	698642
richards bay	Richards Bay	-28.783	32.0377	252968
richardson	Richardson	32.9482	-96.7297	110815
richmond	Richmond	37.5538	-77.4603	226610
richmond hill	Richmond Hill	43.8711	-79.4373	202022
riga	Riga	56.946	24.1059	742572
rijeka	Rijeka	45.3267	14.4424	107964
rimini	Rimini	44.0575	12.5653	148688
rio	Rio de Janeiro	-22.9064	-43.1822	6747815
rio branco	Rio Branco	-9.9747	-67.81	419452
rio claro	Rio Claro	-22.4114	-47.5614	201418
rio cuarto	Río Cuarto	-33.1304	-64.3527	157010
rio das ostras	Rio das Ostras	-22.5269	-41.945	168099
rio de janeiro	Rio de Janeiro	-22.9064	-43.1822	6747815
rio grande	Rio Grande	-32.035	-52.0986	198935
rio pequeno	Rio Pequeno	-23.5714	-46.7589	131631
rio verde	Rio Verde	-17.7981	-50.9281	241494
riobamba	Riobamba	-1.6651	-78.6589	264048
riohacha	Riohacha	11.5444	-72.9072	188014
rionegro	Rionegro	6.1551	-75.3737	128153
rishon letsiyyon	Rishon LeTsiyyon	31.971	34.7894	258535
rishra	Rishra	22.7239	88.3456	117014
riverside	Riverside	33.9534	-117.3962	317261
riviere-des-prairies-pointe-aux-trembles	Rivière-des-Prairies–Pointe-aux-Trembles	45.6406	-73.5846	113868
rivière-des-prairies–pointe-aux-trembles	Rivière-des-Prairies–Pointe-aux-Trembles	45.6406	-73.5846	113868
rivne	Rivne	50.6204	26.237	243873
riyadh	Riyadh	24.6877	46.7219	4205961
rize	Rize	41.0208	40.5219	119828
rizhao	Rizhao	35.4141	119.5291	661943
roanoke	Roanoke	37.271	-79.9414	100011
robat karim	Robāţ Karīm	35.4846	51.0829	105393
robertsonpet	Robertsonpet	12.9563	78.2754	162230
robāţ karīm	Robāţ Karīm	35.4846	51.0829	105393
rochester	Rochester	43.1548	-77.6156	209802
rockford	Rockford	42.2711	-89.094	148278
rodenkirchen	Rodenkirchen	50.8933	6.9948	110158
rodriguez	Rodriguez	14.7601	121.1999	134432
rohini	Rohini	28.7432	77.0678	860000
rohtak	Rohtak	28.8945	76.5892	374292
rome	Rome	41.8919	12.5113	2318895
rondonopolis	Rondonópolis	-16.4708	-54.6356	263708
rondonópolis	Rondonópolis	-16.4708	-54.6356	263708
roodepoort	Roodepoort	-26.1625	27.8725	326416
roorkee	Roorkee	29.8663	77.8912	103894
rosario	Rosario	-32.9468	-60.6393	948312
rosarito	Rosarito	32.3604	-117.0464	100660
rosemont-la petite-patrie	Rosemont–La Petite-Patrie	45.5366	-73.6069	146501
rosemont–la petite-patrie	Rosemont–La Petite-Patrie	45.5366	-73.6069	146501
rosetta	Rosetta	31.3995	30.4172	301795
roseville	Roseville	38.7521	-121.288	130269
rostock	Rostock	54.0887	12.1405	198293
rostov-on-don	Rostov-on-Don	47.22	39.7077	1130305
rotherham	Rotherham	53.4301	-1.3568	117618
rotterdam	Rotterdam	51.9225	4.4792	868135
rouen	Rouen	49.4431	1.0993	116331
rouiba	Rouiba	36.7383	3.2808	117558
round rock	Round Rock	30.5083	-97.6789	115997
rourkela	Rourkela	22.225	84.8641	273317
roxas city	Roxas City	11.5853	122.7511	185236
rubtsovsk	Rubtsovsk	51.5147	81.2061	161065
ruda slaska	Ruda Śląska	50.2584	18.8563	146189
ruda śląska	Ruda Śląska	50.2584	18.8563	146189
rudnyy	Rudnyy	52.9724	63.1106	124000
rudrapur	Rudrapur	28.98	79.4	154554
rufisque	Rufisque	14.7154	-17.2733	295459
rufisque est	Rufisque est	14.7162	-17.2728	221066
rugao	Rugao	32.3704	120.5765	257400
rui'an	Rui’an	27.7761	120.6586	1125000
ruiru	Ruiru	-1.1466	36.9609	490120
rui’an	Rui’an	27.7761	120.6586	1125000
ruqi	Ruqi	9.9729	43.4276	148702
ruse	Ruse	43.8487	25.9534	121168
russeifa	Russeifa	32.0178	36.0464	268237
rustaq	Rustaq	23.3908	57.4244	120000
rustavi	Rustavi	41.5627	44.9787	128249
rustenburg	Rustenburg	-25.6676	27.2421	373695
rutchenkivskyi	Rutchenkivskyi	47.976	37.6968	168029
ryazan'	Ryazan’	54.627	39.7041	538962
ryazanskiy	Ryazanskiy	55.7333	37.7667	101000
ryazan’	Ryazan’	54.627	39.7041	538962
rybinsk	Rybinsk	58.0456	38.8381	216724
rybnik	Rybnik	50.0971	18.5418	142510
rzeszow	Rzeszów	50.0413	21.999	198317
rzeszów	Rzeszów	50.0413	21.999	198317
río cuarto	Río Cuarto	-33.1304	-64.3527	157010
rāichūr	Rāichūr	16.2055	77.3557	234073
rāiganj	Rāiganj	25.6128	88.1245	170252
rāj-nāndgaon	Rāj-Nāndgaon	21.0969	81.0289	163114
rājkot	Rājkot	22.2916	70.7932	1390640
rāmgundam	Rāmgundam	18.8008	79.4521	452261
rāmpur	Rāmpur	28.8101	79.027	296418
rāniganj	Rāniganj	17.4284	78.4936	217910
rānipet	Rānipet	12.9247	79.3333	264330
rānyah	Rānyah	36.2551	44.8824	114173
rānīganj	Rānīganj	23.6164	87.1306	131261
rạch giá	Rạch Giá	10.0124	105.0809	459860
sa dec	Sa Dec	10.2909	105.7563	214610
saaba	Saaba	12.3714	-1.4147	136011
saanich	Saanich	48.5496	-123.3693	117735
saarbruecken	Saarbrücken	49.2326	7.0098	182971
saarbrücken	Saarbrücken	49.2326	7.0098	182971
sabadell	Sabadell	41.5433	2.1094	211734
sabah as salim	Şabāḩ as Sālim	29.2572	48.0572	139163
sabanalarga	Sabanalarga	10.6307	-74.9221	102334
sabara	Sabará	-19.8864	-43.8067	129380
sabará	Sabará	-19.8864	-43.8067	129380
sabha	Sabha	27.0377	14.4283	149329
sabt alalayah	Sabt Alalayah	19.5773	41.9636	100000
sabya	Şabyā	17.1495	42.6254	228375
sabzevar	Sabzevar	36.2126	57.6819	243700
sacaba	Sacaba	-17.398	-66.0383	180726
sacoma	Sacomã	-23.6308	-46.5982	261436
sacomã	Sacomã	-23.6308	-46.5982	261436
sacramento	Sacramento	38.5816	-121.4944	524943
saddiqabad	Saddiqabad	28.3091	70.1265	274210
sadr city	Sadr City	33.3889	44.4583	1211849
safi	Safi	32.2994	-9.2372	336883
saga	Saga	33.2333	130.3	233301
sagamihara	Sagamihara	35.5671	139.2417	720780
saguenay	Saguenay	48.4168	-71.0657	148886
saham	Şaḩam	24.1722	56.8886	140000
saharanpur	Sahāranpur	29.9679	77.5452	484873
saharsa	Saharsa	25.875	86.5961	156540
sahiwal	Sahiwal	31.9739	72.3311	538344
sahāranpur	Sahāranpur	29.9679	77.5452	484873
sai mai	Sai Mai	13.9207	100.6455	188123
saida	Saïda	34.8303	0.1517	142497
saidpur	Saidpur	25.7777	88.8917	199422
saigon	Ho Chi Minh City	10.823	106.6296	14002598
saijo	Saijō	33.9167	133.1833	104791
saijō	Saijō	33.9167	133.1833	104791
saint paul	Saint Paul	44.9444	-93.0933	303176
saint peters	Saint Peters	51.3667	1.4167	125370
saint petersburg	Saint Petersburg	59.9386	30.3141	5351935
saint-denis	Saint-Denis	-20.8823	55.4504	154765
saint-etienne	Saint-Étienne	45.4339	4.39	176280
saint-louis	Saint-Louis	16.0179	-16.4896	254171
saint-louis-de-terrebonne	Saint-Louis-de-Terrebonne	45.702	-73.7867	119944
saint-marc	Saint-Marc	19.1114	-72.7008	266642
saint-paul	Saint-Paul	-21.0096	55.2713	105240
saint-quentin-en-yvelines	Saint-Quentin-en-Yvelines	48.7719	2.0189	146598
saint-étienne	Saint-Étienne	45.4339	4.39	176280
sainte-foy	Sainte-Foy	46.7814	-71.2922	111300
saitama	Saitama	35.9081	139.6566	1324854
sakado	Sakado	35.9569	139.3889	100275
sakai	Sakai	34.5822	135.4665	826161
sakakah	Sakakah	29.9697	40.2064	128332
sakata	Sakata	38.9167	139.855	100273
saki	Saki	8.6676	3.3939	178677
sakiet ed daier	Sakiet ed Daier	34.7944	10.8062	125204
sakiet ez zit	Sakiet ez Zit	34.8019	10.7636	100000
sakura	Sakura	35.7167	140.2333	173740
salalah	Şalālah	17.015	54.0924	163140
salamanca	Salamanca	20.5698	-101.1977	160682
salaqi	Salaqi	40.5414	110.5108	104090
salatiga	Salatiga	-7.3319	110.4928	198971
salavat	Salavat	53.3828	55.9109	159893
sale	Salé	34.0531	-6.7985	972299
sale al jadida	Salé Al Jadida	33.9972	-6.7405	200000
salem	Salem	11.6538	78.1554	917414
salerno	Salerno	40.6754	14.7933	125797
salford	Salford	53.4877	-2.2904	129794
salihli	Salihli	38.4826	28.1477	119311
salinas	Salinas	36.6777	-121.6555	157380
salt lake city	Salt Lake City	40.7608	-111.8911	215548
salta	Salta	-24.8065	-65.42	520683
saltillo	Saltillo	25.426	-100.9796	709671
saltivka	Saltivka	50.0221	36.349	409300
saltivskyi	Saltivskyi	49.999	36.316	302600
salto	Salto	-23.2008	-47.2869	141111
salvador	Salvador	-12.9756	-38.491	2711840
salvaleon de higueey	Salvaleón de Higüey	18.615	-68.708	123787
salvaleón de higüey	Salvaleón de Higüey	18.615	-68.708	123787
salzburg	Salzburg	47.7994	13.044	157245
salzgitter	Salzgitter	52.157	10.4154	104970
salé	Salé	34.0531	-6.7985	972299
salé al jadida	Salé Al Jadida	33.9972	-6.7405	200000
sam son	Sầm Sơn	19.7333	105.9	129801
samalut	Samālūţ	28.3121	30.7101	142009
samambaia	Samambaia	-15.8823	-48.1043	218840
samandag	Samandağ	36.0801	35.976	123447
samandağ	Samandağ	36.0801	35.976	123447
samara	Samara	53.2077	50.1355	1163399
samarinda	Samarinda	-0.4917	117.1458	865306
samarkand	Samarkand	39.6546	66.9644	595200
samarra'	Sāmarrā’	34.1959	43.8857	158508
samba	Samba	-8.88	13.1962	364986
sambalpur	Sambalpur	21.4653	83.9757	189366
sambhal	Sambhal	28.585	78.5696	196109
sambizanga	Sambizanga	-8.7888	13.2751	177808
sambrial	Sambrial	32.4783	74.3534	119571
sampit	Sampit	-2.5315	112.9496	166773
samsun	Samsun	41.2798	36.3361	394050
samut prakan	Samut Prakan	13.5976	100.5972	388920
samālūţ	Samālūţ	28.3121	30.7101	142009
san	San	13.297	-4.8963	103227
san antonio	San Antonio	29.4241	-98.4936	1526656
san bernardino	San Bernardino	34.1083	-117.2898	216108
san bernardo	San Bernardo	-33.5922	-70.6996	249858
san blas-canillejas	San Blas-Canillejas	40.4389	-3.6154	157367
san carlos	San Carlos	9.6641	-68.5866	120375
san carlos del zulia	San Carlos del Zulia	9.001	-71.9268	126353
san cristobal	San Cristóbal	7.7659	-72.2358	289852
san cristobal de las casas	San Cristóbal de las Casas	16.7301	-92.6382	215874
san cristóbal	San Cristóbal	7.7659	-72.2358	289852
san cristóbal de las casas	San Cristóbal de las Casas	16.7301	-92.6382	215874
san diego	San Diego	32.7157	-117.1647	1404452
san felipe	San Felipe	10.3401	-68.743	206270
san fernando	San Fernando	15.0343	120.6844	251248
san fernando de apure	San Fernando de Apure	7.8896	-67.4718	229197
san fran	San Francisco	37.7749	-122.4194	827526
san francisco	San Francisco	37.7749	-122.4194	827526
san francisco de borja	San Francisco De Borja	-12.0891	-76.9988	105076
san francisco de macoris	San Francisco de Macorís	19.2938	-70.2528	124763
san francisco de macorís	San Francisco de Macorís	19.2938	-70.2528	124763
san jose	San Jose	37.3394	-121.895	997368
san jose del cabo	San José del Cabo	23.0541	-109.7037	136285
san jose del monte	San Jose del Monte	14.8139	121.0453	357828
san josé	San José	9.9339	-84.0849	335007
san josé del cabo	San José del Cabo	23.0541	-109.7037	136285
san juan	San Juan	18.4663	-66.1057	418140
san juan de los morros	San Juan de los Morros	9.9125	-67.354	160868
san juan del rio	San Juan del Río	20.389	-99.9964	138878
san juan del río	San Juan del Río	20.389	-99.9964	138878
san juan sacatepequez	San Juan Sacatepéquez	14.7189	-90.6442	136886
san juan sacatepéquez	San Juan Sacatepéquez	14.7189	-90.6442	136886
san justo	San Justo	-34.6811	-58.5638	105274
san lorenzo	San Lorenzo	-25.3397	-57.5088	227876
san luis	San Luis	-33.2914	-66.3247	169947
san luis potosi	San Luis Potosí	22.1523	-100.9714	722772
san luis potosí	San Luis Potosí	22.1523	-100.9714	722772
san luis rio colorado	San Luis Río Colorado	32.4555	-114.7704	176685
san luis río colorado	San Luis Río Colorado	32.4555	-114.7704	176685
san martin	San Martin	-5.1859	-80.6693	130000
san martin texmelucan de labastida	San Martin Texmelucan de Labastida	19.2843	-98.4389	155738
san mateo	San Mateo	14.6982	121.1236	134327
san miguel	San Miguel	13.4826	-88.1821	247126
san miguel de allende	San Miguel de Allende	20.9153	-100.7439	174615
san miguel de tucuman	San Miguel de Tucumán	-26.816	-65.2105	548866
san miguel de tucumán	San Miguel de Tucumán	-26.816	-65.2105	548866
san miguel del padron	San Miguel del Padrón	23.0954	-82.3267	159273
san miguel del padrón	San Miguel del Padrón	23.0954	-82.3267	159273
san miguelito	San Miguelito	9.0503	-79.4707	321501
san nicolas de los arroyos	San Nicolás de los Arroyos	-33.3342	-60.2108	134217
san nicolas de los garza	San Nicolás de los Garza	25.7417	-100.3022	412199
san nicolás de los arroyos	San Nicolás de los Arroyos	-33.3342	-60.2108	134217
san nicolás de los garza	San Nicolás de los Garza	25.7417	-100.3022	412199
san pablo	San Pablo	14.0683	121.3256	300166
san pablo de las salinas	San Pablo de las Salinas	19.6666	-99.0948	156191
san pedro	San Pedro	14.3595	121.0473	348968
san pedro de la paz	San Pedro de la Paz	-36.839	-73.1003	121631
san pedro de macoris	San Pedro de Macorís	18.4539	-69.3086	217899
san pedro de macorís	San Pedro de Macorís	18.4539	-69.3086	217899
san pedro garza garcia	San Pedro Garza García	25.6616	-100.4034	132128
san pedro garza garcía	San Pedro Garza García	25.6616	-100.4034	132128
san pedro sula	San Pedro Sula	15.5059	-88.0259	801259
san rafael	San Rafael	-34.6153	-68.3324	118009
san salvador	San Salvador	13.6893	-89.1872	525990
san salvador de jujuy	San Salvador de Jujuy	-24.1928	-65.2934	257970
san sebastian	Donostia / San Sebastián	43.3128	-1.975	185357
san tung chung hang	San Tung Chung Hang	22.2787	113.9431	116000
san-pedro	San-Pédro	4.7485	-6.6363	390654
san-pédro	San-Pédro	4.7485	-6.6363	390654
sanaa	Sanaa	15.3545	44.2065	1937451
sanandaj	Sanandaj	35.315	46.9988	349176
sancaktepe	Sancaktepe	41.0024	29.2319	489848
sancti spiritus	Sancti Spíritus	21.9343	-79.4398	127069
sancti spíritus	Sancti Spíritus	21.9343	-79.4398	127069
sandacho	Sandachō	34.8844	135.2269	132858
sandachō	Sandachō	34.8844	135.2269	132858
sandakan	Sandakan	5.8402	118.1179	439050
sandy springs	Sandy Springs	33.9243	-84.3785	105330
sangju	Sangju	36.4153	128.1606	101267
sangla hill	Sangla Hill	31.7167	73.3833	103709
sangli	Sāngli	16.8544	74.5642	601214
sanhe	Sanhe	39.9805	117.0689	965075
sanliurfa	Şanlıurfa	37.1671	38.7939	449549
sanmenxia	Sanmenxia	34.7808	111.1929	669307
sanming	Sanming	26.2486	117.6186	602166
sano	Sano	36.3167	139.5833	117669
sanshui	Sanshui	23.1549	112.8916	803226
sant andreu	Sant Andreu	41.4354	2.1898	142598
sant marti	Sant Martí	41.4181	2.1993	235719
sant martí	Sant Martí	41.4181	2.1993	235719
santa ana	Santa Ana	33.7456	-117.8678	310227
santa anita - los ficus	Santa Anita - Los Ficus	-12.0505	-76.9733	184614
santa barbara d'oeste	Santa Bárbara d'Oeste	-22.7536	-47.4136	189456
santa bárbara d'oeste	Santa Bárbara d'Oeste	-22.7536	-47.4136	189456
santa catarina	Santa Catarina	25.6732	-100.4581	304052
santa clara	Santa Clara	22.4071	-79.9658	250512
santa clarita	Santa Clarita	34.3917	-118.5426	182371
santa coloma de gramenet	Santa Coloma de Gramenet	41.4515	2.2081	118821
santa cruz	Santa Cruz	14.6	120.9833	126735
santa cruz de la sierra	Santa Cruz de la Sierra	-17.7863	-63.1812	1831434
santa cruz de tenerife	Santa Cruz de Tenerife	28.4682	-16.2546	211359
santa cruz do capibaribe	Santa Cruz do Capibaribe	-7.9575	-36.2047	104854
santa cruz do sul	Santa Cruz do Sul	-29.7175	-52.4258	138270
santa fe	Santa Fe	-31.6488	-60.7087	391164
santa lucia cotzumalguapa	Santa Lucía Cotzumalguapa	14.3351	-91.0234	112780
santa lucía cotzumalguapa	Santa Lucía Cotzumalguapa	14.3351	-91.0234	112780
santa luzia	Santa Luzia	-19.7697	-43.8514	219132
santa maria	Santa Maria	-29.6842	-53.8069	271735
santa marta	Santa Marta	11.2386	-74.1943	499192
santa rita	Santa Rita	-7.1139	-34.9781	149910
santa rosa	Santa Rosa	14.3122	121.1114	216650
santa tecla	Santa Tecla	13.6774	-89.2833	124694
santa teresa del tuy	Santa Teresa del Tuy	10.2329	-66.6647	278890
santana	Santana	-0.0382	-51.1748	118803
santana de parnaiba	Santana de Parnaíba	-23.4442	-46.9178	163787
santana de parnaíba	Santana de Parnaíba	-23.4442	-46.9178	163787
santander	Santander	43.4659	-3.8049	173635
santarem	Santarém	-2.4431	-54.7083	360871
santarém	Santarém	-2.4431	-54.7083	360871
santiago	Santiago	-33.4569	-70.6483	4837295
santiago de cuba	Santiago de Cuba	20.0229	-75.8217	555865
santiago de los caballeros	Santiago de los Caballeros	19.4504	-70.6908	1200000
santiago de queretaro	Santiago de Querétaro	20.5881	-100.3881	1594212
santiago de querétaro	Santiago de Querétaro	20.5881	-100.3881	1594212
santiago de surco	Santiago de Surco	-12.1359	-77.0074	251648
santiago del estero	Santiago del Estero	-27.8005	-64.2629	252192
santo andre	Santo André	-23.6639	-46.5383	662373
santo andré	Santo André	-23.6639	-46.5383	662373
santo antonio	Santo António	22.2021	113.5439	129800
santo antonio de jesus	Santo Antônio de Jesus	-12.9689	-39.2614	109791
santo antónio	Santo António	22.2021	113.5439	129800
santo antônio de jesus	Santo Antônio de Jesus	-12.9689	-39.2614	109791
santo domingo	Santo Domingo	18.4719	-69.8923	2201941
santo domingo de los colorados	Santo Domingo de los Colorados	-0.2537	-79.1763	458580
santo domingo este	Santo Domingo Este	18.4851	-69.8476	700000
santo domingo oeste	Santo Domingo Oeste	18.5	-70.0	701269
santol	Santol	15.1622	120.5675	298976
santos	Santos	-23.9608	-46.3336	418608
sants-montjuic	Sants-Montjuïc	41.3726	2.1546	183120
sants-montjuïc	Sants-Montjuïc	41.3726	2.1546	183120
sanxia	Sanxia	24.9345	121.3714	115185
sanya	Sanya	18.2543	109.5095	1031396
sao bernardo do campo	São Bernardo do Campo	-23.6939	-46.565	840499
sao caetano do sul	São Caetano do Sul	-23.6231	-46.5511	172693
sao carlos	São Carlos	-22.0175	-47.8908	266427
sao cristovao	São Cristóvão	-11.0147	-37.2064	101213
sao felix do xingu	São Félix do Xingu	-6.6447	-51.995	132138
sao goncalo do amarante	São Gonçalo do Amarante	-5.7933	-35.3294	115838
sao joao de meriti	São João de Meriti	-22.8039	-43.3722	466536
sao jose	São José	-27.6153	-48.6275	295658
sao jose de ribamar	São José de Ribamar	-2.5557	-44.0599	259164
sao jose do rio preto	São José do Rio Preto	-20.8197	-49.3794	480393
sao jose dos campos	São José dos Campos	-23.1794	-45.8869	727078
sao jose dos pinhais	São José dos Pinhais	-25.5302	-49.2084	349880
sao leopoldo	São Leopoldo	-29.7603	-51.1472	209229
sao lourenco da mata	São Lourenço da Mata	-8.0022	-35.0183	118258
sao lucas	Sao Lucas	-23.5947	-46.5436	138038
sao luis	São Luís	-2.5297	-44.3028	917237
sao mateus	São Mateus	-23.6058	-46.4789	155682
sao paulo	São Paulo	-23.5475	-46.6361	12400232
sao pedro da aldeia	São Pedro da Aldeia	-22.8392	-42.1028	110677
sao rafael	Sao Rafael	-23.6282	-46.4539	148145
sao vicente	São Vicente	-23.9631	-46.3919	338326
sapele	Sapele	5.8941	5.6767	305000
sapopemba	Sapopemba	-23.5956	-46.5247	266715
sapporo	Sapporo	43.0667	141.35	1973832
sapucaia do sul	Sapucaia do Sul	-29.8178	-51.1455	132107
saqqez	Saqqez	36.2499	46.2735	165258
sarajevo	Sarajevo	43.8486	18.3564	696731
sarandi	Sarandi	-23.4436	-51.8739	118455
saransk	Saransk	54.1848	45.1717	318841
saratov	Saratov	51.5405	45.9901	844858
sargodha	Sargodha	32.0859	72.6742	975886
sarh	Sarh	9.1456	18.3833	138928
sari	Sari	36.5633	53.0601	255396
sariwon-si	Sariwŏn-si	38.5072	125.7558	310100
sariwŏn-si	Sariwŏn-si	38.5072	125.7558	310100
sarria-sant gervasi	Sarrià-Sant Gervasi	41.401	2.1394	147912
sarrià-sant gervasi	Sarrià-Sant Gervasi	41.401	2.1394	147912
sasaram	Sasarām	24.9494	84.0165	147408
sasarām	Sasarām	24.9494	84.0165	147408
sasebo	Sasebo	33.1683	129.725	243223
saskatoon	Saskatoon	52.1324	-106.6689	266141
sasolburg	Sasolburg	-26.8136	27.8169	135828
satara	Satara	17.6859	73.9933	120195
satkhira	Sātkhira	22.7082	89.0718	128918
satna	Satna	24.5773	80.8272	282977
satu mare	Satu Mare	47.7993	22.8625	112490
saugor	Saugor	23.8388	78.7387	274556
saurimo	Saurimo	-9.6608	20.3915	393000
savannah	Savannah	32.0835	-81.0998	147780
savannakhet	Savannakhet	16.5703	104.7622	125760
savar	Savar	23.8486	90.25	286008
saveh	Sāveh	35.0213	50.3566	220762
sawai madhopur	Sawai Madhopur	26.023	76.3441	121106
sawangan	Sawangan	-6.4028	106.7744	197170
sayama	Sayama	35.8529	139.4121	160843
saïda	Saïda	34.8303	0.1517	142497
schaerbeek	Schaerbeek	50.8693	4.3774	132761
schoeneberg	Schöneberg	52.498	13.3443	122658
schöneberg	Schöneberg	52.498	13.3443	122658
scottsdale	Scottsdale	33.5092	-111.899	236839
seattle	Seattle	47.6062	-122.3321	780995
sebeta	Sebeta	8.9167	38.6167	102300
sector 1	Sector 1	44.4924	26.0483	225453
sector 2	Sector 2	44.4528	26.1332	290507
sector 3	Sector 3	44.4234	26.1687	385439
sector 4	Sector 4	44.3757	26.1209	287828
sector 5	Sector 5	44.3881	26.0714	271575
sector 6	Sector 6	44.4358	26.0165	367760
secunderabad	Secunderabad	17.5043	78.5426	204182
seeb	Seeb	23.6703	58.1891	470878
segou	Ségou	13.4403	-6.2595	205787
seguela	Séguéla	7.9611	-6.6731	103980
sehore	Sehore	23.2	77.0833	109118
sejong	Sejong	36.5924	127.2922	394630
sekondi	Sekondi	4.9342	-1.7145	285506
sekondi-takoradi	Sekondi-Takoradi	4.9268	-1.7577	138872
selayang baru utara	Selayang Baru Utara	3.2549	101.6668	542409
semarang	Semarang	-6.9931	110.4208	1694740
sembawang estate	Sembawang Estate	1.4508	103.8286	110090
semey	Semey	50.4206	80.2502	292780
semnan	Semnan	35.5769	53.392	124826
senador canedo	Senador Canedo	-16.7081	-49.0931	175042
sendai	Sendai	38.2667	140.8667	1096704
sengerema	Sengerema	-2.6667	32.65	110000
sengkang new town	Sengkang New Town	1.3917	103.8944	267600
sennar	Sennar	13.5691	33.5672	130122
sentul	Sentul	3.1833	101.6833	100000
seogwipo	Seogwipo	33.2533	126.5618	178552
seongnam-si	Seongnam-si	37.4386	127.1378	914832
seoni	Seoni	22.085	79.5504	102343
seoul	Seoul	37.566	126.9784	10349312
sepang	Sepang	2.6931	101.7498	212050
sepatan	Sepatan	-6.1189	106.575	118439
serang	Serang	-6.1153	106.1542	735651
serangoon	Serangoon	1.3628	103.8975	116900
serangoon new town	Serangoon New Town	1.3508	103.8708	116900
serekunda	Serekunda	13.4383	-16.6781	340000
seremban	Seremban	2.7297	101.9381	372917
sergeli	Sergeli	41.1983	69.2222	105700
sergiyev posad	Sergiyev Posad	56.312	38.1387	109252
seri kembangan	Seri Kembangan	3.0333	101.7167	130252
seri manjung	Seri Manjung	4.1987	100.67	100000
serilingampalle	Serilingampalle	17.4931	78.302	150525
serpukhov	Serpukhov	54.9198	37.4162	128158
serra	Serra	-20.1286	-40.3078	520653
sertaozinho	Sertãozinho	-21.1378	-47.9903	126887
sertãozinho	Sertãozinho	-21.1378	-47.9903	126887
set ka lay	Set Ka Lay	16.8144	96.1139	111514
setagaya	Setagaya	35.6419	139.6472	940071
setapak	Setapak	3.207	101.727	353268
sete lagoas	Sete Lagoas	-19.4658	-44.2467	238909
setia alam	Setia Alam	3.1016	101.4557	150000
setif	Sétif	36.1911	5.4137	252127
seto	Seto	35.2333	137.1	127792
settat	Settat	33.001	-7.6166	155333
setubal	Setúbal	38.5244	-8.8882	118166
setúbal	Setúbal	38.5244	-8.8882	118166
sevastopol	Sevastopol	44.608	33.5213	547820
severnyy	Severnyy	55.9358	37.5489	200000
severodvinsk	Severodvinsk	64.5583	39.8297	194292
seversk	Seversk	56.6006	84.8864	109844
sevilla	Sevilla	37.3828	-5.9732	686741
sf	San Francisco	37.7749	-122.4194	827526
sfax	Sfax	34.7406	10.7603	280566
sha tin	Sha Tin	22.3833	114.1833	495200
shabqadar	Shabqadar	34.216	71.5548	102340
shache	Shache	38.4167	77.2406	128145
shagamu	Shagamu	6.8485	3.6463	214558
shah alam	Shah Alam	3.0851	101.5328	740750
shahdad kot	Shahdad Kot	27.8473	67.9068	120687
shahdadpur	Shahdadpur	25.9254	68.6228	113342
shahecheng	Shahecheng	36.9383	114.5058	125132
shahin shahr	Shāhīn Shahr	32.8579	51.5529	173329
shahjanpur	Shāhjānpur	27.8817	79.9092	320434
shahkot	Shahkot	31.5709	73.4853	244868
shahr-e kord	Shahr-e Kord	32.3261	50.8572	129153
shahr-e sadra	Shahr-e Ṣadrā	29.7997	52.5022	122226
shahr-e ṣadrā	Shahr-e Ṣadrā	29.7997	52.5022	122226
shahrak-e pardisan	Shahrak-e Pardīsān	34.5573	50.802	100000
shahrak-e pardīsān	Shahrak-e Pardīsān	34.5573	50.802	100000
shahre jadide andisheh	Shahre Jadide Andisheh	35.6803	51.0193	116062
shahreza	Shahreẕā	32.0088	51.8641	134952
shahreẕā	Shahreẕā	32.0088	51.8641	134952
shahriar	Shahrīār	35.6588	51.0577	309607
shahrisabz	Shahrisabz	39.0578	66.8342	142700
shahrud	Shahrud	36.4182	54.9763	165000
shahrīār	Shahrīār	35.6588	51.0577	309607
shahuwadi	Shahuwadi	16.9099	73.9465	180322
shahzadpur	Shāhzādpur	24.1769	89.5988	102420
shajing	Shajing	22.7463	113.819	127089
shakargarh	Shakargarh	32.2636	75.1601	126742
shakhty	Shakhty	47.7192	40.216	221312
sham shui po	Sham Shui Po	22.3302	114.1595	431090
shanghai	Shanghai	31.2222	121.4581	24874500
shangluo	Shangluo	33.8667	109.9306	531696
shangqiu	Shangqiu	34.4143	115.6561	1859723
shangrao	Shangrao	28.4518	117.9429	1116486
shangri-la	Shangri-La	27.8251	99.7078	186400
shangyu	Shangyu	30.0156	120.8711	839747
shangzhi	Shangzhi	45.2056	128.0024	131006
shanhaiguan	Shanhaiguan	40.0012	119.754	140000
shantipur	Shāntipur	23.2472	88.433	149983
shantou	Shantou	23.3549	116.6788	3838900
shanwei	Shanwei	22.782	115.3475	491766
shaoguan	Shaoguan	24.8	113.5833	1028460
shaoshan	Shaoshan	27.9167	112.5167	118000
shaowu	Shaowu	27.3409	117.4831	112585
shaoxing	Shaoxing	30.0024	120.5786	2300000
shaoyang	Shaoyang	27.2382	111.4621	753194
shaping	Shaping	22.7702	112.9578	107589
sharjah	Sharjah	25.3342	55.4122	1800000
shashamane	Shashamane	7.2	38.6	208400
shchukino	Shchukino	55.8	37.45	102000
shchyolkovo	Shchyolkovo	55.925	37.9722	113000
sheepshead bay	Sheepshead Bay	40.5912	-73.9446	122534
sheffield	Sheffield	53.383	-1.4659	556500
shekhupura	Shekhupura	31.7129	73.9856	591424
shengavit	Shengavit	40.1557	44.4779	140600
shenglilu	Shenglilu	29.3505	105.8775	134218
shenyang	Shenyang	41.7922	123.4328	9070093
shenzhen	Shenzhen	22.5455	114.0683	17494398
sherbrooke	Sherbrooke	45.4001	-71.8991	129447
sherpur	Sherpur	25.0188	90.0175	107419
shevchenkivskyi	Shevchenkivskyi	50.0202	36.2247	220660
shevchenko	Shevchenko	49.5645	34.5387	147600
shibganj	Shibganj	25.0015	89.3227	378701
shibin al kawm	Shibīn al Kawm	30.5526	31.009	267945
shibuya	Shibuya	35.6589	139.7066	230609
shibīn al kawm	Shibīn al Kawm	30.5526	31.009	267945
shihezi	Shihezi	44.3023	86.0369	572772
shijiazhuang	Shijiazhuang	38.0414	114.4786	11235086
shijie	Shijie	23.0955	113.7919	246960
shikarpur	Shikarpur	27.9556	68.6382	204938
shillong	Shillong	25.5689	91.8831	143229
shilong	Shilong	23.1144	113.8472	109733
shimla	Shimla	31.1044	77.1666	173503
shimonoseki	Shimonoseki	33.9555	130.9371	265684
shimotoda	Shimotoda	35.815	139.6853	140899
shinagawa	Shinagawa	33.6363	133.0057	422488
shinjuku	Shinjuku	35.6912	139.7085	349385
shinyanga	Shinyanga	-3.6639	33.4212	139727
shiqi	Shiqi	22.5168	113.3852	257472
shiqiao	Shiqiao	22.9464	113.3577	135308
shiraz	Shiraz	29.6103	52.5311	1249942
shivaji nagar	Shivaji Nagar	18.5302	73.8526	1000000
shivamogga	Shivamogga	13.9316	75.5679	322650
shivpuri	Shivpuri	25.4238	77.6622	179977
shiyan	Shiyan	32.6475	110.7781	3460000
shizuishan	Shizuishan	38.9808	106.3892	739400
shizuoka	Shizuoka	34.9833	138.3833	693389
sholapur	Sholapur	17.6715	75.9104	997281
shomolu	Shomolu	6.5389	3.3742	154390
shouguang	Shouguang	36.88	118.7375	1103110
shreveport	Shreveport	32.5251	-93.7502	187593
shrirampur	Shrīrāmpur	22.7528	88.3422	226317
shrīrāmpur	Shrīrāmpur	22.7528	88.3422	226317
shuangcheng	Shuangcheng	45.3798	126.3071	130710
shuanglonghu	Shuanglonghu	29.7162	106.6068	128563
shuangyashan	Shuangyashan	46.6769	131.1327	600000
shubra al khaymah	Shubrā al Khaymah	30.1251	31.2505	1240289
shubrā al khaymah	Shubrā al Khaymah	30.1251	31.2505	1240289
shuifu	Shuifu	28.6321	104.4078	102143
shuizhai	Shuizhai	23.9296	115.765	140493
shujaabad	Shujaabad	29.8809	71.2934	151115
shulin	Shulin	24.9908	121.422	180044
shunan	Shūnan	34.0805	131.8256	149632
shunyi	Shunyi	40.1217	116.6478	117623
shuozhou	Shuozhou	39.3158	112.4225	433700
shushtar	Shūshtar	32.0497	48.8484	101878
shyamnagar	Shyamnagar	22.8333	88.3667	441956
shymkent	Shymkent	42.3099	69.6004	1200000
shāhjānpur	Shāhjānpur	27.8817	79.9092	320434
shāhzādpur	Shāhzādpur	24.1769	89.5988	102420
shāhīn shahr	Shāhīn Shahr	32.8579	51.5529	173329
shāntipur	Shāntipur	23.2472	88.433	149983
shūnan	Shūnan	34.0805	131.8256	149632
shūshtar	Shūshtar	32.0497	48.8484	101878
si maha phot	Si Maha Phot	13.9656	101.5135	100563
si racha	Si Racha	13.1728	100.9316	178916
sialkot	Sialkot	32.4927	74.5313	911817
sibiu	Sibiu	45.8	24.15	134309
sibu	Sibu	2.3	111.8167	198239
sidi bel abbes	Sidi Bel Abbes	35.1899	-0.6309	210146
sidi husayn	Sīdī Ḥusayn	36.7558	10.1183	130255
sidi slimane	Sidi Slimane	34.2648	-5.926	101541
sidoarjo	Sidoarjo	-7.4478	112.7183	139189
sidon	Sidon	33.5575	35.3715	163554
siegen	Siegen	50.8748	8.0243	107242
siem reap	Siem Reap	13.3618	103.8606	139458
siguatepeque	Siguatepeque	14.5969	-87.831	127468
siguiri	Siguiri	11.4228	-9.1685	148018
siheungdong	Siheungdong	37.4518	126.9108	128142
siirt	Siirt	37.9293	41.9413	114034
sikar	Sīkar	27.6121	75.14	244497
sikasso	Sikasso	11.3176	-5.6665	349324
silang	Silang	14.2157	120.9714	119475
silchar	Silchar	24.8273	92.7979	178865
silifke	Silifke	36.3778	33.9344	132665
siliguri	Siliguri	26.71	88.4285	515574
silopi	Silopi	37.2438	42.4635	114645
simele	Simele	36.8583	42.8501	152512
simferopol	Simferopol	44.9572	34.1108	336460
simi valley	Simi Valley	34.2694	-118.7815	126788
simmering	Simmering	48.1833	16.4333	101420
simoes filho	Simões Filho	-12.7844	-38.4039	114559
simões filho	Simões Filho	-12.7844	-38.4039	114559
sinah	Sīnah	36.8085	43.0393	128776
sincelejo	Sincelejo	9.3045	-75.3905	277773
sinch'on-up	Sinch’ŏn-ŭp	38.3532	125.4842	141407
sinch’ŏn-ŭp	Sinch’ŏn-ŭp	38.3532	125.4842	141407
sinfra	Sinfra	6.621	-5.9114	245226
singa	Singa	13.1483	33.9312	250000
singapore	Singapore	1.2897	103.8501	5638700
singaraja	Singaraja	-8.112	115.0882	133784
singida	Singida	-4.8163	34.7436	232459
singkawang	Singkawang	0.9093	108.9846	253812
singosari	Singosari	-7.8924	112.6658	182656
singrauli	Singrauli	24.1997	82.6753	220257
sinjhoro	Sinjhoro	26.0301	68.8087	354709
sinnuris	Sinnūris	29.4135	30.8658	133532
sinnūris	Sinnūris	29.4135	30.8658	133532
sino-singapore tianjin eco-city	Sino-Singapore Tianjin Eco-city	39.1531	117.7835	100000
sinop	Sinop	-11.8642	-55.5025	223780
sinp'o	Sinp’o	40.0397	128.1943	152759
sinp’o	Sinp’o	40.0397	128.1943	152759
sinuiju	Sinŭiju	40.1006	124.3981	288112
sinŭiju	Sinŭiju	40.1006	124.3981	288112
sioux falls	Sioux Falls	43.5437	-96.728	171544
siping	Siping	43.1614	124.3778	1814733
siracusa	Siracusa	37.0754	15.2866	121605
sirajganj	Sirajganj	24.4577	89.708	127481
sirjan	Sirjan	29.4514	55.6809	199704
sirsa	Sirsa	29.5349	75.029	182534
sirte	Sirte	31.2089	16.5887	106705
sishui	Sishui	35.6489	117.2758	552300
sisli	Şişli	41.0605	28.9872	314684
sitapur	Sītāpur	27.5619	80.6826	164435
sitiawan	Sitiawan	4.2168	100.6996	156234
sittwe	Sittwe	20.1462	92.8983	177743
situbondo	Situbondo	-7.7062	114.0098	685967
sivakasi	Sivakasi	9.45	77.798	234704
sivas	Sivas	39.7483	37.0161	264022
siverek	Siverek	37.755	39.3167	175341
siwan	Siwān	26.221	84.3561	135066
siwān	Siwān	26.221	84.3561	135066
skardu	Skardu	35.2979	75.6337	260000
skhidni kvartaly	Skhidni Kvartaly	48.5662	39.3826	102500
skikda	Skikda	36.8762	6.9092	182903
skopje	Skopje	41.9965	21.4314	474889
skudai	Skudai	1.5374	103.6578	159733
slobidskyi	Slobidskyi	49.9448	36.2813	146850
slough	Slough	51.5095	-0.5954	164793
slovyansk	Slovyansk	48.8497	37.5974	105141
smolensk	Smolensk	54.7783	32.0509	330025
smolyanskyi	Smolyanskyi	48.0144	37.7359	116779
soacha	Soacha	4.5794	-74.2168	655025
sobral	Sobral	-3.6861	-40.3497	216519
soc trang	Sóc Trăng	9.5999	105.9719	221430
sochi	Sochi	43.597	39.7248	327608
sodo	Sodo	6.86	37.7616	204100
soedermalm	Södermalm	59.3128	18.0758	127323
sofia	Sofia	42.6975	23.3241	1152556
sogamoso	Sogamoso	5.7143	-72.9339	111336
sohag	Sohag	26.557	31.6948	266944
sohar	Sohar	24.3474	56.7094	108274
soka	Sōka	35.8364	139.7996	249645
sokode	Sokodé	8.9833	1.1333	117811
sokodé	Sokodé	8.9833	1.1333	117811
sokoto	Sokoto	13.0627	5.2432	1040000
soledad	Soledad	10.9184	-74.7646	342556
soledad de graciano sanchez	Soledad de Graciano Sánchez	22.1891	-100.9379	332072
soledad de graciano sánchez	Soledad de Graciano Sánchez	22.1891	-100.9379	332072
solihull	Solihull	52.4143	-1.7809	126577
solikamsk	Solikamsk	59.6669	56.7427	100812
solingen	Solingen	51.1734	7.0845	164359
sollentuna	Sollentuna	59.428	17.9509	139606
solntsevo	Solntsevo	55.6371	37.3811	120000
solwezi	Solwezi	-12.1688	26.3894	301370
somaroboro	Somaroboro	-25.346	28.8343	114369
somerset west	Somerset West	-34.084	18.8211	225289
son la	Sơn La	21.3256	103.9188	106052
son tay	Sơn Tây	21.1405	105.5069	230577
sonargaon	Sonārgaon	23.65	90.6167	130000
songcheng	Songcheng	26.8819	120.0011	165730
songea	Songea	-10.6833	35.65	286285
songjiang	Songjiang	31.0344	121.2233	1973500
songnan	Songnan	31.3504	121.4822	127347
songnim-ni	Songnim-ni	38.7635	125.641	152425
songyuan	Songyuan	45.129	124.8277	113611
sonipat	Sonīpat	28.9948	77.0194	289333
sonārgaon	Sonārgaon	23.65	90.6167	130000
sonīpat	Sonīpat	28.9948	77.0194	289333
soreang	Soreang	-7.0331	107.5183	116780
sorocaba	Sorocaba	-23.5017	-47.4581	762172
sorong	Sorong	-0.8796	131.261	219958
sorriso	Sorriso	-12.5453	-55.7114	124665
sorsogon	Sorsogon	12.9739	123.9933	187670
soshanguve	Soshanguve	-25.4729	28.0992	872309
sosnowiec	Sosnowiec	50.2868	19.1039	227295
soubre	Soubré	5.7838	-6.5939	131181
soubré	Soubré	5.7838	-6.5939	131181
souk ahras	Souk Ahras	36.2864	7.9511	153479
sousse	Sousse	35.8254	10.637	221715
south bend	South Bend	41.6834	-86.25	101516
south boston	South Boston	42.3334	-71.0495	571281
south dublin	South Dublin	53.2903	-6.3415	301075
south fulton	South Fulton	33.5926	-84.6729	107436
south tangerang	South Tangerang	-6.2886	106.7179	1429529
southampton	Southampton	50.904	-1.4043	269781
southend-on-sea	Southend-on-Sea	51.5378	0.7143	295310
soweto	Soweto	-26.2678	27.8585	1695047
soyapango	Soyapango	13.7102	-89.1399	329708
soyibug	Soyībug	34.0768	74.7057	104000
soyo	Soyo	-6.1349	12.3689	221555
soyībug	Soyībug	34.0768	74.7057	104000
spanish town	Spanish Town	17.9911	-76.9574	145018
split	Split	43.5089	16.4392	149830
spokane	Spokane	47.6597	-117.4291	229447
spring valley	Spring Valley	36.108	-115.245	178395
springfield	Springfield	37.2153	-93.2982	170188
springs	Springs	-26.25	28.4	186394
sri ganganagar	Sri Ganganagar	29.9201	73.875	237780
sri jayewardenepura kotte	Sri Jayewardenepura Kotte	6.883	79.9071	115826
srikakulam	Srikakulam	18.2989	83.8975	137944
srinagar	Srinagar	34.0857	74.8055	1206419
st helens	St Helens	53.45	-2.7333	183200
st. catharines	St. Catharines	43.1713	-79.2427	136803
st. john's	St. John's	47.5649	-52.7093	110525
st. louis	St. Louis	38.6273	-90.1979	279695
st. petersburg	St. Petersburg	27.7709	-82.6793	257083
stamford	Stamford	41.0534	-73.5387	128874
standerton	Standerton	-26.9337	29.2415	101101
stara zagora	Stara Zagora	42.432	25.6426	121582
staryy oskol	Staryy Oskol	51.3025	37.8461	226977
staten island	Staten Island	40.5623	-74.1399	468730
stavanger	Stavanger	58.9701	5.7333	151669
stavropol	Stavropol	45.0344	41.9642	433931
sterling heights	Sterling Heights	42.5803	-83.0302	132052
sterlitamak	Sterlitamak	53.6379	55.9533	267231
stockholm	Stockholm	59.3294	18.0687	1515017
stockport	Stockport	53.4098	-2.1576	139052
stockton	Stockton	37.9577	-121.2908	305658
stoke-on-trent	Stoke-on-Trent	53.0042	-2.1854	258366
strasbourg	Strasbourg	48.5839	7.7455	274845
strogino	Strogino	55.8184	37.4122	152000
stuttgart	Stuttgart	48.7823	9.177	612663
suan luang	Suan Luang	13.7303	100.6514	115658
subang	Subang	-6.57	107.7567	137234
subang jaya	Subang Jaya	3.0438	101.5806	708296
subotica	Subotica	46.1	19.6667	100000
subulussalam	Subulussalam	2.662	97.8827	105553
sucre	Sucre	-19.0333	-65.2627	224838
suez	Suez	29.9737	32.5263	699541
suginami	Suginami	36.2013	140.2841	588354
suicheng	Suicheng	33.8963	117.9331	256665
suifenhe	Suifenhe	44.3998	131.1478	100000
suihua	Suihua	46.6481	126.9666	252245
suining	Suining	30.508	105.5733	656760
suita	Suita	34.7614	135.5157	385567
suizhou	Suizhou	31.7111	113.3631	618582
sujangarh	Sūjāngarh	27.7	74.4667	183808
sujiatun	Sujiatun	41.6592	123.3392	148113
sukabumi	Sukabumi	-6.9181	106.9267	365735
sukawati	Sukawati	-8.4913	115.0459	125470
sukkur	Sukkur	27.7032	68.8589	563851
sukrah	Sukrah	36.8774	10.2468	159862
sulaymaniyah	Sulaymaniyah	35.565	45.4329	878146
suleja	Suleja	9.1806	7.1794	162135
sullana	Sullana	-4.9039	-80.6853	160789
sultan kudarat	Sultan Kudarat	7.2289	124.2578	124965
sultan pur majra	Sultan Pur Majra	28.6897	77.0765	181554
sultanah	Sulţānah	24.4926	39.5857	946697
sultanbeyli	Sultanbeyli	40.9607	29.2707	358201
sultangazi	Sultangazi	41.1065	28.8685	436935
sultanpur	Sultānpur	26.2579	82.0727	110368
sultānpur	Sultānpur	26.2579	82.0727	110368
sulţānah	Sulţānah	24.4926	39.5857	946697
sumare	Sumaré	-22.8219	-47.2669	279545
sumaré	Sumaré	-22.8219	-47.2669	279545
sumayl	Sumayl	36.8582	42.8482	152512
sumbawanga	Sumbawanga	-7.9667	31.6167	303986
sumbe	Sumbe	-11.206	13.8437	205832
sumedang	Sumedang	-6.8586	107.9164	200000
sumedang utara	Sumedang Utara	-6.85	107.9167	100000
sumgayit	Sumgayit	40.5897	49.6686	427000
sumida	Sumida	35.7329	139.8209	287766
sumy	Sumy	50.9174	34.7991	256474
sunch'on	Sunch’ŏn	39.4317	125.9328	437000
suncheon	Suncheon	34.9505	127.4878	276375
sunch’ŏn	Sunch’ŏn	39.4317	125.9328	437000
sunderland	Sunderland	54.9046	-1.3822	170134
sungai buloh	Sungai Buloh	3.21	101.561	222858
sungai penuh	Sungai Penuh	-2.0561	101.3913	102224
sungai petani	Sungai Petani	5.647	100.4877	544851
sungailiat	Sungailiat	-1.8544	106.1222	100750
sunggal	Sunggal	3.5765	98.6151	157914
sunnyvale	Sunnyvale	37.3688	-122.0363	155805
sunrise manor	Sunrise Manor	36.2111	-115.0731	189372
sunset park	Sunset Park	40.6455	-74.0124	126000
sunshine coast	Sunshine Coast	-26.6568	153.0796	398840
suqian	Suqian	33.9492	118.2958	1437685
surabaya	Surabaya	-7.2492	112.7508	3018022
surakarta	Surakarta	-7.5561	110.8317	526870
surat	Surat	21.1959	72.8302	4591246
surat thani	Surat Thani	9.1401	99.3331	132040
surendranagar	Surendranagar	22.7271	71.6486	179628
surgut	Surgut	61.2576	73.4177	300367
suriapet	Suriāpet	17.1405	79.6205	111729
suriāpet	Suriāpet	17.1405	79.6205	111729
surprise	Surprise	33.6306	-112.3332	143148
surrey	Surrey	49.1063	-122.8251	568322
suruc	Suruç	36.9761	38.4253	101178
surulere	Surulere	6.5015	3.3581	191920
suruç	Suruç	36.9761	38.4253	101178
sutton	Sutton	51.35	-0.2	187600
sutton coldfield	Sutton Coldfield	52.5667	-1.8167	109899
suwaylih	Ṣuwayliḥ	32.0221	35.8439	151016
suwon	Suwon	37.2911	127.0089	1234582
suzano	Suzano	-23.5425	-46.3108	320261
suzhou	Suzhou	31.3041	120.5954	6715559
suzuka	Suzuka	34.8833	136.5833	195670
swansea	Swansea	51.6208	-3.9432	300352
swindon	Swindon	51.558	-1.7812	201669
sydney	Sydney	-33.8678	151.2073	5638830
sykhiv	Sykhiv	49.7943	24.0628	151131
syktyvkar	Syktyvkar	61.6639	50.8163	245083
sylhet	Sylhet	24.899	91.872	237000
syracuse	Syracuse	43.0481	-76.1474	144142
syzran	Syzran	53.1585	48.4681	189338
szczecin	Szczecin	53.4289	14.553	395513
szeged	Szeged	46.253	20.1482	160766
szekesfehervar	Székesfehérvár	47.19	18.4103	101600
székesfehérvár	Székesfehérvár	47.19	18.4103	101600
são bernardo do campo	São Bernardo do Campo	-23.6939	-46.565	840499
são caetano do sul	São Caetano do Sul	-23.6231	-46.5511	172693
são carlos	São Carlos	-22.0175	-47.8908	266427
são cristóvão	São Cristóvão	-11.0147	-37.2064	101213
são félix do xingu	São Félix do Xingu	-6.6447	-51.995	132138
são gonçalo do amarante	São Gonçalo do Amarante	-5.7933	-35.3294	115838
são josé	São José	-27.6153	-48.6275	295658
são josé de ribamar	São José de Ribamar	-2.5557	-44.0599	259164
são josé do rio preto	São José do Rio Preto	-20.8197	-49.3794	480393
são josé dos campos	São José dos Campos	-23.1794	-45.8869	727078
são josé dos pinhais	São José dos Pinhais	-25.5302	-49.2084	349880
são joão de meriti	São João de Meriti	-22.8039	-43.3722	466536
são leopoldo	São Leopoldo	-29.7603	-51.1472	209229
são lourenço da mata	São Lourenço da Mata	-8.0022	-35.0183	118258
são luís	São Luís	-2.5297	-44.3028	917237
são mateus	São Mateus	-23.6058	-46.4789	155682
são paulo	São Paulo	-23.5475	-46.6361	12400232
são pedro da aldeia	São Pedro da Aldeia	-22.8392	-42.1028	110677
são vicente	São Vicente	-23.9631	-46.3919	338326
ségou	Ségou	13.4403	-6.2595	205787
séguéla	Séguéla	7.9611	-6.6731	103980
sétif	Sétif	36.1911	5.4137	252127
sóc trăng	Sóc Trăng	9.5999	105.9719	221430
södermalm	Södermalm	59.3128	18.0758	127323
sāmarrā’	Sāmarrā’	34.1959	43.8857	158508
sāngli	Sāngli	16.8544	74.5642	601214
sātkhira	Sātkhira	22.7082	89.0718	128918
sāveh	Sāveh	35.0213	50.3566	220762
sīdī ḥusayn	Sīdī Ḥusayn	36.7558	10.1183	130255
sīkar	Sīkar	27.6121	75.14	244497
sīnah	Sīnah	36.8085	43.0393	128776
sītāpur	Sītāpur	27.5619	80.6826	164435
sōka	Sōka	35.8364	139.7996	249645
sūjāngarh	Sūjāngarh	27.7	74.4667	183808
sơn la	Sơn La	21.3256	103.9188	106052
sơn tây	Sơn Tây	21.1405	105.5069	230577
sầm sơn	Sầm Sơn	19.7333	105.9	129801
ta'if	Ta’if	21.2703	40.4158	688693
taboao da serra	Taboão da Serra	-23.6261	-46.7917	273542
tabora	Tabora	-5.0162	32.8266	308741
taboão da serra	Taboão da Serra	-23.6261	-46.7917	273542
tabriz	Tabriz	38.08	46.2919	1424641
tabuk	Tabuk	28.3998	36.5715	667000
tacheng	Tacheng	46.7454	82.9585	161037
tachikawa	Tachikawa	35.7091	139.4189	183581
tacloban	Tacloban	11.2433	125.0047	259353
tacna	Tacna	-18.0146	-70.2536	286240
tacoma	Tacoma	47.2529	-122.4443	222906
tacurong	Tacurong	6.6925	124.6764	116945
tadepalligudem	Tadepalligudem	16.8147	81.5272	112655
tadpatri	Tadpatri	14.9083	78.0103	108171
taganrog	Taganrog	47.2363	38.9053	279056
taganskiy	Taganskiy	55.7333	37.6667	116000
taguatinga	Taguatinga	-15.8333	-48.0551	193367
taguig	Taguig	14.5243	121.0792	1308085
tahoua	Tahoua	14.8888	5.2692	159468
tahta	Ţahţā	26.7687	31.502	134314
tai po	Tai Po	22.4501	114.1688	274100
tai'an	Tai’an	36.1853	117.12	1735425
taibai	Taibai	30.8248	108.3578	108387
taicang	Taicang	31.4478	121.0939	831113
taichung	Taichung	24.1469	120.6839	2850285
tainan	Tainan	22.9908	120.2133	1856642
taipa	Taipa	22.1558	113.5569	112051
taipei	Taipei	25.0531	121.5264	7871900
taiping	Taiping	4.85	100.7333	217647
taishan	Taishan	22.2513	112.7799	145440
taito	Taito	35.7075	139.7788	211444
taitung	Taitung	22.7599	121.1446	103260
taiyuan	Taiyuan	37.8694	112.5603	5305061
taiz	Taiz	13.5795	44.0209	940600
taizhou	Taizhou	32.4907	119.9081	1607108
tai’an	Tai’an	36.1853	117.12	1735425
tajimi	Tajimi	35.3167	137.1333	107818
tajura'	Tājūrā’	32.8817	13.3506	100000
takamatsu	Takamatsu	34.3333	134.05	418994
takaoka	Takaoka	36.75	137.0167	170077
takarazuka	Takarazuka	34.7994	135.357	226432
takasaki	Takasaki	36.3333	139.0167	372973
takatsuki	Takatsuki	34.8483	135.6168	354468
takeo	Takeo	10.9908	104.785	843931
takoradi	Takoradi	4.8982	-1.7603	389114
talatona	Talatona	-8.9178	13.1856	500000
talca	Talca	-35.4232	-71.6497	197479
talcahuano	Talcahuano	-36.7249	-73.1168	150499
taldykorgan	Taldykorgan	45.0156	78.3739	116558
talhar	Talhar	24.8845	68.8144	200014
taling chan	Taling Chan	13.777	100.4567	105299
talisay	Talisay	10.2447	123.8494	133148
talkha	Ţalkhā	31.0539	31.3779	112851
tallahassee	Tallahassee	30.4383	-84.2807	201731
tallinn	Tallinn	59.437	24.7535	394024
tam ky	Tam Kỳ	15.5736	108.474	165240
tam kỳ	Tam Kỳ	15.5736	108.474	165240
tama	Tama	35.6436	139.4684	148285
tamale	Tamale	9.4008	-0.8393	464316
taman petaling	Taman Petaling	3.1992	101.6498	423062
tambacounda	Tambacounda	13.7707	-13.6673	149071
tambaram	Tambaram	12.9246	80.1271	174787
tambov	Tambov	52.7363	41.441	293661
tampa	Tampa	27.9475	-82.4584	414547
tampere	Tampere	61.4991	23.7871	260646
tampico	Tampico	22.2852	-97.8778	309003
tampines estate	Tampines Estate	1.3581	103.9403	265340
tampines new town	Tampines New Town	1.3492	103.9497	259900
tan an	Tân An	10.5359	106.4137	215250
tan chau	Tân Châu	10.7983	105.2389	175211
tandil	Tandil	-37.3287	-59.1369	115877
tando adam	Tando Adam	25.7682	68.662	174291
tando allahyar	Tando Allahyar	25.4605	68.7174	421923
tando bago	Tando Bago	24.7891	68.9654	426535
tando muhammad khan	Tando Muhammad Khan	25.1238	68.5368	114406
tanga	Tanga	-5.0689	39.0988	393429
tangail	Tangail	24.2498	89.9166	180144
tangara da serra	Tangará da Serra	-14.6194	-57.4858	114603
tangará da serra	Tangará da Serra	-14.6194	-57.4858	114603
tangerang	Tangerang	-6.1781	106.63	1927815
tanggu	Tanggu	39.0211	117.6469	535298
tanghe	Tanghe	32.6855	112.8323	278055
tangier	Tangier	35.7673	-5.7998	1035141
tangshan	Tangshan	39.6438	118.1832	3372102
tanjung pandan	Tanjung Pandan	-2.7335	107.6348	103062
tanjung pinang	Tanjung Pinang	0.9167	104.4583	227663
tanjungbalai	Tanjungbalai	2.9667	99.8	190935
tanta	Tanta	30.7885	31.0019	576648
tantou	Tantou	22.7512	113.835	320304
tanza	Tanza	14.6753	120.9389	105510
tanzhou	Tanzhou	22.255	113.4669	382445
taonan	Taonan	45.3332	122.7846	112819
taourirt	Taourirt	34.4073	-2.8973	112908
taoyuan	Taoyuan	24.9937	121.297	475798
taozhou	Taozhou	30.9064	119.4086	146610
tapachula	Tapachula	14.9054	-92.2589	353706
tarakan	Tarakan	3.3133	117.5915	255310
taranto	Taranto	40.4644	17.2471	198585
taraz	Taraz	42.898	71.3733	358153
targowek	Targówek	52.2918	21.0484	124279
targu mures	Târgu Mureş	46.5425	24.5575	212752
targówek	Targówek	52.2918	21.0484	124279
tariba	Táriba	7.8212	-72.2233	138402
tarija	Tarija	-21.5355	-64.7296	159269
tarime	Tarime	-1.35	34.3667	133043
tarlac city	Tarlac City	15.4802	120.5979	401892
tarnow	Tarnów	50.0138	20.987	117799
tarnów	Tarnów	50.0138	20.987	117799
tarragona	Tarragona	41.1191	1.2454	141542
tarsus	Tarsus	36.9177	34.8928	350732
tartus	Ţarţūs	34.889	35.8866	458327
tasek glugor	Tasek Glugor	5.4803	100.4985	135786
tashkent	Tashkent	41.2647	69.2163	1978028
tasikmalaya	Tasikmalaya	-7.3274	108.2207	770839
tatui	Tatuí	-23.3556	-47.8569	129130
tatuí	Tatuí	-23.3556	-47.8569	129130
taubate	Taubaté	-23.0264	-45.5553	322397
taubaté	Taubaté	-23.0264	-45.5553	322397
taunggyi	Taunggyi	20.7892	97.0378	160115
taungoo	Taungoo	18.9429	96.4341	106945
taunsa	Taunsa	30.7036	70.6505	115704
tauranga	Tauranga	-37.6861	176.1667	161000
tawau	Tawau	4.2448	117.8911	372615
tay ho	Tây Hồ	21.069	105.8105	168300
tay ninh	Tây Ninh	11.31	106.0983	135254
tayabas	Tayabas	14.0259	121.5929	115318
taytay	Taytay	14.5588	121.1329	231460
taza	Taza	34.21	-4.01	162110
ta’if	Ta’if	21.2703	40.4158	688693
tbilisi	Tbilisi	41.6914	44.8341	1049498
tebessa	Tébessa	35.4042	8.1242	194461
tebingtinggi	Tebingtinggi	3.3285	99.1625	117530
tegal	Tegal	-6.8694	109.1402	297173
tegucigalpa	Tegucigalpa	14.0818	-87.2068	850848
tehran	Tehran	35.6944	51.4215	7153309
tehuacan	Tehuacán	18.4642	-97.3974	248716
tehuacán	Tehuacán	18.4642	-97.3974	248716
teixeira de freitas	Teixeira de Freitas	-17.535	-39.7419	145216
tekirdag	Tekirdağ	40.9781	27.511	122287
tekirdağ	Tekirdağ	40.9781	27.511	122287
tekstil'shchiki	Tekstil’shchiki	55.7003	37.7427	100000
tekstil’shchiki	Tekstil’shchiki	55.7003	37.7427	100000
tel aviv	Tel Aviv	32.0809	34.7806	432892
telde	Telde	27.9924	-15.4192	123265
telford	Telford	52.6766	-2.4493	155570
teluk intan	Teluk Intan	4.0222	101.0208	232800
teluknaga	Teluknaga	-6.0989	106.6381	175155
tema	Tema	5.6698	-0.0166	155782
temara	Temara	33.9287	-6.9066	342345
temecula	Temecula	33.4936	-117.1484	110003
temirtau	Temirtau	50.052	72.955	170600
tempe	Tempe	33.4148	-111.9093	175826
tempe junction	Tempe Junction	33.4142	-111.9435	158368
temuco	Temuco	-38.7363	-72.5974	238129
tengyue	Tengyue	24.9949	98.5128	127133
teni	Teni	10.0112	77.4777	1034724
teofilo otoni	Teófilo Otoni	-17.8575	-41.5053	142851
tepexpan	Tepexpan	19.6139	-98.9364	102667
tepic	Tepic	21.5073	-104.8933	332863
teresina	Teresina	-5.0892	-42.8019	871126
teresopolis	Teresópolis	-22.4167	-42.9782	176735
teresópolis	Teresópolis	-22.4167	-42.9782	176735
ternate	Ternate	0.7906	127.3842	210836
terni	Terni	42.5633	12.6433	111189
ternopil	Ternopil	49.554	25.5907	225238
terrassa	Terrassa	41.5667	2.0167	218535
terrebonne	Terrebonne	45.7	-73.6473	111575
teshi old town	Teshi Old Town	5.5836	-0.1072	144013
tete	Tete	-16.1564	33.5867	357000
tetouan	Tétouan	35.5784	-5.3684	415810
tetuan de las victorias	Tetuán de las Victorias	40.4597	-3.6975	155000
tetuán de las victorias	Tetuán de las Victorias	40.4597	-3.6975	155000
texcoco de mora	Texcoco de Mora	19.5119	-98.8829	105165
teziutlan	Teziutlan	19.8173	-97.3599	103583
teófilo otoni	Teófilo Otoni	-17.8575	-41.5053	142851
thai nguyen	Thái Nguyên	21.5942	105.8482	420000
thane	Thāne	19.197	72.9635	1841488
thanesar	Thānesar	29.9732	76.8321	155152
thanh hoa	Thanh Hóa	19.8	105.7667	850000
thanh hóa	Thanh Hóa	19.8	105.7667	850000
thanh khe	Thanh Khê	16.0706	108.191	201240
thanh khê	Thanh Khê	16.0706	108.191	201240
thanh pho ba ria	Thành Phố Bà Rịa	10.4963	107.1685	235192
thanh pho song cong	Thành phố Sông Công	21.4772	105.8414	128357
thanh xuan	Thanh Xuân	20.9947	105.7998	293292
thanh xuân	Thanh Xuân	20.9947	105.7998	293292
thanjavur	Thanjavur	10.7852	79.1391	291067
thaton	Thaton	16.9187	97.37	123727
the bronx	The Bronx	40.8499	-73.8664	1385108
the hague	The Hague	52.0767	4.2986	474292
thembisa	Thembisa	-25.9964	28.2268	511655
thenali	Thenali	16.2425	80.6398	164937
thessaloniki	Thessaloníki	40.6407	22.9349	317778
thessaloníki	Thessaloníki	40.6407	22.9349	317778
thi tran gjai tu	Thị Trấn Đại Từ	21.6338	105.6377	179192
thi tran gjong trieu	Thị Trấn Đông Triều	21.0824	106.5138	248896
thi tran thuan chau	Thị Trấn Thuận Châu	21.4385	103.69	153000
thies	Thiès	14.7894	-16.926	317763
thies nones	Thiès Nones	14.7833	-16.9667	252320
thika	Thika	-1.0333	37.0693	251407
thiruvananthapuram	Thiruvananthapuram	8.4855	76.9492	788271
thiès	Thiès	14.7894	-16.926	317763
thiès nones	Thiès Nones	14.7833	-16.9667	252320
thohoyandou	Thohoyandou	-22.9456	30.485	107144
thoi lai	Thới Lai	10.0652	105.5586	109684
thon buri	Thon Buri	13.725	100.4851	119708
thoothukudi	Thoothukudi	8.7674	78.1342	410760
thornhill	Thornhill	43.815	-79.4242	115292
thornton	Thornton	39.868	-104.9719	133451
thot not	Thốt Nốt	10.2721	105.5338	158225
thousand oaks	Thousand Oaks	34.1706	-118.8376	129339
thrissur	Thrissur	10.5167	76.2167	315957
thu dau mot	Thủ Dầu Một	10.9804	106.6519	373105
thu gjuc	Thủ Đức	10.8486	106.7721	524670
thuan an	Thuận An	10.9239	106.7143	588616
thuan thanh	Thuận Thanh	21.046	106.079	199577
thunder bay	Thunder Bay	48.382	-89.2502	108843
thung khru	Thung Khru	13.6285	100.5095	116473
thuqbah	Thuqbah	26.2602	50.2049	248888
thuận an	Thuận An	10.9239	106.7143	588616
thuận thanh	Thuận Thanh	21.046	106.079	199577
thành phố bà rịa	Thành Phố Bà Rịa	10.4963	107.1685	235192
thành phố sông công	Thành phố Sông Công	21.4772	105.8414	128357
thái nguyên	Thái Nguyên	21.5942	105.8482	420000
thāne	Thāne	19.197	72.9635	1841488
thānesar	Thānesar	29.9732	76.8321	155152
thị trấn thuận châu	Thị Trấn Thuận Châu	21.4385	103.69	153000
thị trấn đông triều	Thị Trấn Đông Triều	21.0824	106.5138	248896
thị trấn đại từ	Thị Trấn Đại Từ	21.6338	105.6377	179192
thốt nốt	Thốt Nốt	10.2721	105.5338	158225
thới lai	Thới Lai	10.0652	105.5586	109684
thủ dầu một	Thủ Dầu Một	10.9804	106.6519	373105
thủ đức	Thủ Đức	10.8486	106.7721	524670
tianfu	Tianfu	37.2637	122.0523	115370
tianjin	Tianjin	39.1422	117.1767	13866009
tianshui	Tianshui	34.5795	105.7424	1212791
tiaret	Tiaret	35.371	1.317	178915
tiebo	Tiébo	14.6333	-16.2333	100289
tieli	Tieli	46.9754	128.048	107621
tieling	Tieling	42.2931	123.8414	2388294
tigwav	Tigwav	18.4312	-72.8652	117504
tijuana	Tijuana	32.5027	-117.0037	1922523
tilburg	Tilburg	51.5555	5.0913	221947
tima	Ţimā	26.9084	31.4347	101130
timika	Timika	-4.6141	136.6768	142909
timisoara	Timişoara	45.7537	21.2257	250849
timişoara	Timişoara	45.7537	21.2257	250849
timon	Timon	-5.0942	-42.8367	174465
tin shui wai	Tin Shui Wai	22.4568	114.0023	286232
tinaquillo	Tinaquillo	9.9186	-68.3047	115937
tinh bien	Tịnh Biên	10.5959	104.9367	143098
tinsukia	Tinsukia	27.489	95.3599	116322
tirana	Tirana	41.3274	19.8187	418495
tiraspol	Tiraspol	46.8428	29.6284	157000
tirmiz	Tirmiz	37.2242	67.2783	182800
tiruchirappalli	Tiruchirappalli	10.8155	78.6965	1022518
tirunelveli	Tirunelveli	8.7274	77.6838	1435844
tirupati	Tirupati	13.6355	79.4199	295323
tiruppur	Tiruppur	11.1154	77.3546	963173
tiruvannamalai	Tiruvannamalai	12.2266	79.0746	145278
tiruvottiyur	Tiruvottiyūr	13.1582	80.3018	249446
tiruvottiyūr	Tiruvottiyūr	13.1582	80.3018	249446
titagarh	Titāgarh	22.7425	88.3733	127751
titiwangsa	Titiwangsa	3.1782	101.7031	122096
titāgarh	Titāgarh	22.7425	88.3733	127751
tivaouane	Tivaouane	14.9519	-16.8152	102658
tizi ouzou	Tizi Ouzou	36.7118	4.0459	104312
tiébo	Tiébo	14.6333	-16.2333	100289
tlahuac	Tláhuac	19.2869	-99.0051	305076
tlalnepantla	Tlalnepantla	19.5401	-99.1954	653410
tlalpan	Tlalpan	19.2951	-99.1621	574577
tlaquepaque	Tlaquepaque	20.6412	-103.2934	650123
tlemcen	Tlemcen	34.8783	-1.315	173531
tláhuac	Tláhuac	19.2869	-99.0051	305076
toa payoh new town	Toa Payoh New Town	1.3361	103.85	120650
toamasina	Toamasina	-18.1492	49.4023	345107
toba tek singh	Toba Tek Singh	30.9713	72.4827	123102
tobolsk	Tobolsk	58.1981	68.2546	113800
tobruk	Tobruk	32.0896	23.9538	141499
tochigi	Tochigi	36.3833	139.7333	159056
tocoa	Tocoa	15.6833	-86.0	111972
tokai	Tōkai	35.0227	136.9089	113787
tokat	Tokat	40.3139	36.5544	129702
tokch'on	Tŏkch’ŏn	39.7526	126.258	237133
tokorozawa	Tokorozawa	35.7992	139.469	344194
tokoza	Tokoza	-26.36	28.129	106000
tokushima	Tokushima	34.0667	134.5667	267345
tokuyama	Tokuyama	34.05	131.8167	101133
tokyo	Tokyo	35.6895	139.6917	9733276
toledo	Toledo	41.6639	-83.5552	265638
toli-toli	Toli-Toli	1.0402	120.8176	242783
toliara	Toliara	-23.35	43.6667	178725
toluca	Toluca	19.2879	-99.6532	489333
tolyatti	Tolyatti	53.5303	49.3461	702879
tomakomai	Tomakomai	42.6369	141.6033	174806
tomsk	Tomsk	56.5005	84.9822	574002
tonala	Tonalá	20.6226	-103.2417	408759
tonalá	Tonalá	20.6226	-103.2417	408759
tondabayashicho	Tondabayashichō	34.5007	135.6021	132873
tondabayashichō	Tondabayashichō	34.5007	135.6021	132873
tongchuan	Tongchuan	34.8988	108.9506	417740
tongchuanshi	Tongchuanshi	35.0747	109.085	223603
tonghua	Tonghua	41.7197	125.9264	510000
tongliao	Tongliao	43.6125	122.2653	261110
tongling	Tongling	30.95	117.7833	402062
tongren	Tongren	35.5148	102.016	103700
tongshan	Tongshan	34.1805	117.1571	329661
tongzhou	Tongzhou	39.904	116.6618	163326
tonk	Tonk	26.1664	75.7882	165294
toowoomba	Toowoomba	-27.5606	151.9539	142163
topeka	Topeka	39.0483	-95.678	125963
torbat-e heydariyeh	Torbat-e Ḩeydarīyeh	35.274	59.2195	140019
torbat-e ḩeydarīyeh	Torbat-e Ḩeydarīyeh	35.274	59.2195	140019
tordher	Tordher	33.9905	72.2863	150000
toride	Toride	35.9	140.0833	104524
toronto	Toronto	43.7064	-79.3986	2794356
torrance	Torrance	33.8359	-118.3406	143592
torrejon de ardoz	Torrejón de Ardoz	40.4554	-3.4697	118162
torrejón de ardoz	Torrejón de Ardoz	40.4554	-3.4697	118162
torreon	Torreón	25.5439	-103.419	735340
torreón	Torreón	25.5439	-103.419	735340
torun	Toruń	53.0138	18.5981	196935
toruń	Toruń	53.0138	18.5981	196935
toshima	Toshima	35.7613	139.7449	301599
totonicapan	Totonicapán	14.9119	-91.3605	103952
totonicapán	Totonicapán	14.9119	-91.3605	103952
tottenham	Tottenham	51.6037	-0.0679	130000
tottori-shi	Tottori-shi	35.5	134.2333	188465
touba	Touba	14.8623	-15.8753	1120824
toufen	Toufen	24.6875	120.9094	106310
touggourt	Touggourt	33.1108	6.07	143270
toulon	Toulon	43.1244	5.9284	168701
toulouse	Toulouse	43.6043	1.4437	511684
tours	Tours	47.3948	0.704	141621
townsville	Townsville	-19.2664	146.8057	201313
toyama	Toyama	36.7	137.2167	415844
toyohashi	Toyohashi	34.7667	137.3833	377453
toyokawa	Toyokawa	34.8167	137.4	184661
toyonaka	Toyonaka	34.7824	135.4693	401558
toyota	Toyota	35.0833	137.15	426162
tra vinh	Trà Vinh	9.9472	106.3423	160310
trabzon	Trabzon	41.005	39.7269	244083
trang bang	Trảng Bàng	11.0299	106.3575	161831
trento	Trento	46.0679	11.1211	120709
tres lagoas	Três Lagoas	-20.7876	-51.7034	143523
tri-cities	Tri-Cities	46.2454	-119.1962	244036
trier	Trier	49.7557	6.6394	100129
trieste	Trieste	45.6495	13.7768	204338
trincomalee	Trincomalee	8.5778	81.2289	108420
trindade	Trindade	-16.6494	-49.4889	142431
tripoli	Tripoli	32.8874	13.1873	1302947
trois-rivieres	Trois-Rivières	46.3451	-72.5477	144472
trois-rivières	Trois-Rivières	46.3451	-72.5477	144472
trondheim	Trondheim	63.4305	10.3951	216518
troparevo	Troparëvo	55.6562	37.485	118000
troparëvo	Troparëvo	55.6562	37.485	118000
trujillo	Trujillo	-8.116	-79.03	1067700
trà vinh	Trà Vinh	9.9472	106.3423	160310
três lagoas	Três Lagoas	-20.7876	-51.7034	143523
trảng bàng	Trảng Bàng	11.0299	106.3575	161831
tsaritsyno	Tsaritsyno	55.6254	37.6503	123000
tsentralno-miskyi	Tsentralno-Miskyi	48.3024	38.0316	118283
tsentralnyi	Tsentralnyi	47.0983	37.5484	179582
tseung kwan o	Tseung Kwan O	22.3279	114.2499	412900
tshikapa	Tshikapa	-6.4162	20.7999	634529
tshilenge	Tshilenge	-10.9667	22.9	116073
tsing yi town	Tsing Yi Town	22.35	114.1	182100
tsu	Tsu	34.7333	136.5167	274537
tsuchiura	Tsuchiura	36.0905	140.2105	144399
tsuen wan	Tsuen Wan	22.3714	114.1133	318916
tsukuba	Tsukuba	36.0833	140.1167	241656
tsuruoka	Tsuruoka	38.7217	139.8217	125389
tsuyama	Tsuyama	35.0521	133.9989	102294
tubarao	Tubarão	-28.4667	-49.0069	116725
tubarão	Tubarão	-28.4667	-49.0069	116725
tucson	Tucson	32.2217	-110.9265	542629
tucurui	Tucuruí	-3.7658	-49.6792	115144
tucuruí	Tucuruí	-3.7658	-49.6792	115144
tuen mun	Tuen Mun	22.3917	113.9716	507900
tuerkmenabat	Türkmenabat	39.0733	63.5786	230861
tuguegarao	Tuguegarao	17.6158	121.7228	167297
tula	Tula	54.1961	37.6182	482873
tulancingo	Tulancingo	20.0805	-98.3683	102406
tulsa	Tulsa	36.154	-95.9928	413066
tulua	Tuluá	4.0847	-76.1954	221684
tuluá	Tuluá	4.0847	-76.1954	221684
tumkur	Tumkūr	13.3414	77.1022	307359
tumkūr	Tumkūr	13.3414	77.1022	307359
tumxuk	Tumxuk	39.8698	79.0612	135727
tunduma	Tunduma	-9.3	32.7667	219309
tung chung	Tung Chung	22.2878	113.9424	114100
tungi	Tungi	23.8915	90.4023	337579
tungipara	Tungipara	22.8998	89.9033	114482
tunis	Tunis	36.819	10.1658	693210
tunja	Tunja	5.5448	-73.3576	172548
tuong mai	Tương Mai	20.9888	105.8552	136292
turgutlu	Turgutlu	38.4953	27.6997	103292
turhal	Turhal	40.3875	36.0811	110884
turin	Turin	45.0705	7.6868	847287
turkistan	Turkistan	43.2946	68.2569	227098
turku	Turku	60.4515	22.2687	206655
turmero	Turmero	10.2286	-67.4742	344700
turpan	Turpan	42.9477	89.1789	273385
tuscaloosa	Tuscaloosa	33.2098	-87.5692	111338
tuxtepec	Tuxtepec	18.0883	-96.1253	159452
tuxtla	Tuxtla	16.7536	-93.1158	604147
tuy hoa	Tuy Hòa	13.0955	109.3209	155921
tuy hòa	Tuy Hòa	13.0955	109.3209	155921
tuyen quang	Tuyên Quang	21.8236	105.2142	104645
tuyên quang	Tuyên Quang	21.8236	105.2142	104645
tuz khurmatu	Ţūz Khūrmātū	34.8881	44.6326	120712
tuzla	Tuzla	44.5384	18.6671	142486
tver	Tver	56.8584	35.9006	420065
twifu praso	Twifu Praso	5.6141	-1.5502	100851
tychy	Tychy	50.1372	18.9664	130000
tyler	Tyler	32.3513	-95.3011	103700
tyoply stan	Tyoply Stan	55.6205	37.4934	125000
tyre	Tyre	33.2733	35.1939	135204
tyumen	Tyumen	57.1522	65.5272	768358
táriba	Táriba	7.8212	-72.2233	138402
tân an	Tân An	10.5359	106.4137	215250
tân châu	Tân Châu	10.7983	105.2389	175211
târgu mureş	Târgu Mureş	46.5425	24.5575	212752
tây hồ	Tây Hồ	21.069	105.8105	168300
tây ninh	Tây Ninh	11.31	106.0983	135254
tébessa	Tébessa	35.4042	8.1242	194461
tétouan	Tétouan	35.5784	-5.3684	415810
türkmenabat	Türkmenabat	39.0733	63.5786	230861
tājūrā’	Tājūrā’	32.8817	13.3506	100000
tōkai	Tōkai	35.0227	136.9089	113787
tŏkch’ŏn	Tŏkch’ŏn	39.7526	126.258	237133
tương mai	Tương Mai	20.9888	105.8552	136292
tịnh biên	Tịnh Biên	10.5959	104.9367	143098
uba	Ubá	-21.12	-42.9428	107423
ube	Ube	33.9431	131.2511	173733
uberaba	Uberaba	-19.7483	-47.9319	356781
uberlandia	Uberlândia	-18.9186	-48.2772	754954
uberlândia	Uberlândia	-18.9186	-48.2772	754954
ubon ratchathani	Ubon Ratchathani	15.2384	104.8487	122533
ubá	Ubá	-21.12	-42.9428	107423
udaipur	Udaipur	24.5858	73.7135	451100
udgir	Udgīr	18.3926	77.1176	103550
udgīr	Udgīr	18.3926	77.1176	103550
udine	Udine	46.0693	13.2371	100170
udon thani	Udon Thani	17.4157	102.7859	130531
udupi	Udupi	13.3347	74.7462	165000
ueda	Ueda	36.4027	138.2816	157480
ueruemqi	Ürümqi	43.801	87.6005	4054000
ueskuedar	Üsküdar	41.0227	29.0137	524452
ufa	Ufa	54.7431	55.9678	1120547
ugep	Ugep	5.8087	8.081	200276
uige	Uíge	-7.6087	15.0613	322531
uijeongbu-si	Uijeongbu-si	37.7415	127.0474	479141
uji	Uji	34.8904	135.8032	192925
ujjain	Ujjain	23.1824	75.7764	515215
ujpest	Újpest	47.5686	19.0846	100694
ukhta	Ukhta	63.569	53.6914	102187
ulan bator	Ulan Bator	47.9077	106.8832	844818
ulan-ude	Ulan-Ude	51.8265	107.5998	360278
ulanhot	Ulanhot	46.0833	122.0833	356035
ulanqab	Ulanqab	40.993	113.133	550231
ulhasnagar	Ulhasnagar	19.2167	73.15	516584
ullyul	Ŭllyul	38.5139	125.1897	107997
ulm	Ulm	48.3984	9.9916	120451
ulsan	Ulsan	35.5372	129.3167	1098421
ulu bedok	Ulu Bedok	1.3333	103.9333	276990
uluberiya	Uluberiya	22.4756	88.099	235345
ulyanovsk	Ulyanovsk	54.3282	48.3866	626540
umarkot	Umarkot	25.3633	69.7418	144558
umea	Umeå	63.8284	20.2597	130224
umeå	Umeå	63.8284	20.2597	130224
umm qasr	Umm Qaşr	30.0362	47.9195	107620
umm qaşr	Umm Qaşr	30.0362	47.9195	107620
umraniye	Umraniye	41.0164	29.1248	573265
umuahia	Umuahia	5.5249	7.4946	370000
umuarama	Umuarama	-23.7664	-53.325	123059
unaizah	Unaizah	26.1	44.0	183319
ungaran	Ungaran	-7.1397	110.405	171378
universal city	Universal City	34.1389	-118.3534	105000
unnao	Unnāo	26.5471	80.4878	161671
unnāo	Unnāo	26.5471	80.4878	161671
upata	Upata	8.0162	-62.4056	112617
uppal kalan	Uppal Kalan	17.4058	78.5591	118259
upper west side	Upper West Side	40.7871	-73.9754	226989
uppsala	Uppsala	59.8588	17.6389	177074
urasoe	Urasoe	26.259	127.7301	115690
urayasu	Urayasu	35.6588	139.9006	171362
urdaneta	Urdaneta	15.9761	120.5711	145935
urganch	Urganch	41.5518	60.6314	145000
uromi	Uromi	6.7	6.3333	108608
ursynow	Ursynów	52.1505	21.0504	149775
ursynów	Ursynów	52.1505	21.0504	149775
uruapan	Uruapan	19.4168	-102.0584	299523
uruguaiana	Uruguaiana	-29.7547	-57.0883	120819
uruma	Uruma	26.3761	127.8591	125303
usak	Uşak	38.6735	29.4058	369433
usera	Usera	40.3887	-3.7003	141189
ussuriysk	Ussuriysk	43.8047	131.9573	157068
ust'-ilimsk	Ust’-Ilimsk	58.0006	102.6619	100271
ust-kamenogorsk	Ust-Kamenogorsk	49.9714	82.6059	319067
ust’-ilimsk	Ust’-Ilimsk	58.0006	102.6619	100271
utrecht	Utrecht	52.0908	5.1222	376435
utsunomiya	Utsunomiya	36.5667	139.8833	518757
uvira	Uvira	-3.3953	29.1378	407092
uyo	Uyo	5.0513	7.9335	436606
uzhhorod	Uzhhorod	48.6242	22.2947	115449
uíge	Uíge	-7.6087	15.0613	322531
uşak	Uşak	38.6735	29.4058	369433
vacoas	Vacoas	-20.2981	57.4783	115289
vadodara	Vadodara	22.2994	73.2081	1822221
vaesteras	Västerås	59.6162	16.5528	127799
valdivia	Valdivia	-39.8142	-73.2459	133419
valencia	Valencia	10.1615	-68.0004	1619470
valenzuela	Valenzuela	14.7	120.9667	725173
valera	Valera	9.3178	-70.6036	244708
valinhos	Valinhos	-22.9706	-46.9958	132258
valladolid	Valladolid	41.6554	-4.7235	300618
valle de la pascua	Valle de La Pascua	9.2155	-66.0073	153136
valledupar	Valledupar	10.4654	-73.2531	490075
vallejo	Vallejo	38.1041	-122.2566	121692
valparaiso	Valparaíso	-33.036	-71.6296	282448
valparaiso de goias	Valparaíso de Goiás	-16.0658	-47.9786	218416
valparaíso	Valparaíso	-33.036	-71.6296	282448
valparaíso de goiás	Valparaíso de Goiás	-16.0658	-47.9786	218416
valsad	Valsād	20.6101	72.9343	139764
valsād	Valsād	20.6101	72.9343	139764
van	Van	38.4946	43.3832	525016
van nuys	Van Nuys	34.1867	-118.449	136443
vancouver	Vancouver	49.2497	-123.1193	662248
vanderbijlpark	Vanderbijlpark	-26.7117	27.8379	246754
vantaa	Vantaa	60.2941	25.041	252724
vapi	Vapi	20.3717	72.9049	163630
varamin	Varāmīn	35.3242	51.6457	225628
varanasi	Varanasi	25.3167	83.0104	1164404
varginha	Varginha	-21.5514	-45.4303	136467
varna	Varna	43.2191	27.9102	318737
varzea grande	Várzea Grande	-15.6467	-56.1325	300078
varzea paulista	Várzea Paulista	-23.2114	-46.8283	115771
varāmīn	Varāmīn	35.3242	51.6457	225628
vasco da gama	Vasco da Gama	15.3958	73.8157	100485
vasyl'evsky ostrov	Vasyl'evsky Ostrov	59.9409	30.2538	203058
vaughan	Vaughan	43.8361	-79.4983	323103
vedado	Vedado	23.1377	-82.3934	108369
vegas	Las Vegas	36.175	-115.1372	641903
vejalpur	Vejalpur	22.6902	73.563	121610
velikiy novgorod	Velikiy Novgorod	58.5213	31.271	222868
velikiye luki	Velikiye Luki	56.3406	30.5438	103149
vellore	Vellore	12.9184	79.1325	484690
venlo	Venlo	51.37	6.1681	101988
venustiano carranza	Venustiano Carranza	19.4436	-99.105	430978
veracruz	Veracruz	19.1809	-96.1429	428323
veraval	Verāval	20.9077	70.3679	171121
vereeniging	Vereeniging	-26.6731	27.9261	474681
verhunskyi	Verhunskyi	48.5857	39.3716	185593
verona	Verona	45.4385	10.9938	258031
verāval	Verāval	20.9077	70.3679	171121
veshnyaki	Veshnyaki	55.7239	37.8195	122000
vespasiano	Vespasiano	-19.6919	-43.9233	138583
viamao	Viamão	-30.0811	-51.0233	231996
viamão	Viamão	-30.0811	-51.0233	231996
viana	Viana	-8.9055	13.375	865863
vicenza	Vicenza	45.5467	11.5475	111980
victoria	Victoria	22.2875	114.1442	956800
victoria de durango	Victoria de Durango	24.0203	-104.6576	518709
victorville	Victorville	34.5361	-117.2912	122225
vidisha	Vidisha	23.526	77.8109	155951
vienna	Vienna	48.2085	16.3721	1691468
vientiane	Vientiane	17.9667	102.6	840940
viet tri	Việt Trì	21.3227	105.402	415280
viet yen	Việt Yên	21.2667	106.1333	205900
vigo	Vigo	42.2328	-8.7226	293642
vihari	Vihari	30.0445	72.3556	112840
vijayapura	Vijayapura	16.8244	75.7154	327427
vijayawada	Vijayawada	16.5074	80.6466	1143232
vila andrade	Vila Andrade	-23.6262	-46.7283	168669
vila curuca	Vila Curuca	-23.51	-46.4157	140673
vila flor	Vila Flor	-8.9801	13.3078	256066
vila jacui	Vila Jacui	-23.5026	-46.4616	134189
vila maria	Vila Maria	-23.5141	-46.5862	108543
vila mariana	Vila Mariana	-23.5883	-46.6346	127286
vila matilde	Vila Matilde	-23.5394	-46.5179	103558
vila medeiros	Vila Medeiros	-23.4887	-46.5776	114839
vila prudente	Vila Prudente	-23.5925	-46.5728	105590
vila velha	Vila Velha	-20.3297	-40.2925	394930
vilhena	Vilhena	-12.7406	-60.1458	109651
vilkhivskyi	Vilkhivskyi	48.5433	39.282	126340
villa canales	Villa Canales	14.4828	-90.5343	155423
villa lugano	Villa Lugano	-34.6791	-58.4726	114000
villa mercedes	Villa Mercedes	-37.4042	-71.9795	131936
villa nueva	Villa Nueva	14.5251	-90.5854	618397
villahermosa	Villahermosa	17.9862	-92.9393	353577
villaverde	Villaverde	40.35	-3.7	126802
villavicencio	Villavicencio	4.1324	-73.6256	321717
ville-marie	Ville-Marie	45.499	-73.5705	104944
villeray-saint-michel-parc-extension	Villeray–Saint-Michel–Parc-Extension	45.5587	-73.6054	144814
villeray–saint-michel–parc-extension	Villeray–Saint-Michel–Parc-Extension	45.5587	-73.6054	144814
villeurbanne	Villeurbanne	45.766	4.8795	131445
vilnius	Vilnius	54.6892	25.2798	542366
vina del mar	Viña del Mar	-33.0246	-71.5518	334248
vinh	Vinh	18.6734	105.6923	790000
vinh chau	Vĩnh Châu	9.3244	105.9801	183918
vinh long	Vĩnh Long	10.2537	105.9722	137870
vinh yen	Vĩnh Yên	21.3089	105.6049	119128
vinnytsya	Vinnytsya	49.2322	28.4687	430091
viransehir	Viranşehir	37.2235	39.7552	154163
viranşehir	Viranşehir	37.2235	39.7552	154163
virar	Virār	19.4559	72.8114	1222390
virginia	Virginia	-28.1039	26.8659	122502
virginia beach	Virginia Beach	36.8529	-75.978	454808
virār	Virār	19.4559	72.8114	1222390
visakhapatnam	Visakhapatnam	17.6801	83.2016	1063178
visalia	Visalia	36.3302	-119.2921	130104
viseu	Viseu	40.6617	-7.909	103502
vista	Vista	33.2	-117.2425	100890
vitebsk	Vitebsk	55.1904	30.2049	358927
vitoria	Vitória	-20.3194	-40.3378	312656
vitoria da conquista	Vitória da Conquista	-14.8661	-40.8394	396613
vitoria de santo antao	Vitória de Santo Antão	-8.1181	-35.2914	134084
vitória	Vitória	-20.3194	-40.3378	312656
vitória da conquista	Vitória da Conquista	-14.8661	-40.8394	396613
vitória de santo antão	Vitória de Santo Antão	-8.1181	-35.2914	134084
vizianagaram	Vizianagaram	18.1169	83.4115	228720
viña del mar	Viña del Mar	-33.0246	-71.5518	334248
việt trì	Việt Trì	21.3227	105.402	415280
việt yên	Việt Yên	21.2667	106.1333	205900
vladikavkaz	Vladikavkaz	43.041	44.6699	306258
vladimir	Vladimir	56.1385	40.3998	357024
vladivostok	Vladivostok	43.1056	131.8735	604901
vlore	Vlorë	40.4696	19.4838	115261
vlorë	Vlorë	40.4696	19.4838	115261
volgodonsk	Volgodonsk	47.5114	42.1527	167731
volgograd	Volgograd	48.7138	44.4976	1013533
vologda	Vologda	59.2239	39.884	312420
volta redonda	Volta Redonda	-22.5231	-44.1042	279971
volzhsky	Volzhsky	48.7858	44.7797	323293
voronezh	Voronezh	51.6683	39.192	1047549
votorantim	Votorantim	-23.5467	-47.4378	133510
votuporanga	Votuporanga	-20.4228	-49.9728	100568
vryheid	Vryheid	-27.7695	30.7917	150012
vung tau	Vũng Tàu	10.346	107.0843	464860
vyhurivshchyna-troyeshchyna	Vyhurivshchyna-Troyeshchyna	50.5114	30.6025	240000
vykhino-zhulebino	Vykhino-Zhulebino	55.702	37.8118	216000
várzea grande	Várzea Grande	-15.6467	-56.1325	300078
várzea paulista	Várzea Paulista	-23.2114	-46.8283	115771
västerås	Västerås	59.6162	16.5528	127799
vĩnh châu	Vĩnh Châu	9.3244	105.9801	183918
vĩnh long	Vĩnh Long	10.2537	105.9722	137870
vĩnh yên	Vĩnh Yên	21.3089	105.6049	119128
vũng tàu	Vũng Tàu	10.346	107.0843	464860
waco	Waco	31.5493	-97.1467	132356
wad medani	Wad Medani	14.4012	33.5199	332714
wadi as sir	Wādī as Sīr	31.9545	35.8183	181212
wafangdian	Wafangdian	39.6183	122.0081	454338
wah cantt	Wah Cantt	33.7709	72.7512	400733
wakayama	Wakayama	34.2333	135.1667	356729
wakefield	Wakefield	53.6833	-1.4977	109766
walbrzych	Wałbrzych	50.7714	16.2843	127431
walsall	Walsall	52.5853	-1.984	172141
walthamstow	Walthamstow	51.5907	-0.0208	109424
wan chai	Wan Chai	22.2814	114.1726	166695
wandsbek	Wandsbek	53.5833	10.0831	411422
wang thonglang	Wang Thonglang	13.7855	100.6116	114768
wangsa maju	Wangsa Maju	3.2006	101.7397	215600
wanning	Wanning	18.7993	110.3841	545992
wansheng	Wansheng	28.9629	106.9284	113751
wanxian	Wanxian	30.816	108.3741	859662
wanzhou	Wanzhou	30.7645	108.3959	1545900
warangal	Warangal	18.0	79.5833	704570
warder	Warder	6.9744	45.3408	450400
wardha	Wardha	20.7393	78.5978	113759
warisan	Warīsān	25.1674	55.4071	108759
warren	Warren	42.4904	-83.013	134056
warri	Warri	5.5174	5.7501	910000
warrington	Warrington	53.3925	-2.5802	172330
warsaw	Warsaw	52.2298	21.0118	1702139
warīsān	Warīsān	25.1674	55.4071	108759
washington	Washington	38.8951	-77.0364	689545
washington heights	Washington Heights	40.8501	-73.9354	152613
watampone	Watampone	-4.5386	120.3279	149336
waterbury	Waterbury	41.5581	-73.0515	108802
waterloo	Waterloo	43.4668	-80.5164	104986
watford	Watford	51.6553	-0.396	125707
watthana	Watthana	13.7298	100.5854	171150
wau	Wau	7.7011	27.9897	127384
wayaobu	Wayaobu	37.1361	109.6597	113698
wazirabad	Wazirabad	32.4432	74.12	152624
wałbrzych	Wałbrzych	50.7714	16.2843	127431
weifang	Weifang	36.71	119.1019	9386705
weihai	Weihai	37.5091	122.1136	844310
weinan	Weinan	34.5035	109.5089	1199290
weldiya	Weldiya	11.8277	39.5916	104000
welkom	Welkom	-27.9774	26.7351	431944
wellington	Wellington	-41.2866	174.7756	381900
wenchang	Wenchang	19.5516	110.8028	560894
wenling	Wenling	28.3752	121.3842	1366000
wenshan city	Wenshan City	23.3631	104.2505	450000
wenshang	Wenshang	35.7275	116.4961	824710
wenzhou	Wenzhou	27.9994	120.6668	2650000
weru	Weru	-6.711	108.5037	139004
west bromwich	West Bromwich	52.5187	-1.9945	103112
west covina	West Covina	34.0686	-117.939	108484
west jerusalem	West Jerusalem	31.782	35.2196	400000
west jordan	West Jordan	40.6097	-111.9391	111946
west palm beach	West Palm Beach	26.7153	-80.0534	120932
west raleigh	West Raleigh	35.7868	-78.6639	338759
west valley city	West Valley City	40.6916	-112.0011	136208
westminster	Westminster	39.8366	-105.0372	116317
westonaria	Westonaria	-26.3191	27.6486	156831
whalley	Whalley	49.1792	-122.8667	102555
whitby	Whitby	43.8834	-78.9329	138501
wichita	Wichita	37.6922	-97.3375	396119
wichita falls	Wichita Falls	33.9137	-98.4934	104710
wiesbaden	Wiesbaden	50.086	8.2444	288850
wigan	Wigan	53.543	-2.6371	175405
willemstad	Willemstad	12.1225	-68.8864	125000
wilmersdorf	Wilmersdorf	52.4833	13.3167	101877
wilmington	Wilmington	34.2356	-77.946	115933
windhoek	Windhoek	-22.5594	17.0832	386219
windsor	Windsor	42.3001	-83.0165	229660
winejok	Winejok	9.0122	27.5708	300000
winnipeg	Winnipeg	49.8844	-97.147	749607
winston-salem	Winston-Salem	36.0999	-80.2442	241218
winterthur	Winterthur	47.5056	8.7241	111840
wloclawek	Włocławek	52.6482	19.0678	120339
woking	Woking	51.319	-0.5589	103900
wola	Wola	52.2348	20.96	140958
wolfsburg	Wolfsburg	52.4245	10.7815	123064
wollongong	Wollongong	-34.424	150.8935	280153
wolverhampton	Wolverhampton	52.5855	-2.123	263700
wong tai sin	Wong Tai Sin	22.35	114.1833	425235
wonju	Wŏnju	37.3514	127.9453	332849
wonsan	Wŏnsan	39.1528	127.4436	329207
woodlands	Woodlands	1.438	103.7888	254440
worcester	Worcester	42.2626	-71.8023	206518
worthing	Worthing	50.818	-0.3754	113866
wroclaw	Wrocław	51.1029	17.0301	672545
wrocław	Wrocław	51.1029	17.0301	672545
wuchang	Wuchang	30.5431	114.3007	1102188
wuchuan	Wuchuan	21.4571	110.7659	907354
wuda	Wuda	39.4994	106.7117	122696
wudan	Wūdān	42.9344	119.0239	138695
wuerzburg	Würzburg	49.7939	9.9512	133731
wugang	Wugang	26.7279	110.632	132457
wuhai	Wuhai	39.6844	106.8158	218427
wuhan	Wuhan	30.5833	114.2667	13739000
wuhu	Wuhu	31.3526	118.4295	1598165
wujiaqu	Wujiaqu	44.1628	87.5217	154400
wuppertal	Wuppertal	51.2563	7.1482	360797
wushan	Wushan	31.0775	109.8764	117873
wuwei	Wuwei	37.9267	102.632	1010295
wuxi	Wuxi	31.5689	120.2886	4396835
wuxue	Wuxue	29.8506	115.5525	220661
wuyishan	Wuyishan	27.7599	118.0307	137133
wuzhishan	Wuzhishan	18.7823	109.5013	112269
wuzhong	Wuzhong	37.9867	106.201	7202654
wuzhou	Wuzhou	23.4805	111.2885	761948
würzburg	Würzburg	49.7939	9.9512	133731
wādī as sīr	Wādī as Sīr	31.9545	35.8183	181212
włocławek	Włocławek	52.6482	19.0678	120339
wŏnju	Wŏnju	37.3514	127.9453	332849
wŏnsan	Wŏnsan	39.1528	127.4436	329207
wūdān	Wūdān	42.9344	119.0239	138695
xai-xai	Xai-Xai	-25.0519	33.6442	154356
xalapa de enriquez	Xalapa de Enríquez	19.5312	-96.9159	424755
xalapa de enríquez	Xalapa de Enríquez	19.5312	-96.9159	424755
xebat	Xebat	36.278	43.6707	148047
xi'an	Xi’an	34.2583	108.9286	12952907
xiamen	Xiamen	24.4798	118.0819	4617251
xiangcheng	Xiangcheng	25.4669	100.5625	121959
xiangtan	Xiangtan	27.85	112.9	959303
xiangxiang	Xiangxiang	27.7333	112.5333	946000
xiangyang	Xiangyang	32.0422	112.1448	1294733
xianning	Xianning	29.8435	114.322	512517
xiantao	Xiantao	30.3708	113.4429	1268715
xianyang	Xianyang	34.3378	108.7026	1034081
xiaogan	Xiaogan	30.9269	113.9222	908266
xiayang	Xiayang	31.1497	121.1159	137321
xiazhen	Xiazhen	34.8022	117.1117	125667
xiazhuang	Xiazhuang	34.9161	118.6389	626800
xichang	Xichang	27.8964	102.2634	481796
xico	Xico	19.2703	-98.9509	384327
xigang	Xigang	38.5526	106.3481	112061
xilin hot	Xilin Hot	43.9667	116.0333	349953
xilinhot	Xilinhot	43.9389	116.0702	349953
ximeicun	Ximeicun	24.9877	118.3858	1663542
xincheng	Xincheng	41.715	82.9325	102752
xindi	Xindi	29.8167	113.4667	175761
xinghua	Xinghua	32.9392	119.8342	105918
xingning	Xingning	24.1483	115.7227	274499
xingtai	Xingtai	37.0622	114.4927	798770
xingyi	Xingyi	25.0962	104.9064	322890
xining	Xining	36.6255	101.7574	2467965
xinji	Xinji	37.926	115.2191	145911
xinmin	Xinmin	41.9908	122.8253	565634
xinqiao	Xinqiao	31.065	121.3075	155856
xintai	Xintai	35.9006	117.7519	222459
xinxiang	Xinxiang	35.1903	113.8015	1047088
xinyang	Xinyang	32.1228	114.0656	6234401
xinyi	Xinyi	22.373	110.9475	1014577
xinyu	Xinyu	27.8043	114.9334	839488
xinyuan	Xinyuan	43.4265	83.2496	282718
xinzhai	Xinzhai	36.4	118.6167	100168
xinzhou	Xinzhou	38.4092	112.7333	544683
xiulin	Xiulin	29.7167	112.4	473707
xiuying	Xiuying	20.0007	110.2936	290000
xiva	Xiva	41.3856	60.3641	115000
xizhi	Xizhi	25.0662	121.6599	204619
xi’an	Xi’an	34.2583	108.9286	12952907
xochimilco	Xochimilco	19.2547	-99.1036	442178
xuan loc	Xuân Lộc	10.9333	107.2333	253140
xuancheng	Xuancheng	30.9525	118.7553	774332
xuanhua	Xuanhua	40.6121	115.0646	373422
xuchang	Xuchang	34.0319	113.863	1265536
xuhui	Xuhui	31.1959	121.4471	1109800
xunchang	Xunchang	28.4543	104.715	118664
xuyong	Xuyong	28.1699	105.4345	108352
xuzhou	Xuzhou	34.2044	117.2839	1253991
xuân lộc	Xuân Lộc	10.9333	107.2333	253140
ya'an	Ya'an	29.9852	102.999	612056
yachiyo	Yachiyo	35.7353	140.1244	199498
yaizu	Yaizu	34.8688	138.3195	139578
yakeshi	Yakeshi	49.2833	120.7333	116284
yakutsk	Yakutsk	62.0311	129.7229	235600
yamagata	Yamagata	38.2333	140.3667	248772
yamaguchi	Yamaguchi	34.1833	131.4667	193966
yamato	Yamato	35.4728	139.451	242065
yamoussoukro	Yamoussoukro	6.8205	-5.2767	275686
yamuna nagar	Yamuna Nagar	30.128	77.2837	217071
yan'an	Yan’an	36.5989	109.4917	475234
yanbu	Yanbu	24.0895	38.0618	200161
yancheng	Yancheng	33.3575	120.1573	1615717
yangcheng	Yangcheng	29.9997	106.256	186242
yangchun	Yangchun	22.1667	111.7833	153547
yangcun	Yangcun	39.3639	117.0603	1153235
yanghang	Yanghang	31.3702	121.4374	204564
yangjiang	Yangjiang	21.8556	111.9627	1292987
yangju	Yangju	37.8331	127.0617	179923
yangon	Yangon	16.8053	96.1561	4477638
yangpu	Yangpu	31.2619	121.519	1210800
yangquan	Yangquan	37.8575	113.5633	731228
yangsan	Yangsan	35.342	129.0336	358074
yangshuo	Yangshuo	24.7808	110.4897	300000
yangzhou	Yangzhou	32.3972	119.4358	4559797
yanji	Yanji	42.8882	129.5024	326957
yanjia	Yanjia	29.8276	106.9973	100000
yantai	Yantai	37.4765	121.4408	7102100
yanzhou	Yanzhou	35.5528	116.8286	553200
yan’an	Yan’an	36.5989	109.4917	475234
yao	Yao	34.6167	135.6	273213
yaounde	Yaoundé	3.8667	11.5167	1299369
yaoundé	Yaoundé	3.8667	11.5167	1299369
yaritagua	Yaritagua	10.0808	-69.1242	113343
yaroslavl	Yaroslavl	57.6299	39.8737	608722
yasenevo	Yasenevo	55.6069	37.5199	180000
yautepec	Yautepec	18.8819	-99.0671	105780
yavatmal	Yavatmāl	20.3932	78.132	128175
yavatmāl	Yavatmāl	20.3932	78.132	128175
yawnghwe	Yawnghwe	20.6597	96.9338	188083
yazd	Yazd	31.8972	54.3675	477905
yei	Yei	4.0944	30.6764	260720
yekaterinburg	Yekaterinburg	56.8573	60.6153	1495066
yelahanka	Yelahanka	13.1007	77.5963	116447
yelets	Yelets	52.6144	38.5093	115688
yen bai	Yên Bái	21.7229	104.9113	100631
yen vinh	Yên Vinh	18.6667	105.6667	107082
yenagoa	Yenagoa	4.9268	6.2676	365000
yenangyaung	Yenangyaung	20.465	94.8712	110553
yengisar	Yengisar	38.9258	76.1714	276641
yeoju	Yeoju	37.2958	127.6339	111897
yeosu	Yeosu	34.7606	127.6621	268823
yerevan	Yerevan	40.1776	44.5126	1144700
yevlakh	Yevlakh	40.6183	47.1501	127400
yevpatoriya	Yevpatoriya	45.2009	33.3665	107040
yezhou	Yezhou	30.6037	109.7233	104839
yibin	Yibin	28.7593	104.6399	836340
yichang	Yichang	30.7144	111.2847	1350150
yichun	Yichun	27.8333	114.4	1045952
yidu	Yidu	36.7712	118.4245	105070
yima	Yima	34.7381	111.8839	147800
yinchuan	Yinchuan	38.4681	106.2731	2859074
yingkou	Yingkou	40.6647	122.2318	591159
yingtan	Yingtan	28.2333	117.0	214229
yintai	Yintai	35.1152	109.097	217509
yishui	Yishui	35.7847	118.6281	1007100
yishun new town	Yishun New Town	1.4333	103.8311	228730
yiwu	Yiwu	29.3151	120.0768	1481384
yixing	Yixing	31.3606	119.8202	1285785
yizhou	Yizhou	24.5	108.6667	155872
yogyakarta	Yogyakarta	-7.8014	110.3647	375699
yokkaichi	Yokkaichi	34.9667	136.6167	305424
yokohama	Yokohama	35.4333	139.65	3777491
yokosuka	Yokosuka	35.2836	139.6672	409478
yola	Yola	9.2084	12.4815	460000
yonago	Yonago	35.4333	133.3333	148720
yong'an	Yong’an	31.0189	109.4595	144314
yongchuan	Yongchuan	29.3538	105.8939	192954
yongji	Yongji	34.8661	110.4403	452000
yongkang	Yongkang	23.0244	120.2556	233730
yongzhou	Yongzhou	26.4239	111.6131	1020715
yong’an	Yong’an	31.0189	109.4595	144314
yonkers	Yonkers	40.9304	-73.8979	201116
yono	Yono	35.8833	139.6333	102364
yopal	Yopal	5.3357	-72.3939	168433
york	York	53.9576	-1.0827	156135
yoshkar-ola	Yoshkar-Ola	56.6388	47.8908	268272
youkaichi	Youkaichi	35.1163	136.1977	112819
yuanlin	Yuanlin	23.9567	120.5761	124725
yuanping	Yuanping	38.7153	112.7575	526000
yuci	Yuci	37.6803	112.7319	235929
yuen long	Yuen Long	22.4452	114.0262	200000
yuen long kau hui	Yuen Long Kau Hui	22.4483	114.032	169600
yuen long san hui	Yuen Long San Hui	22.4333	114.0333	200000
yuepu	Yuepu	31.4269	121.4214	139328
yueyang	Yueyang	29.3745	113.0948	991465
yulin	Yulin	22.6305	110.1469	1056743
yuncheng	Yuncheng	35.0231	110.9928	680036
yunfu	Yunfu	22.9279	112.0381	2612800
yunjinghong	Yunjinghong	22.0148	100.7984	205523
yunlong	Yunlong	34.2528	117.2517	345393
yunusobod	Yunusobod	41.3714	69.2794	352000
yushu	Yushu	33.0012	97.0089	141308
yuxi	Yuxi	24.355	102.5422	103829
yuyao	Yuyao	30.05	121.1494	114177
yuzhno-sakhalinsk	Yuzhno-Sakhalinsk	46.9543	142.7356	198973
yên bái	Yên Bái	21.7229	104.9113	100631
yên vinh	Yên Vinh	18.6667	105.6667	107082
zaanstad	Zaanstad	52.4531	4.8136	140085
zabol	Zābol	31.0306	61.4949	121989
zabrze	Zabrze	50.3249	18.7858	192177
zacatecas	Zacatecas	22.7684	-102.5814	129011
zagazig	Zagazig	30.5877	31.502	430445
zagreb	Zagreb	45.8144	15.978	663592
zahedan	Zahedan	29.4963	60.8629	551980
zama	Zama	35.4879	139.391	132325
zamboanga	Zamboanga	6.9103	122.0739	1018849
zamora de hidalgo	Zamora de Hidalgo	19.984	-102.2863	186102
zango	Zango	-9.0121	13.3844	198538
zanjan	Zanjan	36.6764	48.4963	357471
zanzibar	Zanzibar	-6.1639	39.1979	709809
zaoyang	Zaoyang	32.1272	112.7542	888794
zaozhuang	Zaozhuang	34.8647	117.5542	3855601
zapopan	Zapopan	20.7211	-103.3874	1476491
zaporizhzhya	Zaporizhzhya	47.8517	35.1171	710052
zaragoza	Zaragoza	41.6561	-0.8773	686986
zaria	Zaria	11.1113	7.7227	980000
zarichnyi	Zarichnyi	50.9038	34.8093	150694
zarqa	Zarqa	32.0727	36.088	792665
zawiya	Zawiya	32.7522	12.7278	186123
zefta	Zefta	30.7142	31.2443	111700
zelenograd	Zelenograd	55.9825	37.1814	215727
zemun	Zemun	44.8458	20.4012	155591
zenica	Zenica	44.2017	17.904	164423
zeytinburnu	Zeytinburnu	40.9944	28.9042	280896
zhabei	Zhabei	31.2586	121.4597	840000
zhalantun	Zhalantun	48.0095	122.7365	132224
zhanaozen	Zhanaozen	43.3412	52.8619	103598
zhangjiagang	Zhangjiagang	31.865	120.5389	1432044
zhangjiajie	Zhangjiajie	29.1294	110.4783	441804
zhangjiakou	Zhangjiakou	40.7834	114.8714	692602
zhangye	Zhangye	38.9342	100.4517	507433
zhangzhou	Zhangzhou	24.5133	117.6556	589831
zhanjiang	Zhanjiang	21.2339	110.3875	1400709
zhaodong	Zhaodong	46.0522	125.9552	154406
zhaoqing	Zhaoqing	23.0489	112.4609	1553109
zhaotong	Zhaotong	27.3167	103.7167	787845
zhaoyuan	Zhaoyuan	37.365	120.41	120000
zhaozhou	Zhaozhou	45.706	125.2661	114009
zheleznodorozhnyy	Zheleznodorozhnyy	55.744	38.0168	141648
zhengding	Zhengding	38.145	114.5656	193524
zhengzhou	Zhengzhou	34.7578	113.6486	12600574
zhenjiang	Zhenjiang	32.2109	119.4551	950516
zhenping	Zhenping	33.0346	112.2276	181528
zhenzhou	Zhenzhou	32.2803	119.17	176006
zhezqazghan	Zhezqazghan	47.7941	67.7063	104357
zhicheng	Zhicheng	30.2956	111.5047	159383
zhijiang	Zhijiang	30.4214	111.7533	408487
zhonghe	Zhonghe	28.4505	108.989	105003
zhongshan	Zhongshan	22.5231	113.3791	3841873
zhongwei	Zhongwei	37.5113	105.1907	1174600
zhongxiang	Zhongxiang	31.1661	112.5831	868897
zhongxing	Zhongxing	33.7039	118.6792	829562
zhoucun	Zhoucun	36.8167	117.8167	122402
zhoukou	Zhoukou	33.6333	114.6333	505171
zhoushan	Zhoushan	29.9887	122.2049	882932
zhu cheng city	Zhu Cheng City	35.995	119.4026	1000000
zhuanghe	Zhuanghe	39.7008	122.9911	742496
zhubei	Zhubei	24.8383	121.0078	212695
zhucheng	Zhucheng	35.9947	119.3975	499285
zhuhai	Zhuhai	22.2769	113.5678	2207090
zhuji	Zhuji	29.7188	120.2423	110721
zhujing	Zhujing	30.901	121.1597	120084
zhulebino	Zhulebino	55.7	37.85	150000
zhumadian	Zhumadian	32.9838	114.0259	721670
zhuzhou	Zhuzhou	27.8333	113.15	1129687
zhytomyr	Zhytomyr	50.2623	28.6791	261624
zibo	Zibo	36.7906	118.0633	4704138
zielona gora	Zielona Góra	51.9355	15.5064	118433
zielona góra	Zielona Góra	51.9355	15.5064	118433
zigong	Zigong	29.3416	104.7769	1262064
ziguinchor	Ziguinchor	12.568	-16.2733	214874
zinder	Zinder	13.8072	8.9881	318874
zipaquira	Zipaquirá	5.0221	-74.0048	130432
zipaquirá	Zipaquirá	5.0221	-74.0048	130432
zitong	Zitong	30.1782	105.8299	212819
ziyang	Ziyang	30.1211	104.6481	905729
zlatoust	Zlatoust	55.1718	59.6547	191366
zliten	Zliten	32.4674	14.5687	203790
zoetermeer	Zoetermeer	52.0575	4.4931	115845
zomba	Zomba	-15.386	35.3188	118440
zonguldak	Zonguldak	41.4514	31.7931	101749
zoucheng	Zoucheng	35.4006	116.9656	1155400
zuerich	Zürich	47.3667	8.55	415367
zuglo	Zugló	47.5176	19.1055	130000
zugló	Zugló	47.5176	19.1055	130000
zumpango	Zumpango	19.7967	-99.0995	280455
zunyi	Zunyi	27.6867	106.9072	2037775
zwolle	Zwolle	52.5125	6.0944	129840
zyablikovo	Zyablikovo	55.6167	37.7667	129000
zyuzino	Zyuzino	55.6561	37.5685	121000
zürich	Zürich	47.3667	8.55	415367
zābol	Zābol	31.0306	61.4949	121989
águas claras	Águas Claras	-15.8397	-48.0267	128486
águas lindas de goiás	Águas Lindas de Goiás	-15.7619	-48.2817	245352
álvaro obregón	Álvaro Obregón	19.3587	-99.2033	726664
århus	Århus	56.1567	10.2108	285273
çanakkale	Çanakkale	40.1555	26.4127	143622
çankaya	Çankaya	39.9179	32.8627	792189
çiğli	Çiğli	38.4965	27.0703	214065
çorlu	Çorlu	41.1607	27.8009	202578
çorum	Çorum	40.5489	34.9533	269595
ébolowa	Ébolowa	2.9	11.15	101363
ðà lạt	Ðà Lạt	11.9465	108.4419	258014
ðông hà	Ðông Hà	16.8163	107.1003	164228
ñuñoa	Ñuñoa	-33.4474	-70.5828	255823
ô môn	Ô Môn	10.1097	105.6232	129683
örebro	Örebro	59.2741	15.2066	155989
újpest	Újpest	47.5686	19.0846	100694
ürümqi	Ürümqi	43.801	87.6005	4054000
üsküdar	Üsküdar	41.0227	29.0137	524452
ādilābād	Ādilābād	19.672	78.5359	118526
ādīgrat	Ādīgrat	14.277	39.462	121800
ālā'ĕr	Ālā'ĕr	40.5418	81.2657	126259
āmol	Āmol	36.4696	52.3507	237528
ārabī	Ārabī	9.9628	42.4928	148933
āsansol	Āsansol	23.6833	86.9833	504271
āsela	Āsela	7.95	39.1333	139500
čačak	Čačak	43.8914	20.3497	117072
điện bàn	Điện Bàn	15.8885	108.2545	226564
đưc trọng	Đưc Trọng	11.7356	108.3733	161232
đống đa	Đống Đa	21.013	105.825	371606
đồng hới	Đồng Hới	17.4688	106.6223	133672
đồng xoài	Đồng Xoài	11.535	106.8832	168000
đức phổ	Đức Phổ	14.8135	108.9593	155743
īlām	Īlām	33.6374	46.4227	140940
īz̄eh	Īz̄eh	31.8303	49.8676	119399
łódź	Łódź	51.7706	19.4739	639890
ōgaki	Ōgaki	35.35	136.6167	161539
ōita	Ōita	33.2333	131.6	477715
ōme	Ōme	35.7839	139.2431	133535
ōmuta	Ōmuta	33.0333	130.45	131974
ōnojō	Ōnojō	33.5357	130.4786	102085
ōsaki	Ōsaki	38.5887	140.973	128763
ōshū	Ōshū	39.1393	141.1685	112937
ōta	Ōta	35.5613	139.716	748081
ōtsu	Ōtsu	35.0	135.8667	345070
şabyā	Şabyā	17.1495	42.6254	228375
şabāḩ as sālim	Şabāḩ as Sālim	29.2572	48.0572	139163
şalālah	Şalālah	17.015	54.0924	163140
şanlıurfa	Şanlıurfa	37.1671	38.7939	449549
şaḩam	Şaḩam	24.1722	56.8886	140000
şişli	Şişli	41.0605	28.9872	314684
ţahţā	Ţahţā	26.7687	31.502	134314
ţalkhā	Ţalkhā	31.0539	31.3779	112851
ţarţūs	Ţarţūs	34.889	35.8866	458327
ţimā	Ţimā	26.9084	31.4347	101130
ţūz khūrmātū	Ţūz Khūrmātū	34.8881	44.6326	120712
ŭllyul	Ŭllyul	38.5139	125.1897	107997
ḩadā’iq al qubbah	Ḩadā’iq al Qubbah	30.0884	31.2835	339612
ḩalwān	Ḩalwān	29.8414	31.3008	230000
ḩamāh	Ḩamāh	35.1318	36.7578	460602
ḩawallī	Ḩawallī	29.3328	48.0286	164212
ḩayy khildā	Ḩayy Khildā	31.992	35.84	251000
ṣuwayliḥ	Ṣuwayliḥ	32.0221	35.8439	151016
‘ajlūn	‘Ajlūn	32.3333	35.7528	125557
‘ibrī	‘Ibrī	23.2257	56.5157	163473
